code;designation;caracteristique;categorie;unite;prix
AEROX051;SV-AEROX155 PT-CHAINE SV-AEROX155???;200?/?;??;?;2500
AEROX062;SV-AEROX155 POULIE  SV-AEROX155???;6?/?;??;?;20000
BCP20104;YX-CD110-PT-PION(14T)/YX-CD110??-428-14T;200?/?;???;?;200
BDG0001;YX-CG125-AXE DE VITESS 5T /YX-CG125?????;50?/?;???????;?;800
BDG0002;YX-CG150-AXE DE VITESS/YX-CG150???;50?/?;???????;?;692
BDG0005;YX-ALOBA-LEVIER VITESSE/YX-ALOBA???;100?/?;???????;?;600
BDG0008;YX-GN125-LEVIER VITESSE/YX-GN125???+??;100?/?;???????;?;500
BDG0010;YX-AP150-LEVIER-VITESSE-1-ECROU /YX-??????-??(??65?;100?/?;???????;?;700
BDG0019;YX-CG125-AXE LEVIER VITESSE 4  /YX-CG125???4?;50?/?;???????;?;750
BDG0022;YX-X-1-BALATEUR CPL/YX-X-1?????;40?/?;?????;?;1700
BDG0023;EV-CG125-AXE DE LEVIER VITESSE 5 /EV-CG125?????;50?/?;???????;?;775
BDG0026;YX-GN125-LEVIER VITESSE 1COTE /YX-GN125???-??;200?/?;???????;?;400
BDG0029;AP150-20AXE JANT AV/AP150-20???;25?/?;??????????;?;1300
BDG0032;EV-ALOBA-LEVIER DE VITESS/EV-ALOBA???;100?/?;???????;?;650
BDG0038;YX-SY125-8 LEVIER DE VITESS /YX-SY125-8???;100?/?;???????;?;700
BDG0043;EV-CG150-LEVIE DE VITESSE(1ECO)/150???-????65;100?/?;???????;?;750
BDG0047;EV-CG150-LEVIER-VITESSE-2 -ECROU/150???-????65;100?/?;???????;?;750
BDG0048;EV-SY125-8-LEVIER DE VITESS/EV-SY125-8???;100?/?;???????;?;750
BDG0050;EV-CG200-AXE DE LEVIER VITEESSE/EV-CG200???;50?/?;???????;?;800
BDG0051;YX-LJ110-LEVIER VITESSE/LJ110???;100?/?;???????;?;600
BDG0058;YX-AP200-LEVIER VITESSE /YX-AP200???;100?/?;???????;?;1500
BDG0059;YX-CD110-LEVIER DE VITESS /YX-CD110???;100?/?;???????;?;650
BDG0060;YX-CD110-AXE DE VITESS/YX-CD110???;50?/?;???????;?;1250
BDG0061;YX-X-1-LEVIER DE VITESS/YX-X-1???;100?/?;???????;?;600
BDG0062;YX-AP150-20-LEVIER DE VITESS (NOIR)/YX-AP150-20???-??;50?/?;???????;?;800
BDG0068;YX-X-1-LEVIER VITESSE(NOIR)/???-??;100?/?;???????;?;600
BDG0069;YX-NEO125-LEVIER DE VITESS/NEO125???;100?/?;???????;?;1000
BDG0082;SV-HJ150-9-AXE DE LEVIER/SV-HJ150-9???;50?/?;???????;?;1000
BDG0083;SV-HJ150-9-LEVIER DE VITESS/ SV-HJ150-9???;30?/?;???????;?;2000
BDG0084;SV-NEO125-LEVIER VITESSE/SV-NEO125???;100?/?;???????;?;2000
BXG0001;PARACHOC-3 TRAITS ? /?????-??JHB-06;10?/?;??????;?;4000
BXG0002;PARACHOC-? /?????-????JHB-01;10?/?;??????;?;4000
BXG0003;PARACHOC-ROND  /?????-JHB-04;10?/?;??????;?;4000
BXG0010;SV HJ150-9 PORT BAGAGE/ SV-HJ150-9???;10?/?;??????;?;9000
BXG0012;ALOBA  PARACHOC ALOBA?????????;10?/?;??????;?;5000
BXG0013;"ALOBA PARACHOC H-B?	 ???H-B?";8?/?;??????;?;7000
BXG0014;"ALOBA-PARACHOC H-5	 ???H-5?";5?/?;??????;?;8500
BXG0015;"ALOBA-PARACHOC H-1?	 ???H-1?";5?/?;??????;?;14000
BXG0016;"ALOBA-PARACHOC H-2?	 ???H-2?";8?/?;??????;?;7000
BXG0017;"ALOBA PARACHOC H-3?	 ???H-3?";8?/?;??????;?;8500
BXG0018;"ALOBA PARACHOC H-???	 ???H-?????";10?/?;??????;?;10000
BZ00001;HC-CD110 ??????;1?;??;?;
BZ00002;HC-CD110 ??????;1?;??;1?/?;
BZ00003;HC-GN125 ??????;1;??;?;
BZ00004;HC- GN125 ??????;1;??;?;
BZ00005;HC- ????????;1;??;?;
BZ00006;HC- ????????;1;??;?;
BZ00857;SV-003???- 440*330*225;10?/?;????????;?;
BZ00871;YX-?????-19?;50?/?;??????;?;170
BZ00931;SV-?????;100?/?;????????;?;
BZ00947;YX-ALOBA?????;1000?/?;??;?;
BZ01027;SV-PE??8C-7*17;3000?/?;????????;?;
BZ01056;KTM-BLOC EMBALLAGE/KTM?????;1?;??;?;1363
BZ01091;?????;100?/?;????????;?;
BZ01092;?????--CTD;100?/?;????????;?;
BZ01105;SV-????-???;1500?/?;????????;?;
BZ01147;???-??;1500?/?;??;?;
CDP0001;YX-GN125-AMPOULE-BLEU/YX-GN125????????;1000?/?;??;?;220
CDP0002;EV-GN125 AMPOULE-BLEU  EV-GN125????????;1000?/?;??;?;220
CDP0003;EV-CD110 AMPOULE-BLEU  EV-CD110????(???;1000?/?;EV;?;220
CDP0004;YX-CD110-AMPOULE-BLEU/YX-CD110????(???;1000?/?;??;?;220
CDP0008;EV-GN125 AMPOULE FEU ROUGE EV-GN125???;1000?/?;??;?;40
CDP0009;AMPOULE CLIGNOTANT / ????;100?/?;??;?;30
CDP0017;YX-H4-AMPOULE/H4??;250?/?;??;?;400
CGL018;CGL-CASQUE DE PHARE(BLEU)/??-???SKYGO?;50?/?;???;?;2500
CGL019;CGL-CASQUE DE PHARE (NOIR)/CGL??-???SKYGO?;20?/?;???;?;2500
CGL020;CGL-CASQUE PHARE(ROUGE)/CGL??-???SKYGO?;50?/?;???;?;2500
CGL021;YX-CGL-PHARE/YX-CGL???SKYGO?;30?/?;??;?;3500
CGL022;YX-CGL-COMPTEUR/YX-CGL???SKYGO?;20?/?;??;?;4000
CGL023;YX-CGL-POIGNET CPLT/YX-CGL??????(SKYGO);50?/?;????;?;2400
CGL025;YX-CGL CLE-CPT YX-CGL???SKYGO?;50?/?;??;?;3000
CGL026;YX-CGL-CLE SIMPLE/YX-CGL????SKYGO?;50?/?;????;?;1400
CGL028;CGL-RESERVOIR NOIRE (SKYGO)/CGL??-??(SKYGO);1?/?;??;?;18000
CGL029;CGL-RESERVOIR ROUGE (SKYGO)/CGL??-???SKYGO?;1?/?;??;?;18000
CGL030;CGL-RESERVOIR BLEU(SKYGO)CGL??-??(SKYGO);1?/?;??;?;18000
CGL031;YX-CGL-CLIGNTANT/YX-CGL????SKYGO?;180?/?;??;?;450
CGL032;YX-CGL-MANETTE+SUPORT/YX-CGL????+???SKYGO?;100?/?;????;?;800
CGL033;CGL-SUPPORT FEU-ROUGE(NOIR)/CGL???+?-???SKYGO?;10?/?;???;?;5000
CGL034;CGL-SUPPORT FEU-ROUGE(ROUGE)/CGL???+?-???SKYGO?;10?/?;???;?;5000
CGL035;CGL-SUPPORT FEU-ROUGE(BLEU)/CGL???+?-???SKYGO?;10?/?;???;?;5000
CGL036;CGL-CAPOT DE BATTERIE(NOIR)/CGL??-???SKYGO?;20?/?;???;?;3000
CGL037;CGL-CAPOT DE BATTERIE(ROUGE)/CGL??-???SKYGO?;20?/?;???;?;3000
CGL038;CGL-CAPOT DE BATTERIE(BLEU)/CGL??-???SKYGO?;20?/?;???;?;3000
CHHS001;YX-CD110-BOUGIE/YX-CD110???-A7TC;400?/?;???;?;175
CHHS002;EV-CD110-BOUGIE/EV-CD110???-A7TC;400?/?;???;?;200
CHHS003;;400?/?;???;?;175
CHHS004;EV-CG125-BOUGIE/EV-CG125???-D8TC;400?/?;???;?;200
CHHS005;YX-NEO125-BOUGIE/YX-LC135???10???-CP7E;400?/?;???;?;225
CHHS006;EV-LC135-BOUGIE/EV-LC135???10???-CP7E;400?/?;???;?;250
CHHS007;YX-V80-BOUGIE/YX-V80???-E6TC;400?/?;???;?;225
CHHS008;EV-V80 BOUGIE EV-V80???-E6TC;400?/?;EV;?;200
CHHS011;YX-TVS160-BOUGIE/YX-TVS160???-CR8E;400?/?;???;?;225
CHHS017;BOUGIE EV-F5TC-14???????;400?/?;EV;?;200
CHHS018;YX-F5TC-BOUGIE/YX-YX-F5TC???;400?/?;???;?;200
CHHS030;YX-F7TC-BOUGIE/YX-F7TC???;400?/?;???;?;225
CHSJ007;YX-YBR125-RETROVISEUR/YX-YBR125???;50?/?;???;?;900
CHSJ009;YX-GN125-RETROVISEUR/YX-GN125???;50?/?;???;?;800
CHSJ015;YX-X-1(ZOUMA)RETROVISEUR/YX-X-1???-???;50?/?;???;?;800
CHSJ017;YX-X-1( PETIT)RETROVISEUR/YX-X-1???-?????-QX-1125;50?/?;???;?;800
CHSJ018;YX-X-1(CCDO)RETROVISEUR/YX-X-1???-???;50?/?;???;?;850
CHSJ024;YX-HJ125-8-RETROVISEUR/ HJ125-8???;50?/?;HJ125-8;?;1500
CHSJ026;YX-ALOBA-RETROVISEUR/YX-ALOBA???;40?/?;???;?;1400
CHSJ035;YX-NEO125 RETROVISEUR YX-NEO125???;50?/?;???;?;1300
CHSJ040;YX-TVS180-RETROVISEUR/YX-TVS180???;40?/?;???;?;1400
CHSJ043;YX-SY125-8-RETROVISEUR/YX-SY125-8???;40?/?;???;?;1500
CHSJ043????;YX-SY125-8-RETROVISEUR/YX-SY125-8???????;50?/?;???;?;1500
CHSJ045;YX-HJ150-22-RETROVISEUR/YX-HJ150-22???;50?/?;???;?;1800
CHSJ046;YX-DR190S-RETROVISEUR/YX-DR190S???;40?/?;???;?;2500
CHSJ047;YX-RETROVISEUR-1124/YX-???-QX-1124;50?/?;???;?;1100
CHSJ048;YX-RETROVISEUR-1210/YX-???-QX-1210/MINI;50?/?;???;?;1100
CHSJ049;YX-RETROVISEUR-1283/YX-???-QX-1283;50?/?;???;?;1100
CHSJ050;YX-RETROVISEUR-1316/YX-???-QX-1316;50?/?;???;?;1250
CHSJ051;YX-RETROVISEUR-1135/YX-???-QX-1135;50;???;?;3000
CHSJ052;YX-RETROVISEUR-1282/YX-???-QX-1282;20?/?;???;?;4000
CHSJ053;YX-RETROVISEUR-1177/YX-???-QX-1177;50?/?;???;?;3000
CHSJ054;YX-RETROVISEUR-1287/YX-???-QX-1287;50?/?;???;?;1300
CHSJ056;YX-RETROVISEUR-1222/YX-???-QX-1222;50?/?;???;?;3500
CHSJ057;YX-RETROVISEUR(1222-3)YX-???-QX-1222-3;20?/?;???;?;4500
CHSJ058;YX-???(1195-3)YX-???-QX-1195-3;50?/?;???;?;3500
CJYB006;YX-AP200-POMPE A HUILE(37T)/YX-AP200???-37?;100?/?;???????????????????;?;1100
CJYB008;YX-CG125-POMPE A HUILE(A PION)YX-CG125???;100?/?;???????????????????;?;1250
CJYB009;EV-CG125-POMPE-A-L'HUIL(PION)EV-CG125??????????;100?/?;???????????????????;?;1100
CJYB017;YX-GN125-POIGNET TOURNANT/YX-GN125???;500?/?;???????????????????;?;150
CJYB019;EV-CG125 POIGNET-TOURNANT  EV-CG125???;500?/?;EV;?;150
CJYB020;YX-GN125-ROBINET ESSENCE/YX-GN125???;50?/?;???????????????????;?;750
CJYB020????;YX-GN125-ROBINET /YX-GN125???;100?/?;???????????????????;?;750
CJYB025;YX-CG125-POMPE A HUILE (PETIT)/ YX-CG125???;100?/?;???????????????????;?;550
CJYB026;YX-CG150-POMPE A HUILE (PETIT) / YX-CG150???;100?/?;???????????????????;?;550
CJYB033;EV-CG125 ROBINET ESSENCE/EV-CG125???;100?/?;???????????????????;?;600
CJYB062;YX-AP150-20POMPE-A-L'HUIL(39T) /YX-AP150-20???-39?;100?/?;???????????????????;?;950
CJYB075;SV HJ150-9 POMPE-A-L'HUIL/SV-HJ150-9???;100?/?;???????????????????;?;1000
CJYB076;SV HJ150-9 POMPE-A-L'HUIL/SV-HJ150-9???;100?/?;???????????????????;?;1500
CJYB077;YX-NEO125-ROBINET ESSENCE/YX-NEO125???;50?/?;???????????????????;?;750
CJYB080;SV-TVS180-FILTRE A HUILE/SV-TVS180???;500?/?;???????????????????;?;400
CJYB086;YX-AP150-20ROBINET/YX-AP150-20???;100?/?;??????????;?;600
CLA0001;YX-GN125-SONNERIE PETIT  /YX-GN125???;100?/?;??;?;400
CLA0002;EV-GN125-KLAXON 12V /EV-GN125???;100?/?;??;?;400
CLA0003;YX-GN125-SONNERIE GRAND/YX-GN125???--????;100?/?;??;?;550
CLA0007;YX-ALOBA-SONNERIE/YX-ALOBA??;50?/?;??;?;600
CLA0008;EV-ALOBA KLAXON 12V EV-ALOBA??-???-89MM;50?/?;EV;?;
CLA0010;YX-SONNERIE EN BRUIT/YX-??????-??;50?/?;??;?;2250
CQDZ001;YX-CG150-AXE DE VITESS CMPLET/YX-CG150?????;10?/?;????????????;?;4000
CQDZ010;GN125-TIGE DE FREIN/GN125????;250?/?;????????????;?;175
CQDZ012;YX-CG125-AXE DE PEDAL COMPLET/YX-CG125?????;50?/?;????????????;?;1250
CQDZ014;YX-CD110-AXE DE PEDAL SIMPLE/YX-CD110???-?;100?/?;????????????;?;800
CQDZ018;YX-AP200-AXE DE VITESS CMPLET/YX-AP200?????;10?/?;????????????;?;6000
CQDZ020;CD110-TIGE DE  FREIN/ CD110????;250?/?;????????????;?;150
CQDZ027;EV-CG150-AXE-DE-PEDAL-CPT / EV-CG150?????-173mm;25?/?;????????????;?;1250
CQDZ028;EV-CG125-AXE-DE-PEDAL--CPT  /EV-CG125?????;50?/?;????????????;?;1250
CQDZ035;YX-CG125-AXE DE VITESS CMPLET/YX-CG125?????;10?/?;????????????;?;3800
CQDZ042;YX-CG125-AXE DE PETIT PION/YX-CG125??-147mm;100?/?;????????????;?;800
CQDZ043;YX-CG150-AXE DE PETIT PION/YX-CG150??-157mm;100?/?;????????????;?;800
CQDZ046;YX-CG125-AXE DE PEDA SIMPLE/YX CG125 ???-?;100?/?;????????????;?;1000
CQDZ052;EV-CG150-AXE DE PEDAL SIMPLE/EV-CG150???-?;100?/?;????????????;?;800
CQDZ054;EV-CD110-AXE DE PEDAL/EV-CD110???-?;100?/?;????????????;?;800
CQDZ058;EV-CG125-AXE  DE PIT PION/EV-CG125-??;100?/?;???????;?;900
CQDZ059;EV-CG150-AXE DE PETIT PION/EV-CG150??;100?/?;????????????;?;800
CQDZ060;YX-KTM-AXE DE VITESS CMPLET/KTM???;10?/?;????????????;?;3800
CQDZ065;EV-CG250-AXE DE PETIT PION/EV-CG250??;100?/?;????????????;?;1000
CQDZ071;SV HJ150-9-AXE DE PEDAL CPT/SV-HJ150-9?????;20?/?;????????????;?;2500
CQDZ074;YX-AP200AXE-PT-PION/YX-AP200??;100?/?;??????????;?;850
CTH0001;YX-GN125-RESSORT PT CAL /YX-GN125?????-??;1000?/?;????????;?;40
CTH0002;YX-GN125-RESSORT GR CAL /YX-GN125?????-??;1000?/?;????????;?;60
CTH0003;YX-CG125-RESSORT FREIN/YX-CG125??????-???;500?/?;????????;?;40
CTH0006;YX-CD110-ECROU GRAND PION/YX-CD110????;200?/?;????????;?;150
CTH0008;YX-CG125-ECROU GRAND PION/YX-CG125????;200?/?;????????;?;150
CTH0009;YX-GN125-ECROU GRAND PION/YX-GN125????;200?/?;????????;?;150
CTH0010;EV-GN125 ECROU-GD-PION  EV-GN125????;200?/?;EV;?;150
CTH0017;YX-GN125-GRAND CAL/YX-GN125???;10?/?;????????;?;1400
CTH0019;YX-GN125-PETIT CAL/YX-GN125???;100?/?;????????;?;750
CTH0024;EV-GN125-RESSORT CPT/EV-GN125????;200?/?;????????;?;200
CTH0042;YX-X-1-CHASSIA /X-1???;8?/?;??????;?;4500
CTH0048;GN125-AXE DE CENTRAL/GN125??;100?/?;????????;?;250
CTH057;GN125-CHASSIA/ GN125???;10?/?;??????;?;4500
CTH070;YX-GN125-TIRE CHAINE/GN125?????;100?/?;????????;?;350
CTH076;YX-GN125-REGLAGE DE FREIN/GN125????;100?/?;????????;?;350
CTH079;GN125-AXE ARR/GN125???;100?/?;????????;?;350
CTH083;YX-X-1-BOULE DE POIGNET/YX-X-1???-??;50?/?;????????;?;900
CTH084;GN125-AXE AV/GN125???;100?/?;????????;?;250
CTH103;YX-GN125-RESSORT DE FREIN/YX-GN125??????;1000?/?;????????;?;7000
CTH105;YX-CG125-ESSORT PETIT CAL/YX-CG125?????;500?/?;????????;?;50
CTH109;YX-X-1-AXE JANTE AR/YX-X-1???;100?/?;???;?;300
CTH110;X-1-AXE JANTE AV/X-1???;100?/?;???;?;
CTH112;YX-ALOBA-BOULE DE POIGNET/ALOBA???;50?/?;????????;?;1000
CTH114;GN125-CHASSIS/GN125???;10?/?;????????;?;3750
CTH115;ALOBA-CHASSIS/ALOBA???;10?/?;????????;?;3750
CTH117;X-1-CHASSIS/X-1???;10?/?;????????;?;3750
CTH120;KTM110???-chassis/KTM110???-?????;10?/?;????????;?;
CTH121;ALOBA-SERE BLOCK/YX-ALOBA????(14??;200?/?;??;?;
CTH122;GN125-SERE BLOCK/YX-GN125????(12??;200?/?;??;?;
CYLH001;YX-CD110-BILLE DEMARREUR /YX-CD110???-LJ110;500?/?;?????;?;250
CYLH002;YX-CG125-BILLE DEMARREUR /YX-CG125???;500?/?;?????;?;250
CYLH022;EV-CG125 BILLE-DEMARREUR EV-CG125???;500?/?;EV;?;250
CYLH030;YX-AP200-BENNE DISQUE CPT / YX-AP200???????+??;30?/?;?????;?;3000
CYLH032;YX-AP200-BENNE DISQUE SIMPLE / YX-AP200???????+??;50?/?;?????;?;1800
CYLH033;BENNE-DISQUE-CPT EV-CG125???????+??;30?/?;EV;?;2250
CYLH034;YX-CG125-BENNE DISQUE CPT /YX-CG125???????+??;40?/?;?????;?;2250
CYLH035;BENNE DISQUE EV-CG125???????+??;50?/?;EV;?;1000
CYLH036;YX-CG125-BENNE DISQUE SIMPLE /YX-CG125???????+??;50?/?;?????;?;1000
CYLH038;YX-CD110-BENNE DISQUE CPT /YX-CD110???????+??;40?/?;?????;?;
CYLH038????;YX-CD110-BENNE DISQUE CPT /YX-CD110???????+??;30?/?;?????;?;1800
CYLH040;YX-CD110-BENNE DISQUE SIMPLE  /YX-CD110???????+??;50?/?;?????;?;900
CYLH051;YX-AP200-BENNE DISQUE+VOLAN/AP200???????+??;30?/?;?????;?;6500
CYLH052;SV-HJ150-9-PION DE BENN DISQUE/SV-HJ150-9???????;50?/?;???;?;6000
CYLH053;SV-HJ150-9-VOLAN+BENNE DISQUE/SV-HJ150-9??+??;30?/?;??;?;6000
CYLH057;HC-CG125 BENNE DISQUE SIMPLE/HC-CG125???????+??;50?/?;?????;?;800
CYLH058;HC-CG125 BENNE DISQUE CPT/  HC-CG125???????+??;30?/?;?????;?;2000
CZC0001;YX-ROULEMENT30204 /YX-30204??;200?/?;??;?;550
CZC0002;YX-ROULEMENT 30205 /YX-30205??;200?/?;??;?;550
CZC0003;YX-ROULEMENT 30206 /YX-30206??;150?/?;??;?;650
CZC0004;YX-ROULEMENT32909 /YX-32909??;150?/?;??;?;750
CZC0009;YX-ROULEMENT6007 /YX-6007??;150?/?;??;?;600
CZC0010;YX-ROULEMENT6008 /YX-6008??;100?/?;??;?;600
CZC0011;YX-ROULEMENT6009 /YX-6009??;100?/?;??;?;750
CZC0012;YX-ROULEMENT6202 /YX-6202??;300?/?;??;?;190
CZC0013;YX-ROULEMENT6203 /YX-6203??;300?/?;??;?;215
CZC0014;YX-ROULEMENT6204 /YX-6204??;200?/?;??;?;280
CZC0015;YX-ROULEMENT6205 /YX-6205??;200?/?;??;?;390
CZC0016;YX-ROULEMENT6206 /YX-6206??;150?/?;??;?;500
CZC0021;YX-ROULEMENT6302 /YX-6302??;300?/?;??;?;220
CZC0023;YX-ROULEMENT6304 /YX-6304??;200?/?;??;?;400
CZC0028;EV-ROULEMENT6202 /EV-6202??;300?/?;??;?;200
CZC0032;EV-ROULEMENT6302 /EV-6302??;300?/?;??;?;230
CZC0033;EV-ROULEMENT6204/EV-6204??;200?/?;??;?;300
CZC0036;EV-ROULEMENT6205 EV-6205??;200?/?;??;?;390
CZC0037;EV-ROULEMENT6008/EV-6008??;100?/?;??;?;700
CZC0040;EV-ROULEMENT 6009  EV-6009??;100?/?;EV;?;750
CZC0041;EV-ROULEMENT6304 EV-6304??;200?/?;EV;?;400
CZC0043;YX-ROULEMENT6301 /YX-6301??;300?/?;??;?;190
CZC0044;YX-ROULEMENT6300 /YX-6300??;300?/?;??;?;190
CZC0045;YX-ROULEMENT6004 /YX-6004??;300?/?;??;?;215
CZC0046;EV-ROULEMENT6004 EV-6004??;300?/?;??;?;2230
CZC0047;EV-ROULEMENT6300 EV-6300??;300?/?;??;?;190
CZC0048;EV-ROULEMENT6301 EV-6301??;300?/?;??;?;205
CZC0062;YX-CD110-BILLE DIRECTION / YX-CD110????X-1/KTM;100?/?;??;?;750
CZC0063;YX-ALOBA-BILLE DIRECTION /YX-ALOBA????;100?/?;??;?;750
CZC0069;  -ROULEMENT6301/M-6301??;300?/?;??;?;
CZC0075;SV-ROULEMENT6205 SV-??6205;200?/?;??;?;750
DC00001;YX-HJ110-3-BATTERIE-BLINDE/YX-YT4L-BS???-?;10?/?;??;?;3700
DC00003;YX-CD110-BATTERIE-BLINDE NOIR /YX-12N5A-BS???-?;10?/?;??;?;4600
DC00005;YX-GN125-BATTERIE-BLINDE NOIR /YX-12N9A-BS???-?;8?/?;??;?;5600
DC00007;YX-CD110-BATTERIE-ACIDE /YX-12N5A-3B???;6?/?;??;?;4600
DC00008;EV-12N5A-3BBATTERIE-ACIDE /EV-12N5A-3B???;6?/?;??;?;4500
DC00009;YX-GN125-BATTERIE-ACIDE /YX-12N9A-4B???;6?/?;??;?;5600
DC00010;EV-GN125-BATTERIE-ACIDE 12N9A-4B/EV-12N9A-4B???;6?/?;??;?;5650
DC00011;YX-AP200-BATTERIE-ACIDE /YX-12V28A???;2?/?;??;?;11000
DC00012;EV-CG125-BATTERIE-BLANDE /EV-12N6.5A???;10?/?;??;?;5400
DC00012(???;EV-CG125-BATTERIE-BLANDE /EV-12N6.5A???????;6?/?;??;?;5400
DC00014;EV BATTERIE SKYGO BLINDE NOIR 12N7 /EV-12N7-4A???;8?/?;??;?;5750
DC00023;YX-CG125-BATTERIE-ACIDE /YX-12N6.5-3B???;6?/?;??;?;5250
DC00030;EV BATTERIE SKYGO  ACIDE 12N7 /EV-12N7???;6?/?;??;?;5500
DC00031;YX-CGL-BATTERIE-ACIDE /YX-12N7???;6?/?;??;?;5500
DC00032;YX-CGL-BATTERIE BLINDE /YX-12N7-4A???;8?/?;??;?;5500
DC00034;YX-CG125-BATTERIE BLINDE /YX-12N6.5A???;10?/?;??;?;5000
DC00046;YX-HJ110-3-BATTERIE BLANDE NOV /YX-KTX4L-BS????????;10?/?;??;?;5000
DC00047;YX-CD110-BATTERIE BLANDE NOV/YX-KM5Z-3B????????;10?/?;??;?;5000
DC00048;YX-CG125-BATTERIE BLANDE NOV/YX-KTX6.5L-BS????????;8?/?;??;?;5500
DC00049;YX-GN125-BATTERIE BLANDE NOV /YX-12N9-BS????????;6?/?;??;?;6000
DC00063;SV-HJ110-3-BATTERIE/ SV-YT4L-BS???-?;10?/?;??;?;6000
DC00064;SV-CD110-BATTERIE-BLINDE-NOIR SV-12N5A-BS???-?;10?/?;??;?;7000
DC00065;SV-GN125-BATTERIE-BLINDE-NOV SV-12N9A-BS???-?;8?/?;??;?;8500
DC00070;YX-HJ150-22-BATTERIE /YX-YTX7L-BS????????;10?/?;??;?;7000
DC00082;YX-AP200-BATTERIE-BLINDE-NOIR/YX-12V28A???;2?/?;??;?;11000
DC00084;SV-YTX9-BATTERIE-BLINDE-NOVO????????;6?/?;??;?;8000
DC00085;HC-CD110-BATTERIE-ACIDE  /HC-12N5A-3B???;6?/?;??;?;4250
DC00086;HC-GN125-BATTERIE ACIDE /HC-12N9A-4B???;6?/?;??;?;5250
DC00087;HC-HJ110-3-BATTERIE-BLINDE/HC-YT4L-BS???-?;10?/?;??;?;3500
DC00088;HC-CD10-BATTERIE BLINDE /HC-12N5A-BS???-?;10?/?;??;?;4300
DC00089;HC-GN125-BATTERIE BLINDE/HC-12N9A-BS???-?;8?/?;??;?;5300
DC00091;YX-12V100AH BATTERIE-BLINDE-NOIR/12V100AH???????;1?/?;??;?;51000
DC00092;AL-HJ110-3-BATTERIE-BLINDE/AL-MF-YT4L-BS???;10?/?;??;?;7000
DC00093;AL-CD110-BATTERIE-BLINDE/AL-MF-12N5L-BS???;8?/?;??;?;6500
DC00094;AL-HJ150-22-BATTERIE-BLINDE/AL-MF-YTX7L-BS???;6?/?;??;?;9000
DC00096;AL-GN125-BATTERIE-BLINDE/AL-MF-12N9-BS???;6?/?;??;?;9000
DC00097;AL-GN125-BATTERIE-BLINDE PETIT/AL-MF-12N7BL-BS???;6?/?;??;?;9000
DC00098;AL-CD110-BATTERIE-ACIDE/AL-12N5-3B???;8?/?;??;?;6000
DC00099;AL-GN125-BATTERIE-ACIDE-PETIT/ AL-12N7-4B???;6?/?;??;?;7500
DC00101;AL-MF-12N7-BS BATTERIE-BLINDE AL-MF-12N7-BS???;6?/?;??;?;7500
DC00103;"HC-12N6.5A BATTERIE-BLINDE 	 HC-12N6.5A???";10?/?;??;?;4800
DC00104;SV-HJ150-22-BATTERIE BLINDE/SV-MF-YTX7L-BS???;6?/?;??;?;8000
DJ00003;EV-GN125-PHARE/EV-GN125??;20?/?;??;?;2080
DJ00004;YX-GN125-PHARE /YX-GN125??;20?/?;??;?;2500
DJ00007;AP200-PHARE/ AP200??;20?/?;??;?;4500
DJ00012;YX-ALOBA-FEU ROUGE /YX-ALOBA??;50?/?;??;?;1250
DJ00014;YX-SANYA125-8-FEU ROUGE /YX-SY125-8??;30?/?;??;?;2400
DJ00027;AP200-CASQUE PHARE/AP200???;20?/?;??;?;4500
DJ00030;X-1-VERRE PHARE-X-1????-??;40?/?;??;?;1000
DJ00031;GN125-VERRE PHARE/GN125????;100?/?;??;?;250
DJ00041;YX-YOROBO-PHARE /YX-YOROBO??;20?/?;??;?;4500
DJ00048;YX-AP125-FEU-ROUGE /YX-??????;30?/?;??;?;2500
DJ00049;EV-SY125-8FEU ROUGE  EV-??????;30?/?;EV;?;2400
DJ00051;EV-CG125-PHARE LED(6 AMPLOU) /EV-CG125LED??????;30?/?;??;?;3000
DJ00052;YX-GN125-PHARE LED(6 AMPLOU)/YX-GN125LED????-6?;20?/?;??;?;3000
DJ00055;GN125-PORT PHARE /GN125???-?????;1000?/?;??;?;
DJ00057;YX-CG125-PHARE LED 6  /YX-CG125LED??????;20?/?;??;?;
DJ00090;X-1 VERRE-PHARE ?? X-1????-??;40?/?;??;?;1000
DJ0063;EV-ALOBA AP125-30-PHARE-LED/EV-ALOBA??-LED;20?/?;??;?;3000
DJ0064;X-1-PHARTE/X-1??;20?/?;??;?;4500
DJ0075;YX-SANYA-8-PHARE /YX-??????;20?/?;??;?;3000
DJ0081;X-1-PHARE NOV/ X-1??-??;20?/?;??;?;4000
DJ0088;YX-YBR125-PHARE /YBR125??;20?/?;YBR??;?;2500
DJ0092;YX-SY125-8CLIGNOTANT(PREMIERE)YX-SY125-8???-1?;180?/?;??;?;375
DJ0094;YX-ALOBA-CLIGNOTANT(BLANC)/YX-ALOBA???-??;180?/?;??;?;375
DJ0096;YX-ALOBA-CLIGNOTANT(LED)/YX-ALOBA???-LED;240?/?;??;?;375
DJ0122;CG125-FEU ROUGE/CG125??;30?/?;??;?;2000
DJ0126;EV-ALOBA-CLIGNTANT-(JAUNE)  /EV-ALOBA???-??;180?/?;EV;?;350
DJ0127;YX-GN125-FEU ROUGE/YX-GN125??;20?/?;??;?;2250
DJ0132;YX-CG125-CLIGNOTANT/YX-CG125???;180?/?;??;?;375
DJ0140;YX-ALOBA-CLIGNOTANT(JAUNE)/YX-ALOBA???-??;180?/?;??;?;375
DJ0151;AP200-FEU ROUGE /AP200??;60?/?;??;?;2500
DJ0152;YX-CG125-PHARE /CG125??;30?/?;??;?;2300
DJ0154;YX-AP175-PHARE /AP175??;20?/?;??;?;4500
DJ0156;YX-CG125-CLIGNOTANT LED/CG125???LED-?;120?/?;??;?;600
DJ0157;YX-AP150-20-PHARE/ AP150-20??-???;20?/?;??;?;2800
DJ0157????;YX-AP150-20-PHARE/ AP150-20??-???????;30?/?;??;?;3500
DJ0164;EV-SANSY125-PHARE /EV-??????;20?/?;??;?;2400
DJ0165;AP150-20-FEU-ROUGE/ AP150-20??;20?/?;??;?;2900
DJ0167;YX-AP150-20 CLIGNTANT / YX-AP150-20???;180?/?;??;?;500
DJ0168;YX-01-CLIGNOTANT ???ZXD-01 ??;250?/?;??;?;500
DJ0169;YX-02-CLIGNOTANT ???ZXD-02 ??+7???;250?/?;??;?;500
DJ0171;YX-04-CLIGNOTANT -???ZXD-04 ????;200?/?;??;?;650
DJ0172;YX-05-CLIGNOTANT -???ZXD-05 ???+??;100?/?;??;?;1000
DJ0173;YX-08-ANTI-BROUILLARD /YX-???BYL-RL/DC12V 1W??+??;50?/?;??;?;1100
DJ0174;YX-09-ANTI-BROUILLARD  /YX-???BYL-RL-06/DC12V 1W??+??;50?/?;??;?;1000
DJ0176;YX-11-ANTI-BROUILLARD ???XYS-06-TJ;100?/?;??;?;500
DJ0177;YX-12-ANTI-BROUILLARD ???FZ-FHL-10CM;250?/?;??;?;500
DJ0178;YX-13-ANTI-BROUILLARD ???FZ-FHL-NEW-10CM;250?/?;??;?;550
DJ0179;YX-14-ANTI-BROUILLARD ???FZ-GTH-10CM;250?/?;??;?;550
DJ0180;YX-15-AMPOULE ?????SXG-YX;50?/?;??;?;4500
DJ0181;YX-16-ANTI-BROUILLARD /YX-???KMM-SL-5D/??3W;50?/?;??;?;1500
DJ0183;YX-06-ANTI-BROUILLARD /YX-???BYL-RL/DC12V 0.5W??;100?/?;??;?;880
DJ0184;YX-07-ANTI-BROUILLARD /YX-???BYL-RL-06/DC12V 0.5W??;100?/?;??;?;800
DJ0188;YX-NEO125 PHARE/ YX-NEO125??;20?/?;??;?;7000
DJ0189;TVS180-PHARE CPT  BLAN-TVS180??+???-??;10?/?;??;?;
DJ0190;TVS180-PHARE CPT  ROUGE-TVS180??+???-??;10?/?;??;?;
DJ0191;GN-PHARE/M-GN125??;20?/?;??;?;
DJ0207;TVS180-PHARE COMPLET-NOIR /TVS180????-??;4?/?;??;?;15000
DJ0208;TVS180-PHARE CAMPLET-BLAN /TVS180???????+????-??;4?/?;??;?;15000
DJ0209;TVS180-PHARE COMPLET-ROUGE /TVS180???????+????-??;4?/?;??;?;15000
DJ0210;TVS180-CASQUE PHARE /TVS180??????-??;25?/?;??;?;4500
DJ0215;HJ110-3-VERRE PHARE / HJ110-3????;50?/?;??;?;1500
DJ0217;YX-ALOBA VERRE DE CLIGNOTANT-ORANGE /YX-ALOBA????-?;900?/?;??;?;450
DJ0221;DF150-PHARE COMPLET (NOIRE)/DF150????????;5?/?;??;?;22500
DJ0222;DF150 VERRE PHARE DF150????;50?/?;??;?;2500
DJ0225;YX-X-1 FEU-ROUGE/ YX-X-1??-???LED);30?/?;??;?;2050
DJ0227;YX-ALOBA-CLIGNOTANT-ROUGE(PREMIERE)ALOBA???-??-1?;180?/?;??;?;
DJ0231;"DR190 PHARE+CASQUE-NOIRE 	 DR190???????+???-??";5?/?;??;?;75000
DJ0232;"DR190 PHARE+CASQUE-BLEU 	 DR190???????+???-??";5?/?;??;?;75000
DJ0233;"DR190 PHARE+CASQUE-ROUGE 	 DR190???????+???-??";5?/?;??;?;75000
DJ0234;"DR190 PHARE+CASQUE-BLANC 	 DR190???????+???-??";5?/?;??;?;75000
DJ0235;"DR190 VERRE-PHARE 	 DR190????";50?/?;??;?;7000
DJ0236;CG125-PHARE LED/CG125LED??????;50?/?;??;?;653
DJ0237;YX-ZXD-19???-?????????;100?/?;??;?;
DJ0238;HJ125-8-PHARE/M-??????;20?/?;??;?;
DJ0240;ALOBA-CLIGNOTANT((DEUXIEME))ALOBA???-2?;100?/?;??;?;350
DJ0241;SY125-8CLIGNOTANT(DEUXIEME)/SY125-8???-2?;100?/?;??;?;350
DJ0244;CG125 CLIGNOTANI  CG125???;100?/?;??;?;350
DL00003;EV-X-1-INSTALLATION EV-X-1???-???;50?/?;???;?;2500
DL00004;YX-GN125-INSTALLATION(AP)/YX-GN125???-AP;50?/?;???;?;2500
DL00005;YX-GN125-INSTALLATION YX-GN125???-SANLI;50?/?;???;?;2250
DL00006;YX-X-1-INSTALLATION/ YX-X-1???-???;50?/?;???;?;2400
DL00007;EV-ALOBA-INSTALLATION/EV-ALOBA???;50? /?;???;?;2750
DL00008;YX-ALOBA-INSTALLATION /YX-ALOBA???;50?/?;???;?;2500
DL00012;YX-SY125-8-INSTALLATION/YX-SY125-8???;50?/?;???;?;2500
DL00016;YX-HJ125-8-INSTALLATION  /YX-HJ125-8???;50?/?;HJ125-8;?;2500
DNP0003;AP125-BAVETTE DURE /?????-AP;100?/?;???;?;500
DNP0007;SY125-BAVETTE DURE /SY?????;100?/?;???;?;500
DQ00001;YX-BOIT-CLIGNOTANT-SOUN /YX-?????;500?/?;???;?;250
DQ00003;YX-BOIT-CLIGNOTANT-NO-SOUN /YX-??????;500?/?;???;?;190
DQ00005;YX-CD110-CDI /YX-CD110???-5?;100?/?;???;?;450
DQ00007;YX-CG125-CDI /YX-CG125???;100?/?;???;?;450
DQ00008;EV-CG125-CDI EV-CG125???;100?/?;???;?;450
DQ00017;YX-CG125-CHARGEUR-SL/ YX-CG125?????-SL;100?/?;???;?;900
DQ00019;YX-CG125-CHARGEUR-AP/ YX-CG125?????-AP;100?/?;???;?;900
DQ00020;EV-CG125 CHARGEUR-AP  EV-CG125?????-AP;100?/?;EV;?;900
DQ00034;YX-AP200-CDI /YX-AP200???;100?/?;???;?;1800
DQ00035;YX-AP200-CHARGEUR /YX-AP200???;100?/?;???;?;2000
DQ00036;YX-CG125-H T BOBINE /YX-CG125???;100?/?;???;?;700
DQ0045;X-1-CHARGEAR 5FIL/YX-X-1???-??;100?/?;???;?;
DQ0052;YX-CG125-CONTACTEUR/ YX-CG125???-??;100?/?;???;?;750
DQ0060;YX-CG125-UENUMERIQ /YX-CG125????;200?/?;???;?;450
DQ0062;YX-AP150-20-CHARGEUR /YX-AP150-20???;100?/?;???;?;1750
DQ0070;YX-TVS180-CHARGEUR /YX-TVS180???;100?/?;???;?;1500
DQ0071;YX-TVS180-CDI / TVS180???;100?/?;???;?;3500
DQ0072;YX-KTM110-TELE COMMMMANDE/ KTM110???;50?/?;??;?;3500
DQ0073;YX-ALOBA-TELE COMMANDE /ALOBA???;50?/?;??;?;3500
DQ0076;YX-NEO125 CDI YX-NEO125???;100?/?;???;?;3000
DQ0077;YX-NEO125 CHARGEUR YX-NEO125???;100?/?;???;?;1500
DQ0082;SV HJ150-9 CDI /SV-HJ150-9???;50?/?;???;?;6000
DQ0083;SV HJ150-22 CDI /SV-HJ150-22???;50?/?;???;?;6000
DQ0090;CG125-CHARGEUR-AP/M-CG125?????-AP;100?/?;???;?;
DQ0095;SV-DR190 CDI  SV-DR190???;100?/?;???;?;30000
DXC0001;YX-CD110-PT-PION/ YX-CD110??428-14T-2????;200?/?;???;?;250
DXC0003;YX-GN125-PETIT PION/YX-GN125??428-15t;200?/?;????????;?;250
DXC0015;YX-X-1 PT-PION/ YX-X-1??428-14t-2???????-KTM;200?/?;???;?;250
DXC0101;EV-CGL-DEMI-TRAMSMISSION EV-CGL?????-41T;25?/?;???;?;1250
DXC0106;DEMI-TRAMSMISSION-POMPE EV-GN125?????-?;25?/?;EV;?;1250
DXC0107;YX-GN125-DEMI-TRAMSMISSION-POMPE YX-GN125?????-?;25?/?;???;?;1250
DXC0112;DEMI-TRAMSMISSION EV-X-1?????;25?/?;EV;?;1150
DXC0113;YX-X-1-DEMI-TRAMSMISSION YX-X-1?????;25?/?;???;?;1300
DXC0116;EV-GN125-DEMI-TRAMSMISSION-PLAT EV-GN125?????-?;25?/?;???;?;1176
DXC0117;YX-GN125-DEMI-TRAMSMISSION YX-GN125?????-?;25?/?;???;?;
DXC0165;YX-CGL-DEMI-TRAMSMISSION YX-CGL?????;25?/?;???;?;1250
DXC0210;YX-GN125-PETIT PION+ECO/YX-GN125??428-15T-2????+????;200?/?;????????;?;275
DXC0211;YX-HLX125 DEMI-TRAMSMISSION/YX-HLX125?????;25?/?;??;?;2000
EN016;EV-EN125 CLE-SIMPLE  EV-EN125???;50?/?;??;?;1500
EXT003;SV-EXT150 PIT CHAINE-96L /SV EXT150 ???-2*3-96L;200?/?;???;?;1500
FDJ0002;KTM-BLOCK-MOTEUR /KTM???;1?/?;???;?;90000
FDJ0003;YX-CG125-BLOCK-MOTEUR /YX-CG125???;1?/?;???;?;110000
FDJ0004;YX-CG150-BLOCK-MOTEUR /YX-CG150???;1?/?;???;?;125000
FDJ0005;YX-ALOBA-BLOCK-MOTEUR /YX-ALOBA???;1?/?;???;?;115000
FDJ0009;YX-CG200-BLOCK-MOTEUR /YX-CG200???;1?/?;???;?;137500
FDJ0011;ALOBA-CARTER DE BLOC COMPLET/ALOBA????-???;4?/?;???;?;19000
FDJ0015;YX-AP200-BLOCK-MOTEUR EUO/YX-AP200???-??+???;1?/?;???;?;160000
FDJ0024;YX-AP175-BLOCK-MOTEUR /YX-LX175???+???;1?/?;???;?;135000
FDJ0032;YX-CG150-CARTER DE BLOC COMPLET/CG150????+??;4?/?;???;?;21000
FDJ0036;SY125-BLOCK-MOTEUR /SY125???-???+???;1?/?;???;?;135000
FDJ0037;SY125-8-CARTER COTE EMBRAYAGE /SY125??????-?????;20?/?;???;?;6000
FDJ0038;SY125-8-CARTER COTE BOBINE/ SY125??????-????;24?/?;???;?;5000
FDJ0044;YX-CG125-CARTER DE BLOC COMPLET/CG125????+??;4?/?;???;?;19000
FDJ0056;KTM-CARTER DE BLOC COMPLET/KTM???????;12?/?;???;?;17000
FDJ0062;ALOBA-CARTER DE BLOC COMPLET/ ALOBA????-???;4?/?;???;?;19000
FDJ0065;YX-AP150-20A-BLOCK-MOTEUR/AP150-20A???+???;1?/?;???;?;145000
FDJ0066;YX-AP150-20-BLOCK-MOTEUR/YX-AP150-20???+???;1?;???;1?/?;130000
FDJ0069;YX-HJ125-8 BLOCK-MOTEUR/ YX-HJ125-8???+???;1?/?;???;?;132500
FDJ0076;KTM CARTER VILBREQUIN+ROULEMENT /KTM???????+4??;8?/?;??;?;17000
FDJ0077;CG150 CARTER COMPLET /CG150????+??;4?/?;??;?;17000
FDJ0078;ALOBA-CARTER DE BLOC COMPLET/ALOBA????+??;4?/?;???;?;19000
FDJ0079;CG125 CARTER COMPLET/CG125????+??;4?/?;??;?;17000
FDJ0241;HJ150-22-CAPOT BLOCK (NOIRE)/HJ150-22?????????;50?/?;???;?;5500
FGJ0003;ALOBA-CASQUE-PHARE-NOIRE / ALOBA??-?;50?/?;???;?;750
FGJ0006;ALOBA-SUPPORT FEU ROUGE COMPLET (NOIRE)/ALOBA???+?-?;20?/?;???;?;2750
FGJ0007;ALOBA-SUPPORT FEU-ROUGE COMPLET (ROUGE)/ALOBA???+?-?;20?/?;???;?;2750
FGJ0008;GN125-CAPOT BATTERIE (NOIR)/YX-GN125??-?;30?/?;???;?;1600
FGJ0009;GN125-CAPOT BATTERIE (ROUGE)YX-GN125??-?;30?/?;???;?;1600
FGJ0013;ALOBA-CAPOT BATTERIE (ROUGE)/ALOBA??-?;30?/?;???;?;1600
FGJ0014;ALOBA-CAPOT-BATTERIE(NOIRE)/ALOBA??-?;30?/?;???;?;1600
FGJ0016;CG125-CAPOT BATTERIE (NOIR)CG125??-?;30?/?;???;?;1600
FGJ0017;CG125 CAPOT-ROUGE  CG125??-?;30?/?;???;?;1750
FGJ0017-1;SY125-10-CAPOT BATTERIE-(ROUGE)/SY125-10?? ?;30?/?;???;?;1600
FGJ0022;ALOBA-PORT-BAGAGE-NOIRE/ALOBA???--??;10?/?;??????;?;4000
FGJ0023;ALOBA-PORT-BAGAGE-BLANC / ALOBA???-??;10?/?;??????;?;4000
FGJ0024;ALOBA-PORT-BAGAGE-NOIRE-PLASTIQUE-ALOBA???-????;10?/?;??????;?;4250
FGJ0026;GN125-GARDE BOUT ARR/GN125???;50?/?;???;?;2250
FGJ0030;GN125-GARDE BOUT AV/GN125???;50?/?;???;?;2200
FGJ0030????;GN125-GARDE BOUT AV/GN125???????;20?/?;???;?;2200
FGJ0031;X-1-GARDE BOUE AV/X-1???;20?/?;???;?;2250
FGJ0037;SY125-10CG PORT BAGAGE /SY125-10???;12?/?;??????;?;3800
FGJ0038;SY125-8-PORT BAGAGE /SY125-8???;18?/?;??????;?;4000
FGJ0046;ALOBA-CASQUE-ROUGE/ALOBA??-??;50?/?;???;?;750
FGJ0057;CG125-PORT BAGAGE CG125??????;12?/?;??????;?;4000
FGJ0064;X-1-CAPOT BLOCK NOVO/X-1?????-??;40?/?;???;?;2000
FGJ0076;CG125-CAPOT BATTERIE(BLUE)/CG125??-??;30?/?;???;?;1600
FGJ0082;SY125-8-CAPOT BATTERIE (ROUGE)/SY125-8??-??;30?/?;???;?;1600
FGJ0083;SY-125-8-CAPOT BATTERIE(NOIR)/SY125-8??-?;30?/?;???;?;1600
FGJ0092;X-1-GARDE BOUE AV NOVO/X-1???-??;30?/?;???;?;2000
FGJ0103;YX-GN125-PORT PATIN CPT GN?????;40?/?;???;?;
FGJ0128;HJ110-3-PHASSADE (BLEU)/HJ110-3???-??;1?/?;???;?;48000
FGJ0129;HJ110-2-PHASSADE-(NOIR)/HJ110-2???-??;2?/?;???;?;35000
FGJ0132;HJ110-3-PHASSADE GRIS  / HJ110-3???-???;2?/?;??;?;48000
FGJ0152;X-1-PHASSADE CPT-(ROUGE)/X-1?????-??-??;1?/?;???;2?/?;35000
FGJ0153;X-1-PHASSADE CPT-(BLEU)/X-1?????-??-??;1?/?;???;?;35000
FGJ0154;AP150-GARDE BOUE AV/AP150???;30?/?;???;?;3000
FGJ0155;KTM-PHASSADE BLEU KTM110???-???-??;1?/?;???;?;35000
FGJ0164;ALOBA-GARDE-BOUE-AV-(NOIRE)/ALOBA???-?;30?/?;???;?;1500
FGJ0165;ALOBA-GARDE-BOUE-AV-ROUGE / ALOBA ???-?;30?/?;???;?;1500
FGJ0185;AP150-CAPOT BATTERIE (BLEU)/AP150-20??-??;10?/?;???;?;6000
FGJ0188;HAOJIN150-9  CAPOT  /HAOJIN150-9??;30?/?;???;?;4000
FGJ0203;X-1-PHASSADE CPT-(NOIR)/X-1?????-??-??;1?/?;???;?;35000
FGJ0204;X-1-PHASSADE CPT-(GRIS)/X-1?????-??-??;1?/?;???;?;35000
FGJ0207;KTM110-PHASSADE (NOIR)/KTM110?????-???-??;1?/?;???;?;35000
FGJ0208;KTM110-PHASSADE (GRIS)/KTM110?????-???-??;1?/?;???;?;35000
FGJ0210;POWEK???-??;30?/?;???;?;
FGJ0213;NEO125 CASQUE PHARE/ NEO125???;50?/?;??;?;4000
FGJ0214;NEO125 -CASQUE COMPTEUR /NEO125???;25?/?;???;?;2500
FGJ0229;ALOBA-GARDE BOUE ARR /ALOBA???+???;30?/?;???;?;1500
FGJ0231;ALOBA-SUPPORT FEU ROUGR-NOIR-SIMPLE/ALOBA???-?-?;25?/?;???;?;2750
FGJ0238;YX GN-GARDE-BOUE-AV(ORGNAL)/GN125???-???;20?/?;???;?;3500
FGJ0239;YX-GN-GARDE-BOUE-ARR (ORGNAL) /GN125???-???;20?/?;???;?;3500
FGJ0244;TVS180-GARDE BOUE AV (NOIR)/TVS180???-??;20?/?;???;?;5000
FGJ0245;TVS180-GARDE BOUE AV (BLANC)/TVS180???-??;20??;???;?;5000
FGJ0246;SY125-10-CAPOT-(NOIR)/SY125-10??-?;30?/?;???;?;1600
FGJ0247;SY125-10-CAPOT-ROUGE/SY125-10??-??;30?/?;???;?;1600
FGJ0248;SY125-10 CAPOT-BLEU  SY125-10??-?;30?/?;???;?;1700
FGJ0249;X-1-CAPOT BLOCK/X-1?????-??;40?/?;???;?;2000
FGJ0251;"DR190 GARD-BOUE-AV-NOIRE 	 DR190???-??";20?/?;???;?;12000
FGJ0252;"DR190 GARD-BOUE-AV-BLEU 	 DR190???-??";20?/?;???;?;12000
FGJ0253;"DR190 GARD-BOUE-AV-ROUGE 	 DR190???-??";20?/?;???;?;12000
FGJ0254;"DR190 GARD-BOUE-AV-BLANC 	 DR190???-??";20?/?;???;?;12000
FGJ0255;AP150-20A-CAPOT DE BATTERIE/ AP150-20A??;10?/?;???;?;6000
FGJ0264;POWEK???-??;30?/?;???;?;
FGJ1001;ROYAL150-PORT BAGAGE-ROYAL150???;10?/?;??????;?;4500
FGJ1002;"SY125-8 PORT BAGAGE 	 SY125-8???";18?/?;??????;?;4250
FXZ0003;YX-GN125-SUPORT GUIDON /YX-GN125???+??????;50?/?;???;?;2000
FXZ0004;YX-GN125-DIRECTION GN125-???GN32-???;5?/?;???;?;3000
FXZ0008;X-1-DIRECTION/X-1???;10?/?;???;?;4500
FXZ0013;KTM110-DIRECTION-KTM110???-???;20?/?;???;?;4500
FXZ0014;YX-ALOBA-SUPORT GUIDON ALOBA???-GS30;50?/?;???;?;2000
FXZ0015;ALOBA-DIRECTION /ALOBA???-GS30-???;20?/?;???;?;3000
FXZ0016;GN125-DIRECTION GN125???GN32-???;20?/?;???;?;3000
FXZ0018;HJ110-2-DIRECTION-HJ110-2???-???;10?/?;???;?;5000
FXZ0020;X-1-DIRECTION /X-1???-??;10?/?;???;?;4500
FXZ0021;POWEK DIRECTION  POWEK???/???;10?/?;???;?;4000
FXZ0025;"NEO125 DIRECTION 	 NEO125???/???";10?/?;???;?;12000
FXZ0026;SV HJ150-9SUPORT GUIDON/ SV-HJ150-9???;30?/?;???;?;3500
FXZ0027;ALOBA-DIRECTION/ALOBA???/???-GS30;20?/?;??;?;3000
GTZC002;YX-CG125 CULASSE-CPT-BLANC /YX-CG125????;8?/?;????;?;12500
GTZC003;YX-CG150-CULASSE-CPT-BLANC /YX-CG150????;8?/?;????;?;12000
GTZC006;YX-ALOBA-CULASSE-CPT/YX-ALOBA????-???-?;8?/?;????;?;22000
GTZC007;YX-AP200-CULASSE-CPT /YX-AP200????-??200-??;8?/?;????;?;23000
GTZC011;YX-CG200-CULASSE-CPT /YX-CG200????;8?/?;????;?;12229
GTZC017;EV-CG250-CULASSE SIMPLE /EV-CG250??-?;8?/?;??;?;14000
GTZC021;YX-CD110-CULASSE-CPT/ YX-CD110????-?;12?/?;????;?;9500
GTZC026;YX-AP150-20-CULASSE-CPT /YX-AP150-20????;8?/?;????;?;13000
GTZC042;CD110-CULASSE-CPT/M-CD110????-?;12?/?;????;?;
GTZC045;SY125-8-CULASSE COMPLET/SY125-8???? ??;8?/?;????;?;14000
GTZC047;YX-HJ125-8CULASSE-CPT  YX-HJ125-8????;8?/?;????;?;15000
GTZC049;ALOBA-CULASSE CPLT/M-ALOBA????-???-?;8?/?;????;?;
GXLP007;SV-??-2022;50?/?;????????;?;
GXLP008;YX-??-2022;50?/?;????????;?;
GXLP044;YX-???;70?/?;????????;?;
GXLP048;YX-???;2000?/?;????????;?;
GXLP054;SV-???-??-??;100?/?;????????;?;
GXLP061;SV-???/SV-STYLO A BILLE;1000?/?;????????;200?/?;
GXLP064;????;1?/?;????????;?;
GXLP067;SV-??3*3;1?/?;????????;?;
GXLP073;???;;????????;?;
GXLP074;?????/B5??;;??;?;
GXLP077;YX-?????;;??;?;
GXLP078;SV-?????;100?/?;????????;?;
GXLP081;????;60?/?;????????;?;
GXLP083;?????;100?/?;????????;?;
HJ03003;HJ110-3 CASQUE DE PHARE/HJ110-3??/???-??;20?/?;??;?;5000
HJ03004;HJ110-3 CASQUE HJ110-3??/???-??;30?/?;??;?;5000
HJ03005;YX-HJ110-3-PHARE/ YX-HJ110-3??;10?/?;??;?;7500
HJ03006;YX-HJ110-3-CLIGNOTANT-AV /HJ110-3????;100?/?;??;?;2000
HJ03007;YX-HJ110-3CLIGNOTANT ARR/HJ110-3????;180?/?;??;?;650
HJ03008;HJ110-3 GARDE BOUT AV BLEU /HJ110-3???-??;10?/?;???;?;4500
HJ03009;HJ110-3 GARDE-BOUE-AV-GRIS /HJ110-3???-??;10?/?;???;?;3000
HJ03010;YX-HJ110-3-FREIN-A-PIED /YX-HJ110-3????;50?/?;????;?;850
HJ03011;YX-HJ110-3-LEVIER DE VITESS/HJ110-3???;100?/?;???????;?;650
HJ03012;YX-HJ110-3-CLE-CPT/ HJ110-3??;50?/?;??;?;3000
HJ03013;YX-HJ110-3CAOUCHOUT POSE PIED/HJ110-3???;100?/?;??;?;350
HJ03015;YX-HJ110-3-CABLE ACCELATEUR /HJ110-3 ???;100?/?;??  ???;?;350
HJ03016;YX HJ110-3 HYDROLIQUE/YX-HJ110-3????;50?/?;???;?;1900
HJ03017;HJ110-3-ECHAPPEMENT /HJ110-3???;4?/?;???????;?;19000
HJ03018;YX-HJ110-3-GARDE-BOUE-AV(BLEU)/HJ110-3???-?;10?/?;???;?;3000
HJ03019;HJ110-3-PHASSADE(JAUNE)/HJ110-3???-??;1?/?;???;?;48000
HJ03020;SV-HJ110-3TRANSMISSION+ECROU /SV-HJ110-3??+??-428-108L/36T/14T;12?/?;??;?;4000
HJ03021;YX-HJ110-3-COMPTEUR/YX-HJ110-3??;20?/?;??;?;6500
HJ03024;YX-HJ110-3 TELE COMMANDE /YX-HJ110-3???;50?/?;???;?;3500
HJ03025;HJ110-3-VERRE COMPTEUR/ HJ110-3????;200?/?;??;?;500
HJ03026;HJ110-3-SCELLE COMPLET/HJ110-3????;6?/?;??;?;9000
HJ03027;HJ110-3-JANTE COMPLET/HJ110-3???;1?/?;???;?;30000
HJ03029;HJ110-3-POSE PIED AR CPT/ HJ110-3?????;20?/?;??;?;4500
HJ03030;YX-HJ110-3-FEU ROUGE/YX-HJ110-3??;20?/?;HJ110-3;?;3800
HJ03031;YX-HJ110-3-FOURCHE-AV/ YX-HJ110-3???;4?/?;??;?;13500
HJ03032;YX-HJ110-3-POIGNET COMPLET/YX-HJ110-3??????;100?/?;????;?;499
HJ03033;YX-HJ110-3-PATIN AV/YX-HJ110-3???;100?/?;????;?;350
HJ03034;YX-HJ110-3-DEMARREUR/YX-HJ110-3??;12?/?;??;?;3273
HJ03035;HJ110-3-PEDAL/YX-HJ110-3???;50?/?;???;?;
HJ03037;EV-HJ110-3-AMORTISSEUR-AR-NOIR/EV-HJ110-3???;10?/?;??;?;7000
HJ03038;YX-HJ110-3 BOBINE/YX-HJ110-3??;40?/?;??;?;3500
HJ03040;YX-HJ110-3-RETROVISEUR/YX-HJ110-3???;50?/?;???;?;1250
HJ03041;HJ110-3 BLOCK-MOTEUR /HJ110-3???+???+?????;1?/?;???;?;110000
HJ03042;HJ110-3-PHASSADE(NOIR)/HJ110-3???-??;1?/?;???;?;48000
HJ03044;SV-HJ110-3 CLE-CPT/ SV-HJ110-3??;50?/?;??;?;5000
HJ03045;SV-HJ110-3 AMORTISSEUR-AR-NOIR/ SV-HJ110-3???;10?/?;??;?;7500
HJ03050;SV-HJ110-3 VILBREQUIN LONG /SV-HJ110-3??;10?/?;??;?;10000
HJ03051;SV-HJ110-3-PISTON-STD+/SV-HJ110-3??STD+;100?/?;??;?;2000
HJ03052;SV-HJ110-3-PISTON-STD++/SV-HJ110-3??STD++;100?/?;??;?;2000
HJ03053;HJ110-3 DIRECTION  HJ110-3???/???;10?/?;???;?;5500
HJ03054;SV-HJ110-3-BOBINE/SV-HJ110-3??;40?/?;??;?;4500
HJ03055;SV-HJ110-3-CHATO/SV-HJ110-3???????;12?/?;?????;?;9000
HJ03056;SV-HJ110-3 CULASSE CPT SV-HJ110-3????;12?/?;????;?;17000
HJ03057;SV-HJ110-3-CYLINDRE/SV-HJ110-3??-?;8?/?;??;?;7000
HJ03058;SV-HJ110-3 ARBR A CAME /SV-HJ110-3??;100?/?;??;?;3000
HJ03059;SV-HJ110-3-AXE DE LEVIER VITEESSE/SV-HJ110-3???;50?/?;???????;?;1500
HJ03062;SV-HJ110-3-POIGNET-CPLT /SV-HJ110-3??????;100?/?;????;?;1500
HJ03063;SV-HJ110-3 TAPPETTE/ SV-HJ110-3??;100?/?;??;?;1500
HJ03065;SV-HJ110-3-CABLE-ACCELATEUR / SV-HJ110-3???;100?/?;??  ???;?;1000
HJ03066;SV-HJ110-3-FOURCHE AV/SV-HJ110-3???;4?/?;??;?;17000
HJ03068;SV-HJ110 CABLE COMPTEUR /SV-HJ110-3???;100?/?;??  ???;?;1000
HJ03070;HJ110-3-PHASSADE (BLQNC)/HJ110-3???-??;2?/?;???;?;48000
HJ22001;HJ150-22-CASQUE PHARECOMPLET NOIRE / HJ150-22???+????-??;50?/?;HJ150-22;?;6000
HJ22008;HJ150-22-GARDE BOUE AV-NOIRE /HJ150-22???/??-??;20?/?;HJ150-22;?;4500
HJ22009;OIHJ150-22-GRADE BOUE AV-BLEU  /HJ150-22???/??-??;20?/?;HJ150-22;?;4500
HJ22010;HJ150-22-GARDE BOUE AV--JAUNE / HJ150-22???/??-??;20?/?;HJ150-22;?;4500
HJ22011;YX-HJ150-22 PHARE SIMPLE /HJ150-22??;20?/?;HJ150-22;?;6500
HJ22013;YX-HJ150-22 CLIGNOTANT/ HJ150-22???;180?/?;HJ150-22;?;650
HJ22018;HJ150-22-SUPORT FEU NOIR/HJ150-22???-??;20?/?;HJ150-22;?;12500
HJ22022;YX-HJ150-22-POIGNET CPT/HJ150-22??????;50?/?;HJ150-22;?;3000
HJ22023;YX-HJ150-22 COMPTEUR/HJ150-22??;20?/?;HJ150-22;?;15000
HJ22024;YX-HJ150-22-CLE  CPT/ HJ150-22??;50?/?;HJ150-22;?;6000
HJ22025;YX-HJ150-22AMORTISSEUR /HJ150-22???;10?/?;HJ150-22;?;6500
HJ22032;YX-HJ150-22-TRANSMISSION /YX-HJ150-22??-428-118L/42T4??/14T;12?/?;HJ150-22;?;3750
HJ22034;HJ150-22-RESERVOIR-NOIRE/HJ150-22??-??;1?/?;HJ150-22;?;23000
HJ22035;HJ150-22-RESERVOIR BLEU/HJ150-22??-??;1?/?;HJ150-22;?;23000
HJ22036;HJ150-22-RESERVOIR-JAUNE/HJ150-22??-??;1?/?;HJ150-22;?;23000
HJ22037;YX-HJ150-22-CABLE EMBRAYAGE/ HJ150-22???;100?/?;??  ???;?;750
HJ22039;YX-HJ150-22TENDEUR CYLINDRE /HJ150-22???;100?/?;HJ150-22;?;1300
HJ22040;YX-HJ150-22-PISTON-STD+/YX-HJ150-22??STD+;100?/?;??;?;1900
HJ22041;YX-HJ150-22-PISTON-STD++/YX-HJ150-22??STD++;100?/?;??;?;1900
HJ22042;YX-HJ150-22-LINTO-CPLT-(4T5P)/YX-HJ150-22????;30?/?;?????;?;3800
HJ22043;YX-HJ150-22-VILBREQUIN /YX-HJ150-22??;6?/?;??;?;11000
HJ22045;YX-HJ150-22-PT-CHAINE-100L/HJ150-22???-2*3-100L;200?/?;???;?;1000
HJ22046;SV-HJ150-22 TRANSMISSION+ECROU/SV-HJ150-22??+??-428-118L/42T/14T;12?/?;??;?;4500
HJ22047;YX-HJ150-22-CYLINDRE-CPL/T HJ150-22??;12?/?;??;?;8500
HJ22048;SV-HJ150-22-JANTE CPT/ HJ150-22???;1?/?;???;?;45000
HJ22049;HJ150-22-PHARE CPT-(NOIR)/ HJ150-22????+??-??;8?/?;??;?;12500
HJ22051;HJ150-22-PHARE CPT(BLEU)/HJ150-22????+??-??;8?/?;??;?;12500
HJ22052;HJ150-22-PHARE CPT(JAUNE)/HJ150-22????+??-??;8?/?;??;?;12500
HJ22053;YX-HJ150-22FILTRE AIR SIMPLE/HJ150-22?????;70?/?;??;?;800
HJ22054;HJ150-22-PHARE CPT VERT/HJ150-22 ????-???;8?/?;??;?;12500
HJ22057;SV-HJ150-22 CLE-CPT /SV-HJ150-22??;30?/?;??;?;7000
HJ22058;SV-HJ150-22-SOUPAPE/SV-HJ150-22??;200?/?;??;?;1500
HJ22059;SV-HJ150-22 VILBREQUIN/ SV-HJ150-22??;6?/?;??;?;17000
HJ22060;SV-HJ150-22-PISTON-STD+/SV-HJ150-22??STD+;100?/?;??;?;2500
HJ22061;SV-HJ150-22-PISTON-STD++/SV-HJ150-22??STD++;100?/?;??;?;2500
HJ22062;SV-HJ150-22 CYLINDRE-CPLT/SV-HJ150-22??-??;12?/?;??;?;13000
HJ22063;SV-HJ150-22 EMBRAYAGE-CPLT(4T5P)/ SV-HJ150-22?????;12?/?;?????;?;15000
HJ22064;SV-HJ150-22-BOITIER/SV-HJ150-22???????;20?/?;?????;?;7500
HJ22065;SV-HJ150-22-LINTO-CPLT-(4T5P)/SV-HJ150-22????;20?/?;?????;?;7500
HJ22073;SV-HJ150-22-CABLE ACCELATEUR / SV-HJ150-22???;100?/?;??  ???;?;1000
HJ22074;SV-HJ150-22-CABLE EMBRAYAGE / SV-HJ150-22???;100?/?;??  ???;?;1000
HJ22076;YX-HJ150-22 VERRE PHARE/ YX-HJ150-22????;100?/?;??;?;1500
HJ22078;SV-HJ150-22-AMORTISSEUR / SV-HJ150-22???;10?/?;??;?;7500
HJ22079;SV-HJ150-22 TENTEUR DE CYLINDRE/ SV-HJ150-22???;100?/?;HJ150-22;?;1500
HJ22080;YX-HJ150-22-FOURCHE AV/YX-HJ150-22???;4?/?;??;?;15000
HJ22081;SV-HJ150-22 TENTEUR-CAOUCHOUT SV-HJ150-22??;200?/?;???;?;2000
HJ22087;YX-HJ150-22-SUPPORT FE ROUGE HERBE (VERTE)/HJ150-22???-???;20?/?;???;?;14000
HJ22088;HJ150-22 RESERVOIR-VERT/HJ150-22??-???;1?/?;??;?;23000
HJ22089;SV-HJ150-22-DEMARREUR-SANS FIL/SV-HJ150-22??;12?/?;??;?;9000
HJ22090;SV-HJ150-22-POIGNET-CPLT/SV-HJ150-22??????;100?/?;????;?;3500
HJ22091;"HJ150-22 PHARE-BLAN	 HJ150-22????+??-??";8?/?;??;?;12500
HJ8001;YX-HJ125-8-PHARE/ HJ125-8??;20?/?;HJ125-8;?;3000
HJ8002;YX-HJ125-8-COMPTEUR HJ125-8??;20?/?;HJ125-8;?;4000
HJ8003;YX-HJ125-8-MANETTE+SUPORT / HJ125-8????+??;100?/?;HJ125-8;?;750
HJ8004;YX-HJ125-8-POSE PIED AV/ HJ125-8???;25?/?;HJ125-8;?;1900
HJ8005;YX-HJ125-8-POSE PIED AR/ HJ125-8???;100?/?;HJ125-8;?;1250
HJ8006;HJ125-8-JANTE CPT/ HJ125-8???;1?/?;HJ125-8;?;27000
HJ8007;HJ125-8-PORT BAGAGE /HJ125-8???;18?/?;HJ125-8;?;4000
HJ8008;YX-HJ125-8-CLE CPT/ HJ125-8??;50?/?;HJ125-8;?;3500
HJ8011;HJ125-8-COUVRE CHAINE/ HJ125-8??;50?/?;HJ125-8;?;1400
HJ8015;YX-HJ125-8-ROBINET ESSENCE /HJ125-8???;100?/?;HJ125-8;?;800
HJ8016;YX-HJ125-8-CDI/ HJ125-8???;100?/?;HJ125-8;?;3000
HJ8017;YX-HJ125-8-CHARGEUR /HJ125-8???;100?/?;HJ125-8;?;1300
HJ8021;HJ125-8 CAPOT-NOIRE-HJ125-8??-??;30?/?;HJ125-8;?;1600
HJ8022;HJ125-8 CAPOT BATTERIE ROUGE-HJ125-8??-???;30?/?;HJ125-8;?;1600
HJ8036;YX-HJ125-8-BOBINE/YX-HJ125-8??;40?/?;??;?;3750
HJ8039;HJ125-8-JANTE ARRERIE/HJ125-8??;2?/?;???;?;12500
HJ8043;SV-HJ125-8 CYLINDRE/SV-HJ125-8??;12?/?;??;?;10000
HJ8044;SV-HJ125-8 VILBREQUIN/ SV-HJ125-8??;6?/?;??;?;17000
HJ8045;SV-HJ125-8-INSTALLATION/SV-HJ125-8???;50?/?;???;?;4500
HJ8046;SV-HJ125-8-COMPTEUR/SV-HJ125-8??;20?/?;??;?;8000
HJ8050;SV-HJ125-8-PISTON-STD+/SV-HJ125-8??STD+/56.5*1.0*1.5;100?/?;??;?;2500
HJ8051;SV-HJ125-8-PISTON-STD++/SV-HJ125-8??STD++/56.5*1.0*1.5;100?/?;??;?;2500
HJ8052;SV-HJ125-8-CABLE EMBRAYAGE / SV-HJ125-8???;100?/?;??  ???;?;1000
HJ8053;SV-HJ125-8-CABLE ACCELATEUR / SV-HJ125-8???;100?/?;??  ???;?;1000
HJ8059;"HJ125-8 PORTE AMPOULE	 HJ125-8?????";500?/?;??;?;400
HJ9011;YX-HJ150-9-PHARE SIMPLE/HJ150-9??;20?/?;HJ150-9;?;5000
HJ9012;YX-HJ150-9-FEU ROUGE/HJ150-9??;50?/?;HJ150-9;?;2500
HJ9025;YX-HJ150-9-POIGNET CPT/HJ150-9??????;50?/?;HJ150-9;?;3500
HJ9032;HJ150-9-ECHAPPEMENT/HJ150-9???;6?/?;HJ150-9;?;16000
HJ9034;YX-HJ150-9-HYDROLIQUE SIMPLE/HJ150-9????;50?/?;HJ150-9;?;2000
HJ9036;HJ150-9-RESERVOIR-(NOIRE)/HJ150-9??-??;1?/?;HJ150-9;?;23000
HJ9037;HJ150-9-RESERVOIR-(BLEU)/HJ150-9??-??;1?/?;HJ150-9;?;23000
HJ9039;YX-HJ150-9-CYLINDRE-CPLT/ HJ150-9??;12?/?;??;?;7500
HJ9040;SV-HJ150-9 TRANSMISSION+ECROU SV-HJ150-9??+??-428-120L/45T/14T;12?/?;??;?;4500
HJ9049;HJ150-9-PHARE CPT (NOIR) HJ150-9????+??-??;10?/?;??;?;12500
HJ9050;HJ150-9-PHARE(BLEU)HJ150-9????+??-??;10?/?;??;?;12500
HJ9051;HJ150-9-PHARE(JAUNE)HJ150-9????+??-??;10?/?;??;?;12500
HJ9052;SV-HJ150-9-SOUPAPE/SV-HJ150-9??;200?/?;??;?;1500
HJ9055;SV-HJ150-9-DISQUE/SV-HJ150-9????;100?/?;????;?;1250
HJ9056;SV HJ150-9-AXE DE VITESS CMPLET/SV-HJ150-9?????;10?/?;????????????;?;11000
HJ9058;SV HJ150-9-POIGNET CPT/SV-HJ150-9??????;50?/?;????;?;3500
HJ9059;SV HJ150-9 PT CHAINE SV-HJ150-9???-2*3-100L;200?/?;??;?;1500
HJ9060;SV HJ150-9 CLE-CPT /SV-HJ150-9??;30?/?;??;?;7500
HJ9062;SV-HJ150-9 CYLINDRE CPT /SV-HJ150-9??;12?/?;??;?;12500
HJ9064;HJ150-9-RESERVOIR-(BLANC)/HJ150-9??-??;1?/?;HJ150-9;?;23000
HLX125-001;YX-HLX125 PHARE YX-HLX125??;20?/?;??;?;3500
HLX125-002;YX-HLX125-COMPTEUR/YX-HLX125??;20?/?;??;?;4000
HLX125-003;YX-HLX125 CLIGNOTANT YX-HLX125???;180?/?;??;?;400
HLX125-005;YX-HLX125TRANSMISSION /YX-HLX125??/428-116L/45T/14T;12?/?;??;?;3500
HLX125-006;YX-HLX125 CYLINDRE-CPLT YX-HLX125??;12?/?;??;?;8500
HLX125-007;YX-HLX125-PISTON STD+/YX-HLX125??STD+;100?/?;??;?;1600
HLX125-008;YX-HLX125-PISTON STD++/YX-HLX125??STD++;100?/?;??;?;1600
HLX125-009;YX-HLX125-DISQUE/YX-HLX125????-4?;100?/?;????;?;600
HLX125-010;HLX125-JANTE CPT/HLX125???-??;1?/?;???;?;38000
HLX125-011;YX-HLX125 PT-CHAINE YX-HLX125???-2*3*92;200?/?;??;?;800
HLX125-012;HLX125 CASQUE PHARE HLX125???-?;60?/?;??;?;500
HLX125-013;HLX125-RESERVOIR NOIRE/HLX125??-??;1?/?;??;1?/?;18000
HLX125-014;HLX125-RESERVOIR ROUGE/HLX125??-??;1?/?;??;?;18000
HLX125-015;HLX125-RESERVOIR BLEU/HLX125??-??;1?/?;??;?;18000
HLX125-016;YX-HLX125-BOBINE/YX-HLX125??;40?/?;??;?;4500
HLX125-017;YX-HLX125 CDI YX-HLX125???;100?/?;???;?;3500
HLX125-018;YX-HLX125 CONTACTEUR YX-HLX125???;100?/?;??;?;900
HLX125-019;YX-HLX125 CHARGEUR YX-HLX125???;100?/?;???;?;1500
HLX125-020;YX-HLX125 JOINT PORCHETTE YX-HLX125???;200?/?;??;?;600
HLX125-021;YX-HLX125 CARBURATEUR/YX-HLX125???;40?/?;???;?;7500
HLX125-022;YX-HLX125 BENNE-DISQUE-CPT YX-HLX125???????;30?/?;?????;?;5000
HLX125-023;YX-HLX125-FERADO/YX-HLX125????;80?/?;????;?;1000
HLX125-024;YX-HLX125-INSTALLATION/YX-HLX125???;50?/?;???;?;3000
HLX125-025;YX-HLX125 CABLE EMBRAYAGE YX-HLX125???;100?/?;??  ???;?;600
HLX125-026;YX-HLX125 CABLE ACCELATEUR YX-HLX125???;100?/?;??  ???;?;600
HLX125-027;HLX125-CAPOT-(NOIRE)/HLX125??-??;15?/?;???;?;4000
HLX125-028;HLX125-CAPOT-(ROUGE)/HLX125??-??;15?/?;???;?;4000
HLX125-029;HLX125-CAPOT-(BLEU)/HLX125??-??;15?/?;???;?;4000
HLX125-030;YX-HLX125 CLE CPLT YX-HLX125??;50?/?;??;?;3500
HLX125-031;YX-HLX125-POIGNET CPLT/YX-HLX125??????;50?/?;????;?;3000
HLX125-032;HLX125-FEU ROUGE  / YX-HLX125??;50?/?;??;?;1500
HLX125-033;HLX125-GARD-BOUE-AV/HLX125???;20?/?;???;?;3500
HLX125-034;YX-HLX125-ROBINET ESSENCE/YX-HLX125???;100?/?;???????????????????;?;1000
HLX125-035;YX-HLX125-LEVIER VITESSE/YX-HLX125???;100?/?;???????;?;800
HLX125-036;YX-HLX125 COUVRE CHAINE YX-HLX125???;100?/?;??;?;4000
HLX125-037;YX-HLX125-DEMARREUR-AV-FIL/YX-HLX125??-??;20?/?;??;?;6500
HLX125-038;YX-HLX125 MANETTE+SUPORT YX-HLX125????+??;100?/?;??;?;900
HLX125-040;HLX125-SCELLE COMPLET/HLX125????;2?/?;??;?;10000
HLX125-041;HLX125 PARACHOC HLX125???;10?/?;??????;?;4000
HLX125-042;YX-HLX125-FOURCHE AV/YX-HLX125???;4?/?;??;?;20000
HLX125-043;YX-HLX125 AMORTISSEUR-AR GRIS YX-HLX125???-????;5?/?;??;?;9000
HLX125-044;YX-HLX125 VILBREQUEIN YX-HLX125??;6?/?;??;?;9500
HLX125-045;"HLX125 COUVRE-CHAINE 	 HLX125???";10?/?;??????;?;4000
HLX125-046;HLX125-SCELLE COMPLET/HLX125????;2?/?;??;?;9000
HLX150-001;YX-HLX150 PHARE YX-HLX150??;20?/?;??;?;3500
HLX150-002;YX-HLX150-COMPTEUR/YX-HLX150??;20?/?;??;?;5000
HLX150-003;YX-HLX150 CYLINDRE-CPLT YX-HLX150??;12?/?;??;?;8500
HLX150-004;HLX150-RESERVOIR NOIRE/HLX150??-??;1?/?;??;?;18000
HLX150-005;HLX150-RESERVOIR ROUGE/HLX150??-??;1?/?;??;?;18000
HLX150-006;HLX150-RESERVOIR BLEU/HLX150??-??;1?/?;??;?;18000
HLX150-007;HLX150-CASQUE PHARE-(NOIR)/HLX150??-??;10?/?;???;?;4000
HLX150-008;HLX150-CASQUE PHARE(ROUGE)/HLX150??-??;10?/?;???;?;4000
HLX150-009;HLX150-CASQUE PHARE(BLEU)/HLX150??-??;10?/?;???;?;4000
HLX150-011;HLX150-CAPOT-BATTERIE(NOIRE)/HLX150??-??;15?/?;???;?;4000
HLX150-012;HLX150-CAPOT(ROUGE)/HLX150??-??;15?/?;???;?;4000
HLX150-013;HLX150-CAPOT-(BLEU)/HLX150??-??;15?/?;???;?;4000
HLX150-020;YX-HLX150-TRANSMISSION/YX-HLX150??-428-128L/45T/14T;12?/?;??;?;3500
HLX150-021;YX-HLX150 CLE CPLT YX-HLX150??;50?/?;??;?;3500
HLX150-022;YX-HLX150 AMORTISSEUR-AR YX-HLX150???-????;5?/?;??;?;9000
HSH0021;YX-YOROBO-SEGMENT+/YX-YOROBO??STD+??;1000?/?;???;?;500
HSH0022;YX-YOROBO-SEGMENT++/YX-YOROBO??STD++??;1000?/?;???;?;500
HSH0232;YX-NEO110-SEGMENT++/YX-NEO110??STD++;1000?/?;???;?;500
HSH0245;YX-CD110-SEGMENT+/YX-CD110??STD+PVD/52.4*1.0*2.0;1000?/?;???;?;500
HSH0246;YX-CD110-SEGMENT++/YX-CD110??STD++PVD/52.4*1.0*2.0;500?/?;???;?;500
HSH0295;YX-CG125-SEGMENT+/YX-CG125??STD+PVD/56.5*1.2*2.5;1000?/?;???;?;500
HSH0296;YX-CG125-SEGMENT++/YX-CG125??STD++PVD/56.5*1.2*2.5;1000?/?;???;?;500
HSH0298;EV-CG125 SEGMENT++EV-CG125??STD++PVD/56.5*1.2*2.5;500?/?;EV;?;500
HSH0299;YX-CG150-SEGMENT+ /YX-CG150??STD+PVD/62*1.2*2.5;1000?/?;???;?;500
HSH0300;YX-CG150-SEGMENT++ /YX-CG150??STD++PVD/62*1.2*2.5;1000?/?;???;?;500
HSH0302;EV-CG150 SEGMENT++  EV-CG150??STD++PVD/62*1.2*2.5;500?/?;EV;?;500
HSH0303;YX-CG200-SEGMENT+/YX-CG200??STD+PVD/63.5*1.0*2.5;1000?/?;???;?;600
HSH0304;YX-CG200-SEGMENT++/YX-CG200??STD++PVD/63.5*1.0*2.5;1000?/?;???;?;600
HSH0307;YX-JY110-SEGMENT/YX-JY110??STD+PVD/49*1.0*2.0;1000?/?;???;?;500
HSH0311;YX-CD110-SEGMENT+/YX-CD110??STD+PVD-LJ110/52.4*1.0*2.0;1000?/?;???;?;500
HSH0312;YX-CD110-SEGMENT++/YX-CD110??STD++PVD-LJ110/52.4*1.0*2.0;1000?/?;???;?;500
HSH0314;EV-CD110 SEGMENT++  EV-CD110??STD++PVD/52.4*1.0*2.0;500?/?;EV;?;500
HSH0315;YX-SPARK-SEGMENT/YX-SPARK??STD+PVD/51*1.0*2.0;1000?/?;???;?;550
HSH0323;YX-ALOBA-SEGMENT+/YX-ALOBA??STD+PVD/56.5*0.8*2.0;1000?/?;???;?;500
HSH0324;YX-ALOBA-SEGMENT++/YX-ALOBA??STD++PVD/56.5*0.8*2.0;1000?/?;???;?;500
HSH0331;YX-YBR125-SEGMENT+/YX-YBR125??STD+PVD/54*1.0*2.0;1000?/?;???;?;500
HSH0335;YX-YOROBO-SEGMENT /YX-YOROBO??STD+PVD/62*0.8*1.5;1000?/?;???;?;500
HSH0343;YX-TVS180SEGMENT+/TVS180??STD+PVD/62*0.8*1.5;1000?/?;???;?;600
HSH0344;YX-TVS180SEGMENT/TVS180??STD++PVD/62*0.8*1.5;1000?/?;???;?;600
HSH0362;YX-GX160-SEGMENT(+0.25)YX-GX160???+0.25?;500?/?;???;?;600
HYQ0002;YX-CG125-CARBURATEUR /YX-CG125???;40?/?;???;?;3000
HYQ0003;YX-CD110-CARBURATEUR/ YX-CD110???;40?/?;???;?;3000
HYQ0004;EV-CD110-CARBURATEUR/EV-CD110???;40?/?;???;?;3150
HYQ0005;EV-CG125-CARBURATEUR/EV-CG125???;40?/?;???;?;3150
HYQ0007;YX-CG150-CARBURATEUR /YX-CG150???;40?/?;???;?;3300
HYQ0008;EV-CG150-CARBURATEUR EV-CG150???;40?/?;???;?;3300
HYQ0014;YX-CG200-CARBURATEUR/ YX-CG200???;40?/?;???;?;3900
HYQ0018;UFC-CD110 CARBURATEUR UFC-CD110???;40?/?;???;?;3850
HYQ0026;SV-CD110-CARBURATEUR /SV-CD110???;40?/?;???;?;4500
HYQ0027;SV-CG125-CARBURATEUR /SV-CG125???;40?/?;???;?;4500
HYQ0028;SV-CG150-CARBURATEUR /SV-CG150???;40?/?;???;?;4500
HYQ0029;CD110-CARBURATEUR/M-CD110???;40?/?;???;?;
HYQ0030;CG125-CARBURATEUR/M-CG125???;40?/?;???;?;
HYQ0035;SV-YBR125CARBURATEUR  SV-YBR125???;40?/?;???;?;15000
HYQ0036;CG150-CARBURATEUR/M-CG150???;40?/?;???;?;
HYQ0038;YX-GX160 CARBURATEUR YX-GX160???;100?/?;???;?;3000
HYQ0039;YX-ALOBA VANNE GULP/YX-ALOBA?????;50?/?;???;?;1800
JSQ0002;YX-ALOBA-DYPLICATEUR-NOIR YX-ALOBA???-?-??;100?/?;???;?;612
JTJ0008;YX-ALOBA-POSE PIED AV /ALOBA???;25?/?;??;?;1400
JTJ0009;YX-GN125-POSE PIED ARR /YX-GN125???;100?/?;??;?;450
JTJ0010;YX-GN125-POSE PIED AV  /YX-GN125???;25?/?;??;?;1400
JTJ0015;EV-X-1 POSE PIED AR CPT /X-1?????;20?/?;??;?;2800
JTJ0018;YX-ALOBA-POSE PIED ARR /YX-ALOBA???;50?/?;??;?;750
JTJ0019;YX-SY-16-POSE PIED AV /YX-SY125-16???;25?/?;??;?;1400
JTJ0020;CG125-POSE PIED CENTRAL/CG125????;25?/?;??;?;1800
JTJ0021;"EV-SY125-16POSE-PIED-AR 	 EV-SY125-16???";50?/?;??;?;750
JTJ0022;YX-SY-125-16-POSE PIED ARR /SY125-16???;100?/?;??;?;650
JTJ0027;CGL-POSE PIED CENTRAL/CGL?????????????????;20?/?;??????????;?;2500
JTJ0041;CG125  POSE PIED CENTRAL /CG125 ??;15?/?;??;?;1800
JTJ0042;YX-X-1-POSE PIED ARR CPT /YX-X-1?????;20?/?;??;?;2800
JTJ0045;YX-X-1-POSE PIED ARR/ X-1???;100?/?;??;?;750
JTJ0046;YX-ALOBA-POSE PIED AV  (NOVO) /ALOBA???-?????;25?/?;??;?;2100
JTJ0047;X-1-POSE PIED CENTRAL/X-1????;25?/?;????????;?;1750
JTJ0062;SV HJ150-9 POSE PIED AR CPT /SV-HJ150-9?????;25?/?;??;?;12000
JTJ0063;EV-ALOBA-POSE-PIED-AV NOUVEAU/EV-ALOBA???-?????;25?/?;??;?;2071
JTJ0065;HJ110-3-POSE PIED AR CPT/YX-HJ110-3?????;20?/?;??;?;
JTJ0074;YX-HJ110-3 CAOUCHOUT DE POSE PIED  YX-HJ110-3???-??;50?/?;??;?;
JTJ0075;CG125 POSE PIED CENTRAL  CG125????????????????;25?/?;EV;?;1800
JTJ0076;X-1-POSE PIED CENTRAL /X-1?????????????????;25?/?;????????;?;1750
JTJ0077;SV-ALOBA POSE PIED AV/SV-ALOBA???;25?/?;??;?;2500
JTJ0078;SV-GN125 POSE PIED AV/SV-GN125???;25?/?;??;?;2500
JTJ0079;SV-GN125 POSE PIED AR/SV-GN125???;50?/?;??;?;700
JTJ0080;SV-ALOBA POSE PIED AR/SV-ALOBA???;50?/?;??;?;1200
JYJ0070;YX-YBR125CAOUCHOUT POSE PIED/YX-YBR125???;100?/?;??;?;400
JYJ0071;SV-HJ110-3CAOUCHOUT POSE PIED/SV-HJ110-3???;50?/?;??;?;1000
JYJ0072;YX-X-1CAOUTHOUC POSE PIDE/X-1???-??;50?/?;??;?;350
JYJ0074;YX-HJ110-3 CAOUCHOUT DE POSE PIED  YX-HJ110-3???-??;100?/?;??;?;350
JYJ0074????;YX-HJ110-3 CAOUCHOUT DE POSE PIED  YX-HJ110-3???-??????;50?/?;??;?;350
JZ00001;YX-CD110 AMORTISSEUR-AR / YX-CD110???;10?/?;??;?;5500
JZ00002;YX-GN125-AMORTISSEUR-AR/YX-GN125???-??;10?/?;??;?;6750
JZ00008;YX-SANYA-16-AMORTISSEUR-AR NOIR /YX-SY-16???-????;10?/?;??;?;7250
JZ00011;EV-GN125-AMORTISSEUR-AR /EV-GN125???-??;10?/?;??;?;6500
JZ00017;EV-SY-16-AMORTISSEUR-AR/EV-SY-16???-????;10?/?;??;?;7000
JZ00018;EV-ALOBA FOURCH /EV-ALOBA???;4?/?;??;?;13246
JZ00019;AP200-FOUCHE AV / AP200?????-???;1?/?;??;?;42000
JZ00022;EV-GN125-FOURCH /EV-GN125???;4?/?;??;?;15500
JZ00025;YX-ALOBA-AMORTISSEUR/ YX-ALOBA???;10?/?;??;?;6750
JZ00029;EV-TVS160 AMORTISSEUR / EV-TVS160???;10?/?;??;?;15000
JZ00030;YX-TVS160/180 AMORTISSEUR YX-TVS160/180???;10?/?;??;?;15000
JZ00034;EV-BM150 AMORTISSEUR  /EV-BM150???;10?/?;??;?;8250
JZ00039;YX-X-1-AMORTISSEUR-AR-NOIR/ YX-X-1???-??;10?/?;??;?;5250
JZ00044;YX-CG125-FOURCH-AV/ YX-CG125???;4?/?;??;?;13250
JZ00049;YX-CG125-AMORTISSEUR YX-CG125???;10?/?;??;?;6500
JZ00052;EV-BAJAJ100-AMORTISSEUR/EV-BAJAJ100???-??????????;10?/?;??;?;7500
JZ00054;YX-GN125-FOURCHE/ YX-GN125???;4?/?;??;?;15500
JZ00056;YX-ALOBA-FOURCHE /YX-ALOBA????;4?/?;??;?;15500
JZ00059;AP175-FOURCHE AV/ AP175?????;2?/?;??;?;37500
JZ00067;YX-X-1-FOURCHE AV /X-1???;5?/?;??;?;9000
JZ00070;YX-X-1-AMORTISSEUR AR ROUGE YX-X-1???-??;10?/?;??;?;5250
JZ00071;YX-HJ110-3-AMORTISSEUR-AR/YX-HJ110-3???;10?/?;??;?;7000
JZ00073;EV-X-1-AMORTISSEUR-AR-ROUGE /EV-X-1???-??;10?/?;??;?;5195
JZ00078;AP150-20-FOURCHE CPT GRAND /AP150-20?????;2?/?;??;?;37500
JZ00082;GN125-AMORTISSEUR-AR/M-GN125???-??;10?/?;??;?;
JZ00083;ALOBA-AMORTISSEUR-AR/M-ALOBA???;10?/?;??;?;
JZ00094;YX-POWEK AMORTISSEUR-AR / YX-POWEK???;10?/?;??;?;5250
JZ00101;YX-SY-16-AMORTISSEUR-AR BLANC/ YX-SY-16???-??;10?/?;??;?;7250
JZ00106;SV HJ150-9 Amortissuer AR/ SV-HJ150-9???;10?/?;??;?;7500
JZ00107;SV HJ150-9 FOURCHE AV SV-HJ150-9???;4?/?;??;?;20000
JZ00109;"SV-NEO125-AMORTISSEUR 	 SV-NEO125???";10?/?;??;?;35000
JZ00111;HC-GN125 AMORTISSEUR-AR HC-GN125???-??;10?/?;??;?;5400
JZ00112;HC-ALOBA AMORTISSEUR-AR HC-ALOBA???;10?/?;??;?;5400
JZ00113;HC-GN125 FOURCHE-AV HC-GN125???;5?/?;??;?;13000
JZ00114;HC-ALOBA FOURCHE-AV HC-ALOBA ???;5?/?;??;?;13000
JZ00115;HC-X-1 AMORTISSEUR-AR NOIR  HC-X-1???-??;10?/?;??;?;4600
JZ00121;YX-X-1 AMORTISSEUR?NOV BLEU?YX-X-1?????????;10?/?;??;?;10000
JZ00122;YX-GN125-AMORTISSEUR-(NOV ROUGE)/YX-GN125???(????);10?/?;???;?;10000
JZ00123;YX-CD110 AMORTISSEUR?NOVO)/YX-CD110?????????;10?/?;??;?;12000
JZ00124;YX-GN125-AMORTISSEUR(TETE NOVO)YX-GN125?????;10?/?;??;?;7500
JZ00125;YX-GN125-AMORTISSEUR(BALN+ROUGE)YX-GN125???????(?+?);10?/?;??;?;8250
JZ00127;YX-X-1-FOURCHE AV /X-1???;10?/?;??;?;8000
JZ00128;HC-GN125 FOURCHE- HC-GN125???;5?/?;??;?;13500
JZ00129;HC-ALOBA FOURCHE HC-ALOBA ???;5?/?;??;?;13500
JZ00134;HC-X-1 AMORTISSEUR-ROUGE  HC-X-1???-??;10?/?;??;?;4600
LG00009;CG200-BIELLE YX-CG200?????;50?/?;??;?;1829
LG00019;EV ALOBA-BIELLE /EV-ALOBA?????;50?/?;??;?;2000
LG00020;EV CG200-BIELLE /EV-CG200?????;50?/?;??;?;2200
LG00022;ALOBA-BIELLE YX-ALOBA?????;50?/?;??;?;1761
LG00024;YX-GX160 BIELLE YX-GX160?????;100?/?;??;?;1250
LHQ0007;YX-KTM110-CHATO/YX-KTM110???????-???;12?/?;?????;?;4500
LHQ0008;CHATO EV-KTM110???????-???;12?/?;EV;?;4500
LHQ0010;YX-KTM110-EMBRAYAGE CPLT /YX-KTM110???????;12?/?;?????;?;4500
LHQ0028;YX-CG125-BOITIER/CG125???????;20?/?;?????;?;2300
LHQ0053;YX-YBR125-LINTO CPT /YBR125????;30?/?;YBR??;?;3500
LHQ0054;EV-YBR125-LINTO CPT/EV-YBR125????;30?/?;?????;?;3750
LHQ0056;YX-KTM110-LINTO-CPLT/YX-KTM110????-4P;30?/?;?????;?;2500
LHQ0059;YX-CG125-LINTO SIMPLE-4T/CG125???4T-??;50?/?;?????;?;1300
LHQ0061;YX-CG125-LINTO SIMPLE-5T/YX-CG125???-5T5P-??;50?/?;?????;?;1200
LHQ0062;EV-CG125 LINTO-5T  EV-CG125???-5T5P-??;50?/?;EV;?;1200
LHQ0067;YX-AP200-LINTO SIMPLE-5T6P/AP200???-5T6P;50?/?;?????;?;1500
LHQ0068;EV-AP200-LINTO SIMPLE-5T6P/EV-AP200???-5T6P;50?/?;?????;?;1500
LHQ0071;YX-KTM110-LINTO SIMPLE/KTM110???-??;50?/?;?????;?;1250
LHQ0087;EV-KTM110-EMBRAYAGE-CPLT /EV-KTM110???????-C100-???;12?/?;?????;?;4500
LHQ0101;EV-CG125-POTITIER CG125???????;20?/?;?????;?;2300
LHQ0117;YX-KTM110-PATIN CHATO SIMPLE /YX-KTM110???;30?/?;?????;?;1000
LHQ0124;YX-CG150-BOITIER/CG150???????;20?/?;?????;?;2300
LHQ0144;YX-CG125-EMBRAYAGE-CPLT-(4T5P )CG125?????4T5P;12?/?;?????;?;4500
LHQ0146;YX-CG125-EMBRAYAGE-CPLT-(5T5P)/ CG125?????5T5P;12?/?;?????;?;4750
LHQ0148;YX-CG150-EMBRAYAGE-CPLT-5(T6P )/CG150?????5T6P;12?/?;?????;?;4750
LHQ0150;YX-CG150-EMBRAYAGE-CPLT-(6T6P )/CG150?????6T6P;12?/?;?????;?;5000
LHQ0152;YX-AP200-EMBRAYAGE CPLT(5T6P)/AP200?????5T6P;12?/?;?????;?;6500
LHQ0154;YX-AP200-EMBRAYAGE CPLT (5T7P)/AP200?????5T7P-???-LF200;12?/?;?????;?;5867
LHQ1110;YX-CG125-LINTO-CPLT-4T5P CG125????4T5P-???;30?/?;?????;?;2650
LHQ1111;EV-CG125-LINTO-CPLT-5T5P CG125????5T5P-???;30?/?;?????;?;2750
LHQ1112;YX-CG125-LINTO-CPLT-5T5P/CG125????5T5P-???;30?/?;?????;?;2750
LHQ1114;YX-CG150-LINTO-CPLT-5T6P/CG150????5T6P-???;30?/?;?????;?;2900
LHQ1118;YX-AP200-LINTO-CPLT-5T6P/AP200????5T6P-???;30?/?;?????;?;3500
LHQ1120;YX-AP200-LINTO-CPLT-5T7P/AP200????5T7P;30?/?;?????;?;4000
LHQ1202;UFC-AP200-EMBRAYGE-CPLT-(5T6P )/UFC-AP200?????5T6P;12?/?;?????;?;8500
LHQ1212;YX-AP200-BOITIER/AP200???????;20?/?;?????;?;3000
LHQ1238;KTM110-CHATO/M-KTM110???????-???;12?/?;?????;?;
LHQ1249;YX-KTM-CHATO BOL SIMPLE/KTM???????-???;12?/?;?????;?;
LHQ1264;SV-HJ150-9-EMBRAYAGE CPT/SV-HJ150-9?????;12?/?;?????;?;14000
LHQ1267;SV-NEO125-CHATO/SV-NEO125???????;12?/?;?????;?;15000
LHQ1279;HC-CG125/150-BOITIER/CG125/150???????;100?/?;?????;?;2300
LHQP002;YX-AP200-DISQUE-7P YX-AP200????-??7?;100?/?;????;?;1050
LHQP004;YX-AP200-DISQUE-6PYX-AP200????-??6?;100?/?;????;?;900
LHQP008;YX-CG150-DISQUE-6P /YX-CG150????-6?-?3.15;100?/?;????;?;700
LHQP018;YX-JY110 DISQUE-5P /YX-JY110????-5?;100?/?;????;?;600
LHQP020;YX-CG125-DISQUE /YX-CG125????-5?-?3.3;100?/?;????;?;580
LHQP021;EV-CG125-DISQUE /EV-CG125????-5?-?3.3;100?/?;????;?;600
LHQP032;UFC-CG125-DISQUE D'EMBRAGAGE/UFC-CG125????-5?;100?/?;?????;?;700
LHQP042;SV-CG125-DISQUE /SV-CG125????-5?-?3.3;100?/?;????;?;1000
LHQP043;SV-CG150-DISQUE /SV-CG150????-6?-?3.15;100?/?;????;?;1200
LHQP048;CG200-DISQUE D'EMBRAGAGE-6T/M-AP200????-??6?;100?/?;????;?;
LHQP050;YX-NEO125-DISQUE/YX-NEO125????;100?/?;????;?;1000
LHQP054;SV-TVS180-DISQUE D'EMBRAGAGE / SV-TVS180????;100?/?;????;?;2000
LHQP055;SV-NEO125-DISQUE D'EMBRAGAGE-4T/SV-NEO125????;100?/?;????;?;4500
LHQX002;UFC-CG125 LINTO-CPLT-4T5P/UFC-CG125????4T5P-???;20?/?;?????;?;3000
LHQX004;UFC-CG150 LINTO-CPLT-6T6P/UFC-CG150????5T6P-???;20?/?;?????;?;3250
LHQX010;SV-CG125-LINTO CPLT-5T5P/CG125????5T5P-???;20?/?;?????;?;3000
LHQX017;"YX-TVS180 LINTO 	 YX-TVS180???";50?/?;?????;?;1700
LHQX018;YX-TVS180-LINTO-CPLT/YX-TVS180????;30?/?;?????;?;3500
LHQX025;SV HJ150-9-LINTO-CPLT /SV-HJ150-9????;20?/?;?????;?;6500
LHQX027;SV-NEO125 LINTO CPT/SV-NEO125????;20?/?;?????;?;6000
LHQX028;SV-NEO125-LINTO SIMPLE/SV-NEO125???;50?/?;?????;?;2000
LHQX037;SV-YBR125-LINTO-CPLT 4DISQUE/SV-YBR125????-4?;20?/?;?????;?;6500
LJ0041;YX-CD110 JOINT CYLINDRE YX-CD110???;1000?/?;??;?;25
LJ0053;"YX-X-1 TAMBOUT GD PION 	 YX-X-1?????";50?/?;??;?;1500
LJ0061;YX-LJ110-ECHAPPEMENT-GRAND/LJ110???-?;6?/?;???????;?;6500
LJ0065;YX-X-1 TAMBOUT FERADO CPT  YX-X-1??????-?;20?/?;????;?;2250
LJ0081;YX-LJ110-AXE MOTEUR CPT/LJ110???;10?/?;????????????;?;4000
LJ0083;EV-LJ110-BOULE DE POIGNET/EV-LJ110???;100?/?;????????;?;700
LT00019;YX-CD110-PIT CHAINE-84L/ CD110???-25H-84L-LJ110;200?/?;???;?;350
LT00020;EV-CD110-PT-CHAINE-84L /CD110???-25H-84L;200?/?;???;?;325
LT00021;YX-SPARK-PIT CHAINE 86L/SPARK???;200?/?;???;?;750
LT00023;YX-YBR125-PIT CHAINE 88L/ YRB125???-??88L;200?/?;YBR??;?;600
LT00030;EV-TVS 160 CHAINE DEMARREUR/EV-TVS160???3*4-94L;200?/?;???;?;700
LT00031;YX-GN125-CHAINE-428-116L /YX-428-116L???;25?/?;??;?;1350
LT00033;YX-JY110-CHAINE-428-108L YX-428-108L???;25?/?;??;?;
LT00103;YX-CD110-PIT CHAINE+ROULETTE /YX-CD110???+???;100?/?;???;?;650
LT00115;SV HJ110-3 PETITE CHAINE/SV-HJ110-3???-25H-84L;200?/?;??;?;1500
LT00118;YX-NEO125-PT CHAINE 2×3-92L/YX-NEO125???2×3-92L;200?/?;???;?;850
LT00119;SV-TVS180-PETITE CHAINE/SV-TVS180???3*4-94L;200?/?;??;?;1500
LT00120;SV HJ150-22 PETITE CHAINE /SV-HJ150-22???-2*3-100L;200?/?;??;?;1500
LT00123;SV-YBR125PT-CHAINE-25H-88L/SV-YBR125???-25H-88L;200?/?;??;?;1000
LT005;EV-110-90-16CHAMBRE EV-110/90-16????;50?/?;EV;?;1100
LT007;EV-300-18 CHAMBRE  EV-3.00-18????;50?/?;EV;?;850
LT037;YX-2.75-17CHAMBRE /YX-2.75-17????;50?/?;?????;?;850
LT043;YX-PNEU110/90-16(ALOBA/GN125)YX-110/90-16 ML308 65P TL-??;1?/?;?????;?;11500
LT045;YX-PNEU2.75-18(ALOBA)ML106 /2.75-18 ML106 4PR;5?/?;?????;?;4835
LT047;YX-PNEU2.75-17(CST)ML503 /YX-2.75-17 ML503 4PR TT-??;5?/?;?????;?;5000
LT049;YX-PNEU2.50-17(CST)ML469/YX-2.50-17ML469 4PR TT-??;5?/?;?????;?;4800
LT051;YX-PNEU4.50-12 ML609 /YX-4.50-12 ML609 6PR TT ????;1?/?;?????;?;11000
LT057;YX-PNEU70/90-17 ML419 /YX-70/90-17 ML419 43P TT-??;5?/?;?????;?;7000
LT060;YX-PNEU3.00-18 ML359 /YX-3.00-18 ML359 6PR TL-??;1?/?;?????;?;8000
LT064;YX-PNEU5.00-12 ML622 /YX-5.00-12 ML622 8PR TT-????;1?/?;?????;?;13500
LT067;YX-PNEU2.75-18(GN125)ML101/YX-2.75-18 ML101 4PR;5?/?;?????;?;6000
LT069;YX-110/90-16CHAMBRE /YX-110/90-16????;50?/?;?????;?;1100
LT071;YX-250-17CHAMBRE /YX-2.50-17????;50?/?;?????;?;800
LT072;YX-3.00-18CHAMBRE /YX-3.00-18????;50?/?;?????;?;850
LT073;YX-2.75-18CHAMBRE /YX-2.75-18????;50?/?;?????;?;850
LT075;YX-5.00-12 CHAMBRE/5.00-12????;50?/?;?????;?;1200
LT076;EV-3.00-17CHAMBRE  EV-3.00-17????;50?/?;EV;?;850
LT079;YX-PNEU2.75-17(CCDO)ML716 /YX-2.75-17 ML716 4PR TT-????;5?/?;?????;?;5700
LT083;YX-PNEU80/90-17 /YX-80/90-17 ML431A 44P TL-??;1?/?;?????;?;8000
LT084;YX-300-18 PNEU TUBLAISE ML355 /YX-3.00-18 ML355 6PR TT??;5?/?;?????;?;7500
LT086;YX-PNEU TUBLAISE3.50-16 ML369 /YX-3.50-16 ML369 6PR TL-??;1?/?;?????;?;11000
LT093;YX-PNEU110/80-17 TH-525/ YX-110/80-17 TH-525 TL-??;1?/?;?????;?;13000
LT101;EV- 2.75-17CHAMBRE EV-2.75-17????;50?/?;EV;?;850
LT102;YX-PNEU110/90-16(CCDO)110/90-16 ML719 65P TL-??;1?/?;?????;?;11500
LT104;YX-PNEU110/90-16(ALOBA/GN125)YX-110/90-16 FT331-??;1??;?????;?;11500
LT105;YX-PNEU2.75-17(KINDKO)FT163/YX-2.75-17??;5?/?;?????;?;6500
LT107;YX-PNEU2.75-18(ALOBA)FT152/2.75-18 FT152-??;5?/?;?????;?;5700
LT108;YX-PNEU80/90-16 FT355 /YX-80/90-16 FT355 TT???;1?/?;?????;?;7000
LT109;YX-PNEU400-12 /YX-4.00-12?? AP150ZK;1?/?;?????;?;8500
LT119;YX-PNEU110/90-17/110/90-17 ??;1?/?;?????;?;14000
LT124;YX-PNEU3.00-18FT163/3.00-18 FT163-??;5?/?;?????;?;7500
LT125;YX-3.00-17 CHAMBRE YX-3.00-17????;50?/?;?????;?;850
LT127;YX-3.50-10CHAMBRE  /YX-3.50-10????;50?/?;?????;?;814
LT128;YX-PNEU90/90-18 FT488/ YX-PNEU90/90-18 FT488-??;10?/?;?????;?;8000
LT129;YX-PNEU90/90-18 FT188/ YX-PNEU90/90-18 FT188-??;10?/?;?????;?;4250
LT132;YX-SY-S014 PNEU3.75-12  /YX-3.75-12 SY-S014??-AP150ZK;5?/?;?????;?;7500
LT133;YX-PNEU2.75-18(ALOBA)YX-2.75-18P200??;5?/?;?????;?;6000
LT135;YX-PNEU2.50-17(CST)YX-2.50-17 CY202A-4P??;15?/?;?????;?;5000
LT136;YX-PNEU2.75-17(CST)YX-2.75-17 CY201A-6P??;15?/?;?????;?;5000
LT138;YX-PNEU2.50-17(TRAIT)YX-2.50-17YX-001 4PR TT??;15?/?;?????;?;5000
LT139;YX-PNEU2.50-17(CST)YX-2.50-17YX-002 4PR TT??;15?/?;?????;?;5000
LT140;YX-PNEU2.75-17(CST)003YX-2.75-17 YX-003 4PR TT??;15?/?;?????;?;5000
LT141;YX-2.75-17 YX-004 6PR TT??;15?/?;?????;?;6500
LT142;YX-80/90-16 YX-005 6PR TT??;15?/?;?????;?;7500
LT145;YX-PNEU2.75-18(GN125)YX-008YX-2.75-18YX-008 4PR TT??;15?/?;?????;?;5700
LT146;YX-PNEU2.75-18(ALOBA)YX-2.75-18YX-009 4PR TT??;15?/?;?????;?;5700
LT147;YX-3.00-18 YX-010 6PR TT??;15?/?;?????;?;8000
LT148;YX-PNEU110/90-16(ALOBA/GN125)110/90-16 YX-011 6PR TL??;1?/?;?????;1?/?;11500
LT151;YX-4.00-12 YX-014 8PR TT??;1?/?;?????;?;8000
LT153;YX-PNEU5.00-12/YX-016/YX-5.00-12/YX-016/8PR/TT??;?;?????;?;12500
LT155;PNEU3.75-12 YX-013 YX-3.75-12 YX-013 6PR TT??;5?/?;?????;?;7000
LT156;YX-110/80-17 YX-018 57H TL??;1?/?;?????;?;
LT158;PNEU4.50-12 YX-020 YX-4.50-12 YX-020 8PR TT??;2?/?;?????;?;11000
LT159;YX-2.75-17 YX-021 4PR TT??;15?/?;?????;?;6500
LT160;YX-110/90-16 YX-022 65P TL??;1?/?;?????;?;11500
LT166;"YX-PNEU5.00-12 YX-028 	 YX-5.00-12 YX-028 8PR TT??";1?/?;?????;?;13000
LT167;YX-PNEU130/70-17 YX-029  YX-130/70-17 YX-029 4PR TL??;1?/?;?????;?;19000
LT168;PNEU130/70-17 YX-030 YX-130/70-17 YX-030 4PR TL??;1?/?;?????;?;19000
LT169;PNEU100/80-17 YX-031 YX-100/80-17 YX-031 4PR TL??;1?/?;?????;?;14000
LT170;"YX-PNEU100/80-17 YX-032 	 YX-100/80-17 YX-032 4PR TL??";1?/?;?????;?;14000
LT171;PNEU90/90-17 YX-033 YX-90/90-17 YX-033 4PR TL??;1?/?;?????;?;14000
LT172;PNEU120/70-17 YX-034 PNEU120/70-17 YX-034;1?/?;?????;?;19000
LT174;YX-PNEU110/90-16(KINDKO)YX-110/90-16 YX-036PR TL??;1?;?????;?;11500
LT175;PNEU110/90-16 CY279 6PR TL YX-110/90-16 CY279 6PR TL??;1?/?;?????;?;11500
LT176;PNEU3.00-17YX-038/YX-3.00-17 YX-038 6PR TL??;1?/?;?????;?;8000
LT178;YX-3.50-16 YX-040 6PR TT??;10?/?;?????;?;9000
LT179;"YX-PNEU5.00-12 YX-041 	 YX-5.00-12 YX-041 8PR TT??";1?/?;?????;?;15000
LT203;PNEU 7.50-16 ????-?????????;1?/?;?????;?;65000
LT204;PNEU 6.00-14 ????-?????????;1?/?;?????;?;55000
LT205;YX-165/175-13????;50?/?;?????;?;
LT217;"YX-PNEU3.00-17 YX-046 	 YX-3.00-17 YX-046 6PR TL??";1?/?;?????;?;8000
LT218;"YX-PNEU3.00-18 YX-047 	 YX-3.00-18 YX-047 6PR TL??";1?/?;?????;?;8500
LT219;"YX-PNEU3.00-18 YX-048 	 YX-3.00-18 YX-048 6PR TL??";1?/?;?????;1?/?;8000
LT220;"YX-PNEU110/90-17 YX-049 	 YX-110/90-17 YX-049 60P TL??";1?;?????;?;13000
LT221;"YX-PNEU2.75-17 YX-050 	 YX-2.75-17 YX-050 6PR TT??";10?/?;?????;?;6500
LT222;"YX-PNEU2.75-17 YX-051 	 YX-2.75-17 YX-051 6PR TT??";10?/?;?????;?;6500
LT223;YX-PNEU 3.00-18 YX-052  YX-3.00-18 YX-052 6PR TT??;5?/?;?????;?;8500
MD00001;YX-CD110-DEMARREUR-AV-FIL /YX-CD110????;12?/?;??;?;4000
MD00005;YX-CG125-DEMARREUR-AV-FIL /YX-CG125????-9?;12?/?;??;?;4750
MD00016;YX-CG200-DEMARREUR-AV-FIL/YX-CG200??-??;12?/?;??;?;5000
MD00023;EV-AP200-PIGNON DEMARREUR/EV-AP200???;100?/?;??;?;1400
MD00024;YX-AP150-20-DEMARREUR-AV-FIL/YX-AP150-20??-??;12?/?;??;?;4750
MD00026;EV-AP200-DEMARREUR-AV-FIL /EV-AP200??-??-11???;12?/?;??;?;4070
MD00027;YX-AP200-DEMARREUR /YX-AP200??-??-11???;12?/?;??;?;4500
MD00029;YX-TVS180-DEMARREUR/YX-TVS180??;12?/?;??;?;7000
MD00032;CG125 GN125-CG125 DEMARREUR-AV-FIL/M-CG125????-9?;12?/?;??;?;
MD00033;SV-TVS180-DEMARREUR-AV-FIL/SV-TVS180??-??;12?/?;??;?;15000
MD00036;CD110-DEMARREUR-AV-SON/M-CD110????-DY100-LJ110;12?/?;??;?;
MD00041;SV-DR190-DEMARREUR-AV-FIL/SV-DR190??-??;12?/?;??;?;18000
MK0018;YX-MK150-MANETTE+SUPORT/YX-MK150????+??;100?/?;????;?;
MK0025;YX-MK150-MANETTE FREIN+SUPOR/YX-MK150????+??;100?/?;????;?;
MK0047;YX-AP150-20-BOITE MARCHE AR/AP150-20???;4?/?;??????????;?;10750
MK0054;YX-MK150 CDI /YX-MK150???-6?;50?/?;??;?;2750
NE0125-057;SV-NEO125 DEMARREUR-SANS-SON SV-NEO125??;20?/?;??;?;9000
NE0125-057(???;"SV-NEO125 DEMARREUR-SANS-SON 	 SV-NEO125??????";18?/?;??;?;9000
NEO125-005;YX-NEO125TENDEUR CAOUTHOUC/ NEO125??;500?/?;??;?;750
NEO125-006;YX-NEO125-ARBRE A CAME/ NEO125??;100?/?;??;?;3500
NEO125-007;YX-NEO125 RAMPS/ NEO125??;100?/?;??;?;3000
NEO125-008;YX-NEO125-LINTO-CPLT /NEO125????;30?/?;?????;?;3500
NEO125-009;YX-NEO125-LINTO SIMPLE/NEO125???;50?/?;?????;?;1500
NEO125-011;YX-NEO125-CHATO/NEO125???????;12?/?;?????;?;11000
NEO125-012;SV-NEO125 CULASSE CPLT SV-NEO125????;8?/?;????;?;40000
NEO125-013;SV-NEO125-SOUPAPE/SV-NEO125??;200?/?;??;?;2000
NEO125-014;SV-NEO125 ARBRE-A-CAM /SV-NEO125??;100?/?;??;?;3500
NEO125-015;SV-NEO125 RAMPS  /SV-NEO125??;100?/?;??;?;2500
NEO125-016;SV-NEO125 CYLINDRE-CPLT/SV-NEO125??;12?/?;??;?;9000
NEO125-017;SV-NEO125-PISTON-STD+/SV-NEO125??STD+;100?/?;??;?;2300
NEO125-018;SV-NEO125-PISTON-STD++/SV-NEO125??STD++;100?/?;??;?;2300
NEO125-019;SV-NEO125-AXE DE VITESS CMPLET/SV-NEO125?????;10?/?;????????????;?;13500
NEO125-020;SV-NEO125-AXE DE PEDAL CPT/SV-NEO125?????;50?/?;????????????;?;7000
NEO125-021;SV-NEO125-DEMARREUR-AV-FIL/SV-NEO125??????;12?/?;??;?;9000
NEO125-024;SV-NEO125-PETITE CHAINE/SV-NEO125???-2*3-92L;200?/?;??;?;1500
NEO125-025;SV-NEO125 TENTEUR-CAOUCHOUT  SV-NEO125??;200?/?;???;?;2000
NEO125-026;SV-NEO125 TENTEUR  CYLINDRE/ SV-NEO125???;200?/?;??;?;1000
NEO125-029;YX-NEO125 FEU ROUGE/ YX-NEO125??;20?/?;??;?;4500
NEO125-030;YX-NEO125 COUVRE CHAINE YX-NEO125??;100?/?;??????;?;900
NEO125-031;YX-NEO125-PATIN AV/ YX-NEO125???;100?/?;???;?;800
NEO125-044;YX-NEO125 CLIGNOTANT / YX-NEO125???;50?/?;??;?;4000
NEO125-045;YX-NEO125-CASQUE (BLANC)/YX-NEO125??-??;20?/?;???;?;4500
NEO125-046;YX-NEO125-GARDE-BOUE-AV/YX-NEO125?????;25?/?;???;?;3500
NEO125-047;YX-NEO125 GARDE BOUE AV AR YX-NEO125?????;25?/?;???;?;2500
NEO125-048;YX-NEO125-PHASSADE (ROUGE)/YX-NEO125?????-??;1?/?;???;?;85000
NEO125-049;YX-NEO125 CAPOT PT PION /YX-NEO125???;100?/?;??????;?;2500
NEO125-050;YX-NEO125-PHASSADE(BLEU)/YX-NEO125?????-??;1?/?;???;?;85000
NEO125-051;SV NEO125 FILTRE-AIR/ SV-NEO125???;20?/?;???????;?;5000
NEO125-056;SV-NEO125-FOURCHE/ SV-NEO125???;4?/?;??;?;14000
QCX0001;YX-GN125-CABLE EMBRAYAGE /GN125???;100?/?;??  ???;?;290
QCX0002;YX-GN125-CABLE ACCELATEUR  GN125???;100?/?;??  ???;?;275
QCX0003;YX-GN125-CABLE COMPTOUR / GN125???;100?/?;??  ???;?;290
QCX0004;YX-GN125-CABLE COMPTEUR/  GN125???;100?/?;??  ???;?;300
QCX0009;YX-X-1-CABLE ACCELATEUR / YX-X-1???;100?/?;??  ???;?;280
QCX0010;YX-AP200-CABLE EMBRAYAGE/  AP200???;100?/?;??  ???;?;400
QCX0013;EV-CG125-CABLE ACCELATEUR CG125???;100?/?;??  ???;?;300
QCX0014;EV-GN125 CABLE-EMBRAYAGEEV-GN125???;100?/?;EV;?;290
QCX0015;EV-GN125-CABLE ACCELATEUR GN125???;100?/?;??  ???;?;300
QCX0016;EV-GN125-CABLE COMPTOUR GN125???;100?/?;??  ???;?;300
QCX0017;EV-GN125-CABLE COMPTEUR GN125???;100?/?;??  ???;?;300
QCX0021;YX-HJ125-8-CABLE EMBRAYAGE /HJ125-8???;100?/?;HJ125-8;?;450
QCX0022;YX-HJ125-8-CABLE ACCELATEUR/ HJ125-8???;100?/?;HJ125-8;?;450
QCX035;EV-SY125-8 INSTALLATION  EV-SY125-8???;50?/?;EV;?;2500
QCX036;YX-AP150-CABLE EMBRAYAGE/ AP150???;100?/?;??  ???;?;400
QCX045;YX-CG125-CABLE ACCELATEUR  /CG125???;100?/?;??  ???;?;280
QCX053;YX-ROUGE FIL-BATTERIE-ROUGE /YX-???-????;2000?/?;???;?;150
QCX056;EV-AP200-CABLE-ACCELATEUR  AP200???;100?/?;??  ???;?;350
QCX063;YX-X-1-CABLE COMPTEUR /X-1???;100?/?;??  ???;?;275
QCX064;AP200-CABLE TARPOTAGE/ AP200???;30?/?;??  ???;?;1500
QCX065;AP175-CABLE TARPOTAGE /AP175???;40?/?;??  ???;?;1500
QCX066;AP150-20 CABLE ROUGE CARBOTAGE /AP150???;40?/?;??  ???;?;1500
QCX068;YX-LJ110-CABLE COMPTEUR/LJ110???;100?/?;??  ???;?;300
QCX081;YX-AP200-CABLE ACCELATEUR/ AP200???;100?/?;??  ???;?;275
QCX082;YX-AP150-20-CABLE ACCELATEUR  AP150-20???;100?/?;??  ???;?;275
QCX086;YX-TVS180-CABLE ACCELATEUR /TVS180???;100?/?;??  ???;?;600
QCX095;YX-TVS180-CABLE EMBRAYAGE /TVS180???;100?/?;??  ???;?;600
QCX096;GN-CABLE-EMBRAYAGE/M-GN125???;100?/?;??  ???;?;
QCX100;YX-FIL-BATTERIE-NOIRE /YX-?????-?;2000?/?;???;?;60
QCX103;EV-AP200-INSTALLATION EV-AP200???;30?/?;???;?;3725
QCX104;YX-AP200-INSTALLTION /YX-AP200???;30?/?;???;?;4500
QCX108;YX-SY125-10-INSTALLATION/YX-SY125-10???;50?/?;???;?;2300
QCX109;YX-AP150-20-INSTALLATION/ YX-AP150-20???;30?/?;???;?;4250
QCX110;YX-AP175-INSTALLATION /YX-AP175???;30?/?;???;?;4500
QCX114;YX-CD110-INSTALLATION/YX-CD110???;50?/?;???;?;2500
QCX121;GN125-CABLE ACCELATEUR/M-GN125???;100?/?;??  ???;?;
QCX125;YX-NEO125-CABLE-ACCELATEUR/NEO125???;100?/?;??  ???;?;500
QCX126;YX-NEO125- CABLE EMBRAYAGE/NEO125 ???;100?/?;??  ???;?;500
QCX133;SV-TVS180 CABLE EMBRAYAGE SV-TVS180???;100?/?;??  ???;?;1000
QCX137;AP200-CABLE-EMBRAYAGE/M-AP200???;100?/?;??  ???;?;
QDG0003;YX-CD110-PEDAL DEMARRAGE /YX-CD110???-LJ110;50?/?;???;?;800
QDG0004;EV-CD110-PEDAL EV-CD110???;50?/?;???;?;850
QDG0007;YX-AP200-PEDAL DEMARRAGE/ YX-AP200??????-???;50?/?;???;?;1600
QDG0009;YX-GN125-PEDAL TORDU  /YX-GN125???-?S;50?/?;???;?;900
QDG0010;YX-CG125-PEDAL-DIRECT /YX-CG125???-?-??;50?/?;???;?;850
QDG0011;EV-CG125-PEDAL EV-CG125???-?-??;50?/?;???;?;799
QDG0018;EV-ALOBA -PEDAL TORDU/EV-ALOBA???-?S;50?/?;???;?;850
QDG0019;EV- AP200  PEDAL MANIVELLE/  EV-AP200??????-???;40?/?;???;?;1600
QDG0024;EV-AP150 -PEDAL 2 ECROU/EV-AP150???-??;30?/?;???;?;1334
QDG0025;YX-AP150-PEDAL 1 ECROU/ YX-AP150???-??;40?/?;???;?;1250
QDG0026;YX-AP150-PEDAL 2 ECROU /YX-AP150???-??;30?/?;???;?;1450
QDG0031;YX-ALOBA-PEDAL DORTU /YX-ALOBA???-?S;50?/?;???;?;900
QDG0041;M-GN125-PEDAL DEMARRGE M-GN125???-?S;50?/?;???;?;
QDG0051;SV HJ150-9 PEDAL MANIVELLE /SV-HJ150-9???;30?/?;???;?;2500
QDG0053;"YX-CD110PEDAL -LJ110-NOIR	 YX-CD110???-LJ110-??";50?/?;LJ110??;?;800
QDG0055;HJ150-22-PEDAL/YX-HJ150-22???;50?/?;???;?;
QHL0004;GN125-JANTE CPT /GN125???;1?/?;???;?;30000
QHL0008;ALOBA-JANTE-AR / ALOBA??;2?/?;???;?;12500
QHL0009;ALOBA-JANT-AV / ALOBA??;2?/?;???;?;15000
QHL0010;GN125-JANTE ARR / GN125??;2?/?;???;?;12500
QHL0011;GN125-JANTE AV /GN125??;2?/?;???;?;13000
QHL0033;CGL-JANTE AV/CGL??;2?/?;???;?;11000
QHL0034;CGL-JANTE ARR/ CGL??;2?/?;???;?;12500
QHL0035;ALOBA-JANTE CPT /ALOBA???;1?/?;???;?;30000
QHL0040;EV-ALOBA-TAMBOUT FERADO CPT  /EV-ALOBA??????+????;20?/?;???;?;2500
QHL0041;KTM-JANTE ARR BLANC / X-1??-??;2?/?;???;?;12500
QHL0044;CGL-JANTE ARR VERT /CGL??-??;2?/?;???;?;12500
QHL0047;YX-ALOBA-PORT PATIN CPT /YX-ALOBA??????+????;20?/?;???;?;2500
QHL0048;X-1-JANTE CPT NOIR (CCDO) /X-1???-????;1?/?;???;?;25000
QHL0050;KTM-JANTE AV BLANC /X-1??-??;2?/?;???;?;10000
QHL0051;KTM-JANTE AV NOIR /X-1??-??;2?/?;???;?;15000
QHL0059;YX-CG125-PORT PATIN SIMPLE/CG125????-?;50?/?;???;?;1300
QHL0065;EV-GN125-TAMBOUT-DE-FERADO  GN125????-?;50?/?;??????;?;1300
QHL0070;YX-GN125-PORT PATIN SIMPLE /GN125????-?;50?/?;???;?;1300
QHL0075;YX-CG125-PORT PATIN CPT/CG125??????+????;20?/?;???;?;2250
QHL0081;"EV-ALOBA PORT FERADO SIMPLE	 EV-ALOBA???-?";50?/?;??????;?;1400
QHL0083;YX-ALOBA-PORT GD PION CPT/YX-ALOBA?????;50?/?;???;?;1750
QHL0084;EV-ALOBA TAMBOUT DE FERADO SIMPLE  EV-ALOBA????-?;50?/?;EV;?;1300
QHL0085;YX-ALOBA-PORT PATIN SIMPLE /YX-ALOBA????-?;50?/?;???;?;1300
QHL0087;YX-GN125-PORT GD PION CPT/GN125?????;50?/?;???;?;1750
QHL0097;EV-GN125 TAMBOUT DE FERADO-CPLT EV-GN125??????;20?/?;EV;?;2500
QHL0098;YX-GN125-PORT PATIN CPT/GN125??????+????;20?/?;???;?;2500
QHL0101;SY125-8-JANTE ARR BLANCE/SY125-8??-???;2?/?;???;?;12500
QHL105;SV-NEO125-JANTE CPT/NEO125???;1?/?;???;?;35000
QHL106;CG125-JANT-AV/CG125??-???????;2?/?;???;?;14000
QHL126;YX-SY125-8-JANTE AV BLANCE/YX-SY125-8??-???;2?/?;???;?;12000
QHL127;CGL JANT CPT CGL ???-??;1?/?;???;?;25000
QHL131;GN125-PORT GD PION/M-GN125?????;50?/?;??;?;
QHL133;X-1-JANT AV (CCDO)/X-1??-??+??;2?/?;???;?;11128
QHL134;X-1-JANT-AR-(CCDO)/X-1??-??+???CCDO);2?/?;???;?;12500
QHL135;SV HJ150-9 PORTE FERADO COMPLET /SV-HJ150-9??????;20?/?;?????;?;5500
QHL145;SV HJ150-22 PORT GD PION/YX-HJ150-22?????;50?/?;HJ150-22;?;3000
QHL148;SY125-8-JANTE CPT BLAN/SY125-8???-???;1?/?;???;?;30000
QHL154;ALOBA-PORT GD PION/M-ALOBA?????;50?/?;??;?;
QM00003;YX-CD110-SOUPAPE+JOINT/YX-CD110??+????;200?/?;??;?;350
QM00004;EV-CD110-SOUPAPE  CD110??;200?/?;??;?;350
QM00005;YX-CG150-SOUPAPE/CG150??;200?/?;??;?;400
QM00007;YX-CG125-SOUPAPE/CG125??;200?/?;??;?;375
QM00008;EV-CG125 SOUPAPE  EV-CG125??;200?/?;EV;?;375
QM00009;YX-CG200-SOUPAPE+JOINT/YX-CG200??+????;200?/?;??;?;500
QM00010;YX-AP200-SOUPAPE/AP200??;200?/?;??;?;500
QM00012;EV-CG200-SOUPAPE /EV-ZS200??-??;200?/?;??;?;
QM00016;YX-YBR125-SOUPAPE / YBR125??;200?/?;YBR??;?;500
QM00020;YX-CG125-TIRE SOUPAPE /CG125????;500?/?;??;?;300
QM00036;SV-CG125-SOUPAPE+JOINT/CG125??+????;200?/?;??;?;1500
QM00038;SV-CG150-SOUPAPE+JOINT/SV-CG150??+????;200?/?;??;?;1500
QM00039;SV-CD110-SOUPAPE+JOINT/CD110??+????;200?/?;??;?;1200
QM00052;SV-TVS180 SOUPAPE+JOINT/SV-TVS180??+????;200?/?;??;?;2000
QSP0001;YX-GN125-PATIN AV/ GN125-???-???;100?/?;???;?;300
QSP0002;EV-GN125 PATIN AVANT  EV-GN125???-???;100?/?;EV;?;300
QSP0009;YX-X-1-PATIN AV /YX-X-1???-???;100?/?;???;?;300
QSP0010;EV-X-1 PATIN AVANT  EV-X-1???-???/BEST/CD110;100?/?;EV;?;300
QSP0023;GN-PATIN AVANT/M-GN125???-???;100?/?;???;?;
QSP0027;X-1-PATIN AVANT/M-X-1???-???/BEST/CD110;100?/?;???;?;
QSP0029;YX-HJ150-22-PATIN AVANT/YX-HJ150-22???;100?/?;????;?;500
QSX157;CABLE EMBRE /YX-GN125????GS??;100?/?;??  ???;?;290
QT00006;RENI FLEUR??????;1000?/?;??;?;150
QT00048;LG COLLE /LG?;100?/?;??;?;300
QT00073;FIL ATTACHE EN TETE CAOUCHOUT /???-???;500?/?;??;?;150
QT00076;YBR125-ECHAPEMNET/ YBR125???;6?/?;YBR??;?;14000
QT00085;SCOCHE NOIR /???;500?/?;??;?;90
QT00088;YX-?????;100?/?;????????;?;
QT00093;YX-GN125-BILLE DIRECTION GN125????;100?/?;??;?;700
QT00144;YX-??3*3;;????????;?;
QT00147;??????-45*100;;??;?;0
QT00148;SV-??;50?/?;????????;?;
QT00151;SV ????-45*100Y;140?/?;??;?;
QT00152;YX-??? 2022??;50?/?;????????;?;
QT00153;YX-???-2022?;100?/?;????????;?;
QT00154;YX-???--??-2022;100?/?;????????;?;
QT00155;YX-???--??--2022;100?/?;????????;?;
QT00156;YX-?????;;??;?;
QT00157;YX-???????;;??;?;
QT00159;YX  ???? -45*100Y;140?/?;??;?;
QT00161;YX- BALLON YX-??;50/?;????????;?;
QT00505;FIL ATTACHE EN TETE FER /???-??;500?/?;??;?;150
QT00531;YX-888-CASQUE DE SECURITE PETIT /??-??888;12?/?;??;?;4000
QT00531???2?;YX-888-CASQUE DE SECURITE PETIT /??-??888???2?;18?/?;??;?;4000
QT00532;YX-918-CASQUE DE SECURITE GROS /??-??918;9?/?;??;?;5343
QT00533;YX-828-CASQUE DE SECURITE/  ??-??? 828;12?/?;??;?;9000
QT00536;YX-VERRE CASQUE ????-??888;120?/?;??;?;350
QT00539;(HS)YX-NOIR CASQUE DEVOILE285  /??-???285-??;9?/?;??;?;15000
QT00540;YX-NOVO NOIR CASQUE DEVOILE285   /YX-??-???285-???;9?/?;??;9?/?????;15000
QT00543;YX-CASQUE SPIDE MAN NOIR / YX-??-SPIDER MAN-??;9?/?;??;?;15000
QT00544;YX-CASQUE SPIDE MAN BLEU /YX-??-SPAIDE-MAN-??;9?/?;??;?;15000
QT00548;YX-CD110-CHARBON DEMARIERE /CD110??;500?/?;??;?;250
QT00549;YX-??-???285-??;9?/?;??;9?/?????;15000
QT00554;???-??? 115*180;2000?/?;????????;?;
QT00562;POWEK BOITE AU MILLIEU POWEK???;4?/?;??;?;6000
QT00583;YX-colle de carter  85  YX-??????85??;144?/?;??;?;350
QT00583????;colle de carter/YX-??????85??;144?/?;??;?;350
QT00584;YX- colle a/b 20 grammesYX-AB?-20?;288?/?;??;?;200
QT00584????;colle a/b/YX-AB?-20?;288?/?;??;?;200
QT00585;YX-colle a/b 60grammes   YX-AB?-60?;288?/?;??;?;250
QT00585????;colle a/b/YX-AB?-60?;288?/?;??;?;250
QT0065;HC-ROULEMENT6301 / HC-6301??;300?/?;??;?;190
QT0066;HC-ROULEMENT6204  /HC-6204??;200?/?;??;?;280
QT0067;HC-ROULEMENT6300 /HC-6300??;300?/?;??;?;190
QT0068;HC-ROULEMENT6202/ HC-6202??;300?/?;??;?;180
QT0069;HC-ROULEMENT6203 HC-6203??;300?/?;??;?;210
QT0070;HC-ROULEMENT6302/ HC-6302??;300?/?;??;?;210
QT0071;HC-ROULEMENT6008 / HC-6008??;100?/?;??;?;600
QT0072;HC-ROULEMENT6304/ HC-6304??;200?/?;??;?;425
QT0073;HC-ROULEMENT6205 / HC-6205??;200?/?;??;?;425
QT0074;HC-ROULEMENT6004 /HC-6004??;300?/?;??;?;220
QT0077;YX-X-1  JEU DIRECTION  YX-X-1????;100?/?;??;?;600
QZ00003;YX-CD110-VILBREQUIN LONG YX-CD110??-?;10?/?;??;?;5750
QZ00004;EV-KTM110-VILBREQUIN LONG/EV-CD110??-?;10?/?;??;?;6100
QZ00005;YX-CG125-VILBREQUIN /YX-CG125??;6?/?;??;?;8250
QZ00008;YX-CG200-VILBREQUIN /YX-CG200??;6?/?;??;?;10000
QZ00010;YX-AP200-VILBREQUIN /YX-AP200????-??200;6?/?;??;?;10500
QZ00019;YX-YOROBO-VILBREQUIN /YX-YOROBO??;6?/?;??;?;10000
QZ00021;YX-ALOBA-VILBREQUIN/ YX-ALOBA??;6?/?;??;?;8250
QZ00023;YX-YBR125-VILBREQUIN-18T /YX-YBR125??18?-F28;6?/?;YBR??;?;13000
QZ00024;YX-YBR125-VILBREQUIN-17T/ YBR125??17?-F28;6?/?;YBR??;?;13000
QZ00031;YX-CG150-VILBREQUIN YX-CG150??;6?/?;??;?;8500
QZ00041;YX-AP175-VILBREQUIN /YX-AP175??;6?/?;??;?;10000
QZ00043;EV-TVS160-VILBREQUIN EV-TVS160??;6?/?;??;?;14000
QZ00045;EV-YBR125-VILBREQUIN(17T)/EV-YBR125??17?-F28;6?/?;??;?;14000
QZ00046;EV-YBR125-VILBREQUIN(18T)/EV-YBR125??18?-F28;6?/?;??;?;14000
QZ00051;UFC-CD110 VILBREQUIN LONG / UFC-CD110??-?;10?/?;??;?;6500
QZ00071;YX-HJ125-8-VILBREQUIN /HJ125-8??;6?/?;HJ125-8;?;8500
QZ00075;SV-CG125-VILBREQUIN/CG125??;6?/?;??;?;12000
QZ00076;SV-CG150-VILBREQUIN/CG150??;6?/?;??;?;12000
QZ00078;SV-CD110-VILBREQUIN LONG/CD110??-?;10?/?;??;?;9500
QZ00080;SV-ALOBA-VILBREQUIN-ALOBA??-???;6?/?;??;?;12000
QZ00086;CD110-VILBREQUIN LONG/M-CD110??-?;10?/?;??;?;
QZ00089;ALOBA-VILBREQUIN/M-ALOBA??-???125;6?/?;??;?;
QZ00090;YX-TVS180-VILBREQUIN/TVS180??;6?/?;??;?;14000
QZ00091;YX-NEO125-VILBREQUIN/ YX-NEO125??;6?/?;??;?;14000
QZ00097;YX-TVS160-VILBREQUIN /YX-TVS160??;6?/?;??;?;13500
QZ00098;SV HJ150-9 VILBREQUIN /SV-HJ150-9??;6?/?;??;?;15000
QZ00099;"SV-TVS180 VILBREQUIN 	 SV-TVS180??";6?/?;??;?;17000
QZ00102;SV-YBR125-VILBREQUIN-17T/SV-YBR125??17?-F28;6?/?;??;?;17000
QZ00134;"HC-CG125 VILBREQUIN 	 HC-CG125??";6?/?;??;?;6500
QZ00135;HC-ALOBA VILBREQUIN  HC-ALOBA??;6?/?;??;?;6500
QZ00136;"HC-CG150 VILBREQUIN 	 HC-CG150??";6?/?;??;?;6500
SBKG001;EV-ALOBA-POIGNET-CPLT/ALOBA??????;50?/?;????;?;2396
SBKG002;YX-ALOBA-POIGNET DROITE/ALOBA??????;100?/?;????;?;1400
SBKG003;YX-ALOBA-POIGNET CPT/ALOBA??????;50?/?;????;?;2500
SBKG007;YX-GN125-POIGNET CPT(PIT SL)/YX-GN125??????-??SL;50?/?;????;?;2200
SBKG008;YX-GN125-POIGNET CPT (GRAND AP)  /YX-GN125??????-??AP;50?/?;????;?;2200
SBKG011;YX-AP200-POIGNET CPT/AP200??????;50?/?;????;?;2500
SBKG015;YX-X-1-POIGNET CPT/YX-X-1??????;50?/?;????;?;1900
SBKG016;YX-X-1-POIGNET DROIT/YX-X-1??????;100?/?;????;?;1000
SBKG022;EV-GN125-POIGNET-CPLT(PET SL) /EV-GN125??????-??SL;50?/?;????;?;2100
SBKG027;GN125-GUIDON/GN125???;30?/?;????;?;1400
SBKG029;YX-GN125-CAOUCHOUC POIGNET/GN125?????;250?/?;????;?;250
SBKG032;EV-SY125-8 MANETTE+SUPORT  EV-SY125-8????+??;100?/?;EV;?;750
SBKG040;EV-ALOBA MANETTE+SUPORT  EV-ALOBA????+??;100?/?;EV;?;650
SBKG047;YX-SY125-8-POIGNET CPT/SY125-8??????;50?/?;????;?;2500
SBKG048;EV-SY125-16-POIGNET CPT/EV-SY125-16??????;50?/?;????;?;2750
SBKG069;YX-GN125-MANETTE EMBRAYAGE SIMPLE /YX-GN125????;200?/?;????;?;200
SBKG082;EV-CGL-CAOUTCHOUC  POIGNET DROIT /EV-CGL??????;50?/?;????;?;2000
SBKG085;YX-SY125-10-POIGNET CPT /YX-SY125-10??????;50?/?;????;?;1800
SBKG095;AP150-20 GUIDON/AP150-20???;30?/?;??????????;?;2300
SBKG101;YX-ALOBA-MANETTE+SUPPORT/ ALOBA????+??;100?/?;????;?;650
SBKG111;CG125 GUIDON  CG125????2.0?-5????;30?/?;???;?;1400
SBKG119;YX-CG125-MANETTE SIMPLE /YX-CG125????;200?/?;????;?;200
SBKG120;YX-SY125-10-MANETTE+SUPORT/YX-SY125-10????+??;100?/?;????;?;700
SBKG121;YX-HJ125-8-POIGNET CPLT /HJ125-8??????;50?/?;HJ125-8;?;2600
SBKG124;YX-AP150-20-POIGNET CPT/ AP150-20??????;50?/?;????;?;2000
SBKG138;YX-SY125-8-MANETTE+SUPORT/SY125-8????+??;100?/?;????;?;750
SBKG142;YX-CD110-POIGNET-CPLT(POWEK) /YX-POWEK??????;50?/?;????;?;1800
SBKG146;"YX-NEO125 POIGNET-CPLT 	 YX-NEO125??????";50?/?;????;?;4000
SBKG155;QX-3001 CAOUCHOUT-POIGNET QX-3001?????-??;40?/?;????;?;750
SBKG156;QX-3002 CAOUCHOUT-POIGNET /QX-3002?????-??;40?/?;????;?;650
SBKG177;SV-NEO125-POIGNET CPT/SV-NEO125??????;50?/?;????;?;8000
SBKG178;YX-SY125-8-POIGNET DROITE/YX-SY125-8??????;100?/?;????;?;1125
SBKG181;MOUSSE DE POIGNET PIQUANT/??????+????????;300?/?;???;?;250
SBKG188;YX-RY150ZK\POIGNET-CPLT/YX-RY150ZK ??????;50?/?;????;?;2500
SBKG189;GUIDONX-1/X-1???;30?/?;???;?;
SCTB004;YX-CD110-FREIN-A-PIED /CD110????;50?/?;????;?;800
SCTB014;EV-KTM X-1-FREIN-A-PIED+AXE /EV-X-1????;50?/?;????;?;800
SCTB020;YX-GN125-FREIN-A-PIED /YX-GN125????+??;50?/?;????;?;850
SCTB021;YX-ALOBA-FREIN-A-PIED /YX-ALOBA????+??;50?/?;????;?;850
SCTB024;EV-CGL FREIN A PIED /EV-CGL????;50?/?;????;?;850
SCTB025;YX-X-1-FREIN-A-PIED /YX-X-1????;50?/?;????;?;800
SCTB027;EV-ALOBA-FREIN-A-PIED+AXE /EV-ALOBA????+??;50?/?;????;?;775
SCTB030;YX-CG125FREIN-A-PIED YX-CG125????-???;50?/?;????;?;850
SCTB033;YX-AP150-20-FREIN A PIED /YX-AP150-20????;50?/?;????;?;1500
SCTB037;GN125-FREIN-A-PIED+AXE/M-GN125????+??;50?/?;????;?;
SCTB038;ALOBA-FREIN-A-PIED+AXE/M-ALOBA????+??;50?/?;????;?;
SCTB040;EV-GN125-FREIN-A-PIED+AXE /EV-GN125????+??;50?/?;????;?;850
SCTB044;X-1-FREIN-A-PIED/M-X-1????;50?/?;????;?;
SCTB045;CD110-FREIN-A-PIED/M-CD110?????POWEK??);50?/?;????;?;
SCTK002;YX-AP150-FERADO/YX-AP150????-180;40?/?;????;?;1300
SCTK003;YX-YBR125-FERADO/YX-YBR125????;80?/?;????;?;1100
SCTK005;YX-GN125-FERADO/YX-GN125????;80?/?;????;?;700
SCTK006;EV-GN125-FERADO/EV-GN125????;80?/?;????;?;850
SCTK012;YX-AP200-FERADO/YX-AP200????-220;40?/?;????;?;1600
SCTK013;YX-CD110-FERADO /YX-CD110????;100?/?;????;?;600
SCTK014;EV-CD110-FERADO/EV-CD110????;100?/?;????;?;700
SCTK027;EV-CG125-FERADO/EV-CG125????;100?/?;????;?;650
SCTK028;YX-CG125-FERADO/YX-CG125????;100?/?;????;?;550
SCTK031;SV-GN125-FERADO/SV-GN125????;80?/?;????;?;1000
SCTK042;HC-CD110-FERADO/HC-CD110????;100?/?;????;?;450
SCTK043;HC-GN125-FERADO/HC-GN125????;100?/?;????;?;550
SJ00001;YX-GN125-CLE SIMPLE / GN125???;100?/?;??;?;800
SJ00002;YX-GN125-CLE /CPT /GN125??;50?/?;??;?;2000
SJ00004;EV-GN125-CLE-SIMPLE  GN125???;100?/?;??;?;800
SJ00005;YX-CG125-CLE-CPT /CG125??;50?/?;??;?;1500
SJ00006;YX-CG125-CLE SIMPLE /CG125???;100?/?;??;?;500
SJ00008;"EV-CG125 CLE-SIMPLE 	 EV-CG125???";100?/?;??;?;550
SJ00042;YX-ALOBA-CLE SIMPLE /ALOBA???;100?/?;??;?;850
SJ00044;EV-GN125 COUVERTUR RESERVOIR  EV-GN125????;100?/?;??;?;750
SJ00055;YX-AP200-CLE CPT /AP200??(??);50?/?;??;?;3000
SJ00056;YX-ALOBA-CLE CPT /ALOBA??;50?/?;??;?;2500
SJ00068;"EV-X-1 CLE-SIMPLE 	 EV-X-1??????";50?/?;??;?;1600
SJ00069;YX-X-1CLE SIMPLE /YX-X-1??????;50?/?;??;?;1600
SJ00071;YX-X-1-CLE CPT /X-1?????;50?/?;??;?;2000
SJ00088;YX-AP175-CLE CPT /AP175??;50?/?;??;?;3000
SJ00093;YX-CG125-COUVERTUE RESERVOIR CG125????;100?/?;??;?;850
SJ00095;YX-HJ125-8-CLE-SIMPLE HJ125-8???;50?/?;HJ125-8;?;2000
SJ00099;YX-AP150-20-CLE CPT /AP150-20??;50?/?;??;?;2000
SJ00102;EV-X-1-CLE COMPLET NOUVEAU/EV-X-1?????-C????;50?/?;??;?;2300
SJ00103;YX-X-1-CLE-CPT NOVO  X-1?????-C????;50?/?;??;?;2100
SJ00109;YX-AP150-20CLE-SIMPLE/ AP150-20???;100?/?;??;?;550
SJ00112;YX-TVS180-CLE-CPT /TVS180??;50?/?;??;?;4500
SJ00113;YX-NEO125-CLE COMPLET/YX-NEO125??;50?/?;??;?;3000
SJ00127;SV-X-CLE-CPT SV-X-1?????;50?/?;??;?;3500
SJ00136;SV-TVS180 CLE-CPT SV-TVS180??;50?/?;??;?;7000
SJ00138;SV-HJ150-9 CLE-CPT SV-HJ150-9??;30?/?;??;?;7500
SJ00139;SV-HJ125-8 CLE-CPT SV-HJ125-8??;50?/?;??;?;5000
SJ00148;SV-YBR125 CLE-SIMPLE SV-YBR125???;50?/?;??;?;3000
SJ00156;YX-ALOBA CLE-SIMPLE YX-ALOBA???;100?/?;??;?;800
SJ00161;EV-ALOBA-CLE-SIMPLE/EV-ALOBA???;100?/?;??;?;800
SJ00162;YX-KTM-AMI CLE-CPT YX-KTM-AMI??;50?/?;??;?;3000
SJ00163;YX-RY150-12 CLE-CPT  /YX-RY150-12??;50?/?;??;?;4000
SJ00164;YX-RY-150-36  CLE-CPT/YX-RY150-36??;50?/?;??;?;3000
SLC0009;AP200-PONT COMPLET(5T)AP200??220???5????1.25M?;1?/?;??????????;?;75000
SLC0012;YX-AP150 PION13 /YX-13??;50?/?;??????????;?;1300
SLC0022;AP200 ARBRE LONG(720)  /AP200?????-?????-720;5?/?;??????????;?;5500
SLC0022????;AP200-AXE PONT LONG(720)  /AP200?????-?????-720;5?/?;??????????;?;5500
SLC0028;AP200-AXE DU PONT COURT( 500)  /AP200?????-?????-500;5?/?;??????????;?;5500
SLC0028????;AP200-AXE DU PONT COURT( 500)  /AP200?????-?????-500;5?/?;??????????;?;5500
SLC0037;AP200-RADIATEUR COMPLET/AP200??-???;5?/?;??????????;?;15000
SLC0046;YX-AP150-PION 12 /YX-12??;50?/?;??????????;?;1300
SLC0049;AP200-TAMBOUT MAYOU AV/AP200?????-???-5?;8?/?;??????????;?;4599
SLC0053;AP200 ETOILE CLOIXON 20*55/YX-???22*55;200?/?;??????????;?;750
SLC0066;AP200-ETILE CLOISON(20*55)/YX-???20*55;200?/?;??????????;?;750
SLC0068;YX-AP200 PION 37 YX-37??-???;20?/?;??????????;?;3750
SLC0071;AP175-VENTILO/ AP175??;10?/?;??????????;?;7000
SLC0073;YX-AP150-20-ECROU+CHAPO /AP150-20?????+??;100?/?;????;?;400
SLC0091;YX-AP150-20 PION DE PONT COMPLET(13:37) /???????-13:37?;8?/?;??????????;?;5500
SLC0095;AP150-20-PONT CPT+CALBOTAGE/ AP150??5?180+???;1?/?;??????????;?;115000
SLC0097;AP150-20-TAMBOUT 5T-180 AP150-20???5T-???-180;6?/?;??????????;?;3800
SLC0098;AP200-LAME 7P /AP200???-7?;1?/?;??????????;?;24000
SLC0103;YX-AP200POMPE A EUO/YX-AP200????;100?/?;???????????????????;?;2000
SLC0105;AP175 ABRE LONG /AP175??-?-715;5?/?;??????????;?;5500
SLC0105????;AP175-AXE 715 LONG /AP175??-?-715;5?/?;??????????;?;5500
SLC0106;AP175 ABRE COURT  /AP175??-?-475;5?/?;??????????;?;5500
SLC0106????;AP175-AXE 475 COURT /AP175??-?-475;5?/?;??????????;?;5500
SLC0107;YX-AP150-BOITE MACHE AR /YX-AP150???-????-???-???;4?/?;??????????;?;11500
SLC0110;AP200-RATIATEUR+VENTILO /AP200?????????+??;5?./?;??????????;?;22000
SLC0112;AP150-SUPPORT ROULEMENT 6007 /???6007??;10?/?;??????????;?;2905
SLC0114;AP200-SUPPORT ROULEMENT 6009 /???6009??;10?/?;??????????;?;4781
SLC0115;AP150-20-DEMI-PONT SIMPLE 4*4/ AP150-20???????????-??6008;2?/?;??????????;?;16000
SLC0118;PORTE PATIN CPT AV/AP150-20???????;10?/?;????;?;4500
SLC0119;AP150-CLOISON GRAND AP150??????-??;40?/?;??????????;?;1430
SLC0121;AP150-20-DEMI PONT COMPLET(6008) / AP150-20??-????-??6008;2?/?;??????????;?;16000
SLC0123;AP200-GRD-CLOIXON 20*55 AP200??????-??20*55;30?/?;??????????;?;2000
SLC0124;AP150-CLOISON ARR PIT AP150??????-???;30?/?;??????????;?;1800
SLC0126;YX-AP150-PION 38 /YX-38??-???;20?/?;??????????;?;2750
SLC0129;AP200-TAMBOUT 5T 220 / 220???-5???;6?/?;??????????;?;4500
SLC0130;AP150-JANTE 4T 4.50-12?????4?4.50-12;5?/?;??????????;?;6000
SLC0131;AP150-JANTE 5T 4.50-12/?????5?4.50-12;6?/?;??????????;?;5000
SLC0132;AP150-20-DEMI PONT COMPLET 4*4 /AP150-20??????????;1?/?;??????????;?;50000
SLC0137;AP150-20 LAMME DE RESSORT (6TIGES)/ AP150-20???-6?;1?/?;??????????;?;23000
SLC0138;AP 200 JANTE BLANC 5T /5.00-12?????5?5.00-12;5?/?;??????????;?;5250
SLC0139;AP200-RATIATEUR AP200??-???;10?/?;??????????;?;4000
SLC0140;11DENT MARCHE ARRIER ??????-11?;100?/?;???;?;800
SLC0141;12DENT MARCHE ARRIER ??????-12?;100?/?;???;?;800
SLC0142;13DENT MARCHE ARRIER/ ??????-13?;100?/?;???;?;800
SLC0143;AP150-20-PONT 13 CALBOTAGE AP150-20?????-13?;50?/?;??????????;?;1800
SLC0154;AP175-PONT CPT + CALBOTAGE /AP175??-??????;1?/?;??????????;?;115000
SLC0155;AP175 LAMME RESSORT (6)/AP175???-6?;1?/?;??????????;?;22000
SLC0156;YX-AP175 37 PIONT-13 COMPLET/YX-13:37????????;15?/?;??????????;?;5500
SLC0159;AP150-20 ARBRE LONG/AP150-20??-?-6008??-665;5?/?;??????????;?;5500
SLC0160;AP150-20-AXE COURT 425/AP150-20??-?-6008??-425;5?/?;??????????;?;5000
SLC0161;YX-AP175-PION-13 YX-???????-13;50?/?;??????????;?;1800
SLC0167;AP150-20A LAME-5P /AP150-20A???-5?;1?/?;??????????;?;23500
SLC0168????;AP175-LAME-6P/YX-AP175???-6?;1?/?;????????;?;22500
SLC0169;ROYAL-VENTILO/ROYAL?????;20?/?;??????????;?;6000
SLC0170;YX-AP200 BOITE-MARCH-AR-ZS /YX-AP200???;4?/?;??;?;14000
SLC0171;AP150-20- DEMI -PONT CARBOTAGE?4*4)????????;2?/?;??????????;?;35000
SLC0172;AP150-20ZK-LAME/AP150-20ZK???;1?/?;????????;?;18000
SLC0174;AP150-20ZK ROYAL TAMBOUT FERADO/AP150-20ZK???;6?/?;??????????;?;3500
SLC0174???2?;AP150-20ZK ROYAL TAMBOUT FERADO/AP150-20ZK???(??2?;8?/?;??????????;?;3500
SLC0176;YX-AP150-20ZK-COMPTEUR/YX-AP150-20ZK??;20?/?;??;?;5500
SLC0177;YX-AP150-20ZK-POIGNET CPT/YX-AP150-20ZK??????;50?/?;????;?;2500
SLC0178;AP150-20ZK ROYAL PHARE/AP150-20ZK??;25?/?;??;?;3500
SLC0179;AP150-20ZK-RETROVISEUR/AP150-20ZK???;50?/?;???;?;1000
SLC0184;AP200-CALBOTAGE-COMPLET(11:37)/AP200??????11???37???;1?/?;??;?;50000
SLC0185;AP150-20SUPPORT AV ROULEMT6008/AP150-20???6008??;15?/?;??????????;?;4000
SLC0186;YX-AP150-20-PION DE ATTAQUE 11T+ROULEMENT30204 /YX-AP150-20?????-11?+30204??;50?/?;???;?;2000
SLC0187;YX-AP150-20-PION DE ATTAQUE 13T+ROULEMENT30204/YX-AP150-20?????-13?+30204??;50?/?;???;?;2000
SLC0188;AP200 GRAND GODE/ AP200??????-??20*55;30?/?;??????????;?;1800
SLC0190;YX-AP150-20-REGLAGE DE FREIN/YX-AP150-20????;100?/?;??????????;?;450
SLC0191;YX-AP200-REGLAGE DE FREIN/YX-AP200????;100?/?;??????????;?;500
SLC0192;AP200-TIGE DE FREIN LONG/AP200????-?;100?/?;????????????;?;650
SLC0193;AP200-TIGE DE FREIN COURT/AP200????-?;100?/?;????????????;?;600
SLC0194;AP150-20-BREDOUILLE DE LAMME/AP150-20???U?????;50?/?;????????;?;1500
SLC0195;"AP200-LAME DE RESSORT	 AP200?????";25?/?;????????;?;1250
SLC0196;RY200ZH-4DEMI PONT COMPLET  10?31 RY200ZH-4???????10?31;1?/?;??????????;?;55000
SLC0197;AP150-20-SUPPORT DE LAMME/AP150-20?????;50?/?;??????????;?;1500
SLC0198;AP200-SUPPORT DE LAMME/AP200?????;50?/?;??????????;?;1500
SLC0199;RY200-PION DE ATTAQUE COMPLET 13T/RY200??13??;20?/?;???;?;4000
SLC0200;AP150-20-TAMBOUT+FERADO COMPLET/AP150-20????????????;10?/?;??????????;?;3500
SLC0201;AP200 TAMBOURT FERADO COMPLET/AP200????????????;10?/?;??????????;?;4000
SLC0202;AP150-20-CAOUTCHOUC DE LAME/AP150-20???????;500?/?;??????????;?;100
SLC0203;YX-RESSORT DE MOTEUR YX-?????????;100?/?;??????????;?;600
SLC0204;AP200?????11:37?;1?/?;?????;?;50000
SLC0217;AP150-20 CROCHET/AP150-20????-???;50?/?;??;?;750
SXB0001;YX-GN125-HYDROLIQUE /SIMPLE GN125????;50?/?;???;?;1500
SXB0002;EV-GN125-HYDROLIQUE  GN125????;50?/?;???;?;1500
SXB0011;YX-ALOBA-HYDROLIQUE SIMPLE /ALOBA????;50?/?;???;?;1800
SXB0012;YX-ALOBA-HYDROLIQUE CPT /ALOBA???????;10?/?;???;?;6000
SXB0022;EV -CD110 KTM110-HYDROLIQUE SIMPLE/EV-CD110????;50?/?;???;?;1492
SXB0027;X-1-HYDROLIQUE SIMPLE/ X-1????;50?/?;???;?;1800
SXB0032;YX-GN125-PORT FERADO AV/ GN125????;50?/?;???;?;4000
SXB0042;YX-SY125-8-HYDROLIQUE  /YX-SY125-8????;50?/?;???;?;1500
SXB0045;YX-ALOBA????;30?/?;???;?;
SXB0046;YX-X-1????;30?/?;???;?;
SXYB002;YX-CD110-RAMPS  /YX-CD110??-LJ110;100?/?;??;?;650
SXYB008;YX-CG125-RAMPS CG125???;100?/?;??;?;900
SXYB013;YX-GN125-REGLAGE EMBRAYAGE /GN125????2?+??;200?/?;??;?;300
SXYB019;YX-CG125-CULBITEUR /CG125???;50?/?;??;?;1250
SXYB023;YX-CD110-RAMPS+AXE /YX-CD110??+?-LJ110;100?/?;??;?;750
SXYB026;YX-CG200-CULBITEUR CG200???-??;50?/?;??;?;1800
SXYB036;YX-TVS180-RAMPS /TVS180??;100?/?;??;?;3000
SXYB040;YX-SY125-8-RAMPS/SY125-8???-????;100?/?;??;?;2000
SXYB041;SV HJ150-9 RAMPS /SV-HJ150-9??;100?/?;??;?;3500
SXYB042;SV-TVS180 RAMPS  /SV-TVS180??;100?/?;??;?;2500
SXZD010;YX-AP200-JOINT DE CYLINDRE+CULASSE /YX-AP200???;500?/?;??;?;350
SXZD025;YX-CG125-JOINT PORCHETTE/YX-CG125???;200?/?;??;?;400
SXZD026;YX-CD110-JOINT PORCHETTE/YX-CD110???-LJ110;200?/?;??;?;400
SXZD044;EV-CG125-JOINT PORCHETT/EV-CG125???;200?/?;??;?;400
SXZD049;EV-AP200-JOINT PORCHETTE/EV-AP200????-??;200?/?;??;?;600
SXZD056;YX-CG150-JOINT PORCHETTE/YX-CG150???;200?/?;??;?;400
SXZD057;EV-CG150-JOINT PORCHETTE/EV-CG150???;200?/?;??;?;400
SXZD059;YX-SPARK-JOINT PORCHETTE/YX-SPARK???;200?/?;??;?;500
SXZD093;YX-CG125-JOINT DE BOBINE/YX-CG125?????;5000?/?;??;?;50
SXZD106;YX-CG125-JOINT CYLINDRE/YX-CG125???;5000?/?;??;?;40
SXZD156;YX-CG125-JOINT EMBRAYAGE/YX-CG125?????;3000?/?;??;?;70
SXZD157;YX-AP200-JOINT PORCHETTE/YX-AP200???;250?/?;??;?;600
SXZD180;YX-JY110-JOINT PORCHETTE/YX-JY110???;200?/?;??;?;400
SXZD181;YX-150-JOINT CYLINDRE YX-CG150???;5000?/?;??;?;40
SXZD193;YX-CG200-JOINT PORCHETTE/YX-CG200???;200?/?;??;?;600
TG00003;EV-CD110-CYLINDRE/EV-CD110??-?;8?/?;??;?;5250
TG00004;YX-CD110-CYLINDRE-FER/YX-CD110??-?;8?/?;??;?;4700
TG00009;EV-ALOBA-CYLINDRE-/EV-ALOBA??-??;12?/?;??;?;6250
TG00010;YX-ALOBA-CYLINDRE-CPLT/YX-ALOBA??-??;12?/?;??;?;6000
TG00012;YX-CG150-CYLINDRE-CPLT-ALU /YX-CG150??;12?/?;??;?;6500
TG00013;EV-CG125-CYLINDRE-CPLT  /EV-CG125??;12?/?;??;?;6155
TG00014;YX-CG125-CYLINDRE-CPLT /YX-CG125??;12?/?;??;?;6000
TG00023;YX-YOROBO-CYLINDRE-CPLT /YX-YOROBO????;12?/?;??;?;7000
TG00024;YX-YBR125-CYLINDRE /YBR125??;12?/?;YBR??;?;7000
TG00031;YX-TVS160-CYLINDRE-CPLT YX-TVS160??-??-?;12?/?;??;?;10500
TG00035;YX-AP200-CYLINDRE-CPLT /YX-AP200??(???;8?/?;??;?;8500
TG00044;YX-TVS180-CYLINDRE-CPLT /YX-TVS180??;12?/?;??;?;11000
TG00045;YX-AP175-CYLINDRE-CPLT /YX-AP175??;12?/?;??;?;7000
TG00050;YX-CG200-CYLINDRE-CPLT/ YX-CG200??;12?/?;??;?;7500
TG00051;YX-AP150-20-CYLINDRE-CPLT/YX-AP150-20??;12?/?;??;?;6100
TG00055;UFC-CD110 CYLINDRE-CPLT-EN-FER / UFC-CD110??-?;8?/?;??;?;5250
TG00058;UFC-CD110 CYLINDRE-CPLT-ALU /UFC-CD110??-?;12?/?;??;?;5750
TG00064;EV-AP150-20-CYLINDRE-CPLT-ALU /EV-AP150-20??;12?/?;??;?;6500
TG00081;YX-CD110CYLINDRE-CPLT-FER (49CM)/CD110??-?-49CM;8?/?;??;?;4700
TG00082;YX-HJ125-8-CYLINDRE/ YX-HJ125-8??;12?/?;??;?;6500
TG00088;SV-CG150-CYLINDRE-CPLT-ALU / SV-CG150??-??;12?/?;??;?;8000
TG00106;CD110-CYLINDRE-CPLT-FER/M-CD110??-?;8?/?;??;?;
TG00107;YX-SY125-8-CYLINDRE-CPLT /YX-SY125-8??-??;12?/?;??;?;6500
TG00108;EV-SY125-8CYLINDRE-CPLT-ALU  EV-SY125-8??-??;12?/?;??;?;6500
TG00112;YX-NEO125-CYLINDRE/ NEO125??;12?/?;??;?;7500
TG00124;SV-CD110-CYLINDRE-CPLT-FER /SV-CD110??-?-??;8?/?;??;?;6500
TG00133;SV-CG125-CYLINDRE/SV-CG125??-??;12?/?;??;?;7500
TG00134;SV-ALOBA-CYLINDRE/SV-ALOBA??-??-???125-??;12?/?;??;?;8000
TG00135;SV-TVS180 CYLINDRE-CPLT-ALU SV-TVS180??-?-??;12?/?;??;?;11000
TG00136;SV-YBR125 CYLINDRE-CPLT-ALU /SV-YBR125??-?-??;12?/?;??;?;9000
TG00137;SV-AP150-20 CYLINDRE/ SV-AP150-20??-LX150 ??;12?/?;??;?;8500
TG00140;YX-ALOBA-CYLINDRE+RAMPS/YX-ALOBA??+??;12?/?;??;?;
TG00141;YX-Z-ONE170 CYLINDRE-CPLT-ALU YX-Z-ONE170??;12?/?;??;?;8000
TG00227;"SV-UH115S CYLINDRE-CPLT-ALU 	 SV-UH115S??";12?/?;??;?;12000
TG00240;YX-DR190 Cylinder kit  YX-DR190??;12?/?;??;?;14000
TL00001;YX-CG125-ARBRE A CAM /CG125??-?????;50?/?;??;?;2100
TL00002;EV-CG125-ARBRE-A-CAME/EV-CG125??-?????;50???;??;?;2250
TL00012;EV-CD110-ARBR A CAME-LONG  CD110??-?;100?/?;??;?;1045
TL00014;YX-AP200-PION DE DEMARREU/YX-AP200????????;50?/?;??;?;1400
TL00019;YX-CD110-ARBRE A CAME /CD110??-?-LJ110;100?/?;??;?;1250
TL00031;SV-CG125-ARBRE A CAME /CG125??-?????;50?/?;??;?;3250
TL00033;CG125-ARBRE-A-CAM/M-CG125??-?????;50?/?;??;?;
TL00037;YX-TVS180-ARBRE-A-CAM /YX-TVS180??;100?/?;??;?;3000
TL00045;SV-TVS180 ARBRE-A-CAM /SV-TVS180??;100?/?;??;?;5000
TL00061;EV-TVS160-TRANSMISSION /EV-TVS160??+??-428-132L/44T/13T;12?/?;??;?;3750
TL00062;YX-CHAINE-428-130L YX-428-130L???;25?/?;??;?;1600
TL00063;YX-CG125-TRANSMISSION+ECROU /YX-CG125??-??-428-108L/38T/15T;12?/?;??;?;2900
TL00073;YX-CHAINE 428H-116L/YX-??? 428H-116L;25?/?;??;?;1500
TL00076;HC-CHAINE-428-116L/HC-428-116L???;25?/?;??;?;1250
TL00080;EV-TVS180-TRANSMISSION /EV-TVS180??+???????428-132L/46T4??/14T;12?/?;??;?;3500
TL00090;EV-TRANSMISSION PVC EV-PVCCGL??+????-428-116L/41T4??/15T;10?/?;??;?;3200
TL00102;UFC-X-1-TRANSMISSON+ECROU/UFC-X-1??+??-428-108L/38T/14T;12?/?;??;?;3200
TL00106;YX-TVS-160TRANSMISSION+ECROU /YX-TVS160??+??-428-132L/44T/13T;12?/?;??;?;4250
TL00107;EV-GN125 TRANSMISSION+ECROU  EV-GN125??-?-428-116L/42T4??/15T;12?/?;EV;?;3000
TL00109;YX-CGL-TRANSMISSION+ECROU /YX-CGL??+??-428-116L/41T/15T;12?/?;??;?;3150
TL00109-1;YX-CGL-TRANSMISSION(SANS ECROU)/YX-CGL??-428-116L/41T/15T(?????;12?/?;??;?;3050
TL00119;YX-CD110-TRANSMISSION+ECROU/YX-CD110??+??-428-108L/36T/14T;12?/?;??;?;2750
TL00119-1;YX-CD110-TRANSMISSION(SANS ECOUR)/YX-CD110??-428-108L/36T/14T(?????;12?/?;??;?;2750
TL00121;YX-HJ125-8-TRANSMISSION+ECROU/YX-HJ125-8??+??-428-116L/39T/15T;12?/?;??;?;3000
TL00125;EV-HJ150-9TRANSMISSION ??;12?/?;??;?;3750
TL00136;EV-CGL TRANSMISSION ??;12?/?;??;?;3000
TL00139;YX-GN125TRANSMISSION+ECROU(PLAT)/GN125??-?+????? ??;12?/?;??;?;3000
TL00139-1;YX-GN125TRANSMISSION-PLAT(SANS ECROU)GN125??-???(?????;12?/?;??;?;3050
TL00140;YX-GN125-TRANSMISSION+ECROU(POMPE)/YX-GN125??-?+??-428-116L/42T/15T;12?/?;??;?;3000
TL00140-1;YX-GN125-TRANSMISSION-POMPE(SANS ECROU)/YX-GN125??-?-428-116L/????;12?/?;??;?;3050
TL00142;EV-GN125-TRANSMISSION-POMPE/EV-GN125??-?+??-428-116L/42T/15T;12?/?;??;?;3100
TL00143;YX-X-1-TRANSMISSON+(ECROU)/YX-X-1??+??-428-108L/38T/14T;12?/?;??;?;2750
TL00143-1;YX-X-1-TRANSMISSON(SANS ECROU)/ YX-X-1??-428-108L/38T/14T(?????;12?/?;??;?;2700
TL00144;EV-X-1-TRANSMISSON/EV-X-1??+??-428-108L/38T/14T;12?/?;??;?;2900
TL00158;YX-HJ150-9-TRANSMISSION+ECROU/YX-HJ150-9??+??428-120L/45T/14T;12?/?;??;?;3500
TL00160;YX-HJ110-3-TRANSMISSION+ECROU/YX-HJ110-3??+??-428-108L/36T/14T;12?/?;??;?;2750
TL00173;SV-GN125-TRANSMISSION+ECROU(POMPE)/SV-GN125???+??-428-116L/42T/15T;12?/?;??;?;4300
TL00177;SV-CD110-TRANSMISSION+ECROU  /SV-CD110??+???????-428-108L/36T4??/14T;12?/?;??;?;4000
TL00182;YX-NEO125-TRANSMISSION+ECROU/YX-NEO125??-??428-114L/39T/14T;12?/?;??;?;3200
TL00183;YX-TVS180-TRANSMISSON+ECROU /YX-TVS180??+??-428-128L/44T/13T;12?/?;??;?;3500
TL00186;YX-GN125-TRANSMISSON+ECROU(ROUGE)  /YX-GN125??-?-???+??-428-116L/42T/15T;12?/?;??;?;3000
TL00186-1;YX-GN125-TRANSMISSON-ROUGE(SANS ECROU)/ YX-GN125??-?-???-428-116L/42T/15T(?????;12?/?;??;?;3000
TL00189;SV-X-1 TRANSMISSON+ECROU/SV-X-1??+??-428-108L/38T/14T;12?/?;??;?;4000
TL00190;SV-CGL-TRANSMISSION+ECROU/SV-CGL??+??-428-116L/41T/15T;12?/?;??;?;4500
TL00191;SV-NEO125-TRANSMISSION+ECROU/SV-NEO125??+??-428-114L/39T/14T;12?/?;??;?;4500
TL00194;GN125-TRANSMISSION/M-GN125??-?-428-116L/42T4??/15T;12?/?;??;?;
TL00202;YX-GY200TRANSMISSION / YX-GY200??;10?/?;??;?;4500
TL00204;SV-TVS180-TRANSMISSION+ECROU/SV-180??+??-428-128L/44T/13T;12?/?;??;?;4500
TL00206;CD110-TRANSMISSON/M-CD110??-428-108L/36T4??/14T;12?/?;??;?;
TL00213;YX-Z-ONE170-TRANSMISSON/YX-Z-ONE170??428H-124L/43T/14T;12?/?;??;?;4250
TL00215;YX-X-1-TRANSMISSON+ECROU /YX-X-1??(CTD??)+???????-428-104L/37T4??/14T;12?/?;??;?;2750
TL00217;X-1-TRANSMISSON/M-X-1??+???????-428-104L/37T4??/14T;12?/?;??;?;
TL00218;HC-GN125-TRANSMISSON(POMPE)/HC-GN125??-?-428-116L/42T4??/15T;12?/?;??;?;2500
TL00219;HC-GN125-TRANSMISSON(PLANT)/HC-GN125??-?-428-116L/42T4??/15T;12?/?;??;?;2500
TL00221;HC-X-1-TRANSMISSION/HC-X-1??-428-104L/37T4??/14T;12?/?;??;?;2400
TL00222;HC-CD110-TRANSMISSION/HC-CD110??-428-108L/36T4??/14T;12?/?;??;?;2400
TL00223;HC-CGL-TRANSMISSION/HC-CGL??-428-116L/41T/15T;10?/?;??;?;2500
TL00224;SV-HJ125-8 TRANSMISSION PVC  /SV-HJ125-8??428H-114L/39T4??/15T-PVC;8?/?;??;?;7000
TL00225;SV-HJ150-9 TRANSMISSION PVC /SV-HJ150-9??428H-118L/45T4??/14T??-PVC;8?/?;??;?;7000
TL00226;SV-HJ150-22 TRANSMISSION PVC/SV- HJ150-22??428H-118/42T4??/14T??-PVC;8?/?;??;?;7000
TL00227;SV-HJ110-3 TRANSMISSION PVC/ SV- HJ110-3??428H-102L/36T4??/15T-PVC;8?/?;??;?;7000
TL00228;SV-HJ-DR190S TRANSMISSION PVC/SV- HJ-DR190S??428-132L/47T4??/15T-PVC;8?/?;??;?;10000
TL00229;SV-HJ125-8 TRANSMISSON-PRMPE+ECROU SV-HJ125-8??+?????-428-116L/39T4??/15T;12?/?;??;?;4000
TL00230;SV-UH115S TRANSMISSON SV-UH115S??-420-106L/36T???/14T;12?/?;??;?;4500
TL00234;SV-DR190S TRANSMISSION PVC  SV-DR190S??428-132L/47T4??/15T;12?/?;??;?;10000
TL00238;"YX-JY110 TRANSMISSION 	 YX-JY110??+????-428-104L/35T4??/15T";12?/?;??;?;
TL00291;SV HJ110-3 CHAINE SIMPLE 428(102 L)/SV-KMC-428HS-102L???;25?/?;??;?;2500
TL00292;SV-HJ125-8-CHAINE SIMPLE 428(114L)/SV-KMC-428HS-114L???;25?/?;??;?;2800
TL00293;SV HJ 150-9 CHAINE SIMPLE 428(118L)/ SV-KMC-428HS-118L???;25?/?;??;?;2800
TL00294;SV DR 190 CHAINE SIMPLE 428(138L) /SV-KMC-428HS-132L???;25?/?;??;?;3000
TS00002;YX-JY110-PISTON-STD++ /YX-JY110??STD++/49*1.0*2.0-8-10C;100?/?;??;?;
TS00013;YX-CD110-PISTON-STD+/YX-CD110??STD+LJ110/52.4*1.0*2.0;100?/?;??;?;1150
TS00013-1;YX-CD110-PISTON-STD+/YX-CD110??STD+LJ110/52.4*1.0*2.0?????;100?/?;??;?;1150
TS00014;YX-CD110-PISTON-STD++/YX-CD110??STD++LJ110/52.4*1.0*2.0-8-10C;100?/?;??;?;1150
TS00014 -1;YX-CD110-PISTON-STD++(SENG SEGMENT)/YX-CD110??STD++?????;100?/?;??;?;1150
TS00015;EV-CD110-PISTON-STD+/EV-CD110??STD+/52.4*1.0*2.0;100?/?;??;?;1150
TS00016;EV-CD110-PISTON-STD++/EV-CD110??STD++/52.4*1.0*2.0/8-10C;100?/?;??;?;1150
TS00017;YX-YBR125-PISTON-STD+/YX-YBR125??STD+/54*1.0*2.0;100?/?;??;?;1700
TS00018;YX-YBR125-PISTON-STD++/YX-YBR125??STD++/54*1.0*2.0/8-10C;100?/?;??;?;1700
TS00020;EV-YBR125-PISTON-STD++/EV-YBR125??STD++/54*1.0*2.0/8-10C;100?/?;??;?;1900
TS00021;YX-CG125-PISTON-STD+/YX-CG125??STD+/56.5*1.2*2.5;100?/?;??;?;1250
TS00021-1;YX-CG125-PISTON-STD+(SENG SEGMENT)/YX-CG125??STD+?????;100?/?;??;?;1250
TS00022;YX-CG125-PISTON-STD++ /YX-CG125??STD++/56.5*1.2*2.5/8-10C;100?/?;??;?;1250
TS00023;EV-CG125-PISTON-STD+/EV-CG125??STD+/56.5*1.2*2.5;100?/?;??;?;1250
TS00024;EV-CG125-PISTON-STD++ /EV-CG125??STD++/56.5*1.2*2.5/8-10C;100?/?;??;?;1250
TS00025;YX-CG150-PISTON-STD+ /YX-CG150??STD+/62*1.2*2.5;100?/?;??;?;1350
TS00025-1;YX-CG150-PISTON-STD+(SENG SEGMENT)/YX-CG150??STD+?????;100?/?;??;?;1350
TS00026;YX-CG150-PISTON-STD++/YX-CG150??STD++/62*1.2*2.5/8-10C;100?/?;??;?;1350
TS00029;YX-CG200-PISTON-STD+ /YX-CG200??STD+/63.5*1.0*2.5;100?/?;??;?;1600
TS00030;YX-CG200-PISTON-STD++ /YX-CG200??STD++/63.5*1.0*2.5/8-10C;100?/?;??;?;1600
TS00041;YX-YOROBO-PISTON-STD+/YX-YOROBO??STD+/;100?/?;??;?;1800
TS00041 -1;YX-YOROBO-PISTON-STD+(SENG SEGMENT)/YX-YOROBO??STD+?????;100?/?;??;?;1800
TS00042;YX-YOROBO-PISTON-STD++/YX-YOROBO??STD++;100?/?;??;?;1800
TS00042 -1;YX-YOROBO-PISTON-STD++(SENG SEGMENT)/YX-YOROBO??STD++?????;100?/?;??;?;1800
TS00049;YX-TVS160-PISTON-STD+/YX-TVS160??STD+/62*0.8*1.5;100?/?;??;?;1600
TS00050;YX-TVS160-PISTON-STD++/YX-TVS160??STD++/62*0.8*1.5/8-10C;100?/?;??;?;1600
TS00051;EV-TVS160-PISTON-STD+ /EV-TVS160??STD+/62*0.8*1.5;100?/?;??;?;1600
TS00052;EV-TVS160-PISTON-STD++ /EV-TVS160??STD++/62*0.8*1.5/8-10C;100?/?;??;?;1600
TS00053;YX-TVS180-PISTON-STD+ /YX-TVS180??STD+/62.5*0.8*1.5;100?/?;??;?;1800
TS00054;YX-TVS180-PISTON-STD++ /YX-TVS180??STD++/62.5*0.8*1.5/8-10C;100?/?;??;?;1800
TS00056;EV-TVS180-PISTON-STD++ /EV-TVS180??STD++/62.5*0.8*1.5/8-10C;100?/?;??;?;1800
TS00061;YX-NEO110-PISTON-STD+ /YX-NEO??STD+/53.5*1.0*2.0;100?/?;??;?;1500
TS00062;YX-NEO110-PISTON-STD++/YX-NEO??STD++/53.5*1.0*2.0/8-10C;100?/?;??;?;1500
TS00070;YX-AP175-PISTON-STD+ /YX-AP175??STD+/62*1.2*2.5;100?/?;??;?;1600
TS00071;YX-AP175-PISTON-STD++/YX-AP175??STD++/62*1.2*2.5/8-10C;100?/?;??;?;1600
TS00075;YX-AP200-PISTON-STD++ /YX-AP200??++/63.5*1.0*2.5/8-10C;100?/?;??;?;1600
TS00090;UFC-CG125-PISTON-STD++/UFC-CG125??STD++/56.5*1.2*2.5;100?/?;??;?;1600
TS00113;EV-ALOBA-PISTON+/??EV-ALOBA??STD+;100?/?;??;?;1300
TS00122;UFC-ALOBA PISTON-STD+/UFC-ALOBA??STD+/56.5*0.8*2.0;100?/?;??;?;1550
TS00123;UFC-ALOBA PISTON-STD++/UFC-ALOBA??STD++/56.5*0.8*2.0/8-10C;100?/?;??;?;1550
TS00129;EV-ALOBA-PISTON-STD+ /EV-ALOBA??STD+/56.5*0.8*2.0;100?/?;??;?;1300
TS00130;EV-ALOBA-PISTON-STD++/EV-ALOBA??STD++/56.5*0.8*2.0/8-10C;100?/?;??;?;1300
TS00131;YX-ALOBA-PISTON-STD+/YX-ALOBA??-???STD+/56.5*0.8*2.0;100?/?;??;?;1300
TS00131-1;YX-ALOBA-PISTON-STD+(SENG SEGMENT)/YX-ALOBA??STD+?????;100?/?;??;?;1300
TS00132;YX-ALOBA-PISTON-STD++ /YX-ALOBA??-???STD++/56.5*0.8*2.0/8-10C;100?/?;??;?;1300
TS00132 -1;YX-ALOBA-PISTON-STD++(SENG SEGMENT)/YX-ALOBA??STD++?????;100?/?;??;?;1300
TS00137;YX-AP200-PISTON-STD+ /YX-AP200??+/63.5*1.0*2.5;100?/?;??;?;1600
TS00138;YX-HJ125-8PISTON-STD+ /YX-HJ125-8??STD+/56.5*1.0*1.5;100?/?;HJ125-8;?;1500
TS00139;YX-HJ125-8-PISTON-STD++ /YX-HJ125-8??STD++/56.5*1.0*1.5;100?/?;HJ125-8;?;1500
TS00182;YX-NEO125-PISTON+/YX-NEO125??STD+;100?/?;??;?;1700
TS00183;YX-NEO125-PISTON /YX-NEO125??STD++/8-10C;100?/?;??;?;1700
TS00186;SV-CG125-PISTON-STD+ /SV-CG125??STD+/56.5*1.2*2.5-??;100?/?;??;?;2200
TS00187;SV-CG125-PISTON-STD++ /SV-CG125??STD++/56.5*1.2*2.5-??;100?/?;??;?;2200
TS00188;SV-CG150-PISTON-STD+ /SV-CG150??STD+/62*1.2*2.5-??;100?/?;??;?;2300
TS00189;SV-CG150-PISTON-STD++ /SV-CG150??STD++/62*1.2*2.5-??;100?/?;??;?;2300
TS00196;SV-ALOBA-PISTON-STD+/SV-ALOBA??STD+/56.6*0.8*2.0-??;100?/?;??;?;2200
TS00197;SV-ALOBA-PISTON-STD++/SV-ALOBA??STD++/56.6*0.8*2.0-??;100?/?;??;?;2200
TS00198;SV-CD110-PISTON-STD+/SV-CD110??STD+/52.4*1.0*2.0-??;100?/?;??;?;2250
TS00199;SV-CD110-PISTON-STD++/ SV-CD110??STD++/52.4*1.0*2.0-??;100?/?;??;?;2250
TS00211;SV HJ150-9 PISTON-STD+ SV-HJ150-9??STD+/62*1.2*2.5-??;100?/?;??;?;2500
TS00212;SV HJ150-9 PISTON-STD++/SV-HJ150-9??STD++/62*1.2*2.5-??;100?/?;??;?;2500
TS00214;SV-TVS180 PISTON-STD+/ SV-TVS180??STD+/62.5*0.8*1.5;100?/?;??;?;2500
TS00215;SV-TVS180 PISTON-STD++ /SV-TVS180??STD++/62.5*0.8*1.5;100?/?;??;?;2500
TS00226;YX-CD110 PISTON-STD+/YX-CD110??STD+??-52.4*1.0*2.0;100?/?;??;?;1150
TS00227;YX-CD110 PISTON-STD++/YX-CD110??STD++??-52.4*1.0*2.0;100?/?;??;?;1150
TS00228;YX-CG125PISTON-STD+/CG125??STD+??/56.5*1.2*2.5;100?/?;??;?;1250
TS00229;YX-CG125 PISTON-STD++YX-CG125??STD++??/56.5*1.2*2.5;100?/?;??;?;1250
TS00230;YX-CG200 PISTON-STD+ YX-CG200??STD+??/63.5*1.0*2.5;100?/?;??;?;1600
TS00230-1;YX-CG200 PISTON-STD+(SENG SEGMENT)/YX-CG200??STD+??(????;100?/?;??;?;1800
TS00231;YX-CG200 PISTON-STD++ YX-CG200??STD++??/63.5*1.0*2.5;100?/?;??;?;1600
TS00234;YX-ALOBA PISTON-STD+  /YX-ALOBA??-???STD+??/56.5*0.8*2.0;100?/?;??;?;1300
TS00235;YX-ALOBA PISTON-STD++ YX-ALOBA??-???STD++??/56.5*0.8*2.0;100?/?;??;?;1300
TS00236;YX-Z-ONE170 PISTON-STD+ YX-Z-ONE170??STD+;100?/?;??;?;1900
TS00237;YX-Z-ONE170 PISTON-STD++ YX-Z-ONE170??STD++;100?/?;??;?;1900
TS00241;"HC-CD110 PISTON-STD+ /52.4*1.0*2.0	 HC-CD110??STD+??/52.4*1.0*2.0";100?/?;??;?;1000
TS00242;HC-CD110 PISTON-STD++ HC-CD110??STD++??/52.4*1.0*2.0-8-10C;100?/?;??;?;1000
TS00243;HC-ALOBA PISTON-STD+ HC-ALOBA??-???STD+??/56.5*0.8*2.0;100?/?;??;?;1150
TS00244;"HC-ALOBA PISTON-STD++ 	 HC-ALOBA??-???STD++??/56.5*0.8*2.0/10-12C";100?/?;??;?;1150
TS00245;HC-CG150 PISTON-STD+ HC-CG150??STD+??/62*1.2*2.5;100?/?;??;?;1250
TS00246;HC-CG150 PISTON-STD++ HC-CG150??STD++??/62*1.2*2.5/8-10C;100?/?;??;?;1250
TS00247;YX-CG150 PISTON-STD+ YX-CG150??STD+??/62*1.2*2.5/4-7C;100?/?;??;?;1350
TS00248;YX-CG150 PISTON-STD++ /YX-CG150??STD++??/62*1.2*2.5/8-10C;100?/?;??;?;1350
TS00249;HJ125-8E-PISTON-STD+/YX-HJ125-8??STD+??/56.5*1.0*1.5;100?/?;??;?;
TS00250;YX-HJ125-8 PISTON-STD++ YX-HJ125-8??STD++??/56.5*1.0*1.5;100?/?;??;?;1500
TS00251;YX-GX160-PISTON(+0.25)YX-GX160???+0.25?;100?/?;???;?;1200
TS00255;SV-UH115S PISTON KIT STD+/ SV-UH115S??STD+;100?/?;??;?;2500
TS00256;SV-UH115S PISTON KIT STD++/SV-UH115S??STD++;100?/?;??;?;2500
TS00257;SV-DR190PISTON-STD+/SV-DR190??STD+/60*0.8*1.5-??;100?/?;??;?;3500
TS00258;SV-DR190PISTON-STD++/SV-DR190??STD++/60*0.8*1.5-??;100?/?;??;?;3500
TUS0002;TUS PRODUITS ORGNAL/TUS??? ??  ??;24?/?;?????;?;750
TUS0004;TUS-PRODUIT/TUS-???-????/??????;24?/?;?????;?;541
WINNER001;SV-WINNER-X-CYLINDRE-CPLT/SV-WINNER X??;12?/?;??;?;15000
WINNER002;SV-WINNER X??/SV-WINNER X BOBINE;40?/?;??;?;10000
WINNER003;SV-WINNER X TRANSMISSON -428-44T-15T-120L SV-WINNER X??-428-44T-15T-120L;12?/?;??;?;5500
WINNER004;SV-WINNER-DEMARREUR-SANS-SON/WINNER X??;10/?;??;?;9000
WINNER005;SV-WINNER-PATIN AVANT/WINNER X???-??;100?/?;???;?;1000
WINNER006;SV-WINNER-PATIN ARR/WINNER X???-??;100?/?;???;?;1000
WINNER007;SV-WINNER-DISQUE D'EMBRAGAGE/WINNER X????;100?/?;????;?;3500
WINNER009;SV-WINNER-PT-CHAINE/WINNER X???-3*4*120;200?/?;??;?;2500
WINNER014;SV-WINNER-SEGMENT+/WINNER??STD+?PVD/57.3*0.8*1.5;1000?/?;???;?;2000
WINNER015;SV-WINNER-SEGMENT++ /WINNER??STD++?PVD/57.3*0.8*1.5;1000?/?;???;?;2000
XCG0001;EV-ALOBA CAPOT-PT-PION  EV-ALOBA???-?;50?/?;EV;?;1300
XCG0002;EV-CG125 CAPOT-PT-PION  EV-CG125???-??;50?/?;EV;?;1100
XCG0005;ALOBA-COUVER CHAINE / ALOBA??;200?/?;??????;?;500
XCG0006;X-1-COUVRE CHAINE/ X-1??;100?/?;??????;?;500
XCG0009;"EV-SY125-8 CAPOT PT PION 	EV-SY125-8???-??";50?/?;??????;?;1500
XCG0014;GN125-COUVRE CHAINE /GN125??;100?/?;??????;?;1500
XCG0015;YX-ALOBA-CAPOT-PT-PION /YX-ALOBA???-?;50?/?;??????;?;1100
XCG0016;YX-CG125-CAPOT PIT PION /CG???-??;50?/?;??????;?;1100
XCG0021;YX-SANYA-8-CAPOT PIT PION  /YX-SY125-8???-??;50?/?;??????;?;1500
XCG0030;CG125-COUVRE-CHAINE/ CG125??;20?/?;??????;?;2000
XCG0033;KTM110-COUVRE-CHAINE KTM110??;125?/?;??????;?;500
XQ00005;YX-CG125-BOBINE/CG125??-8?;40?/?;??;?;2500
XQ00006;EV-CG125-BOBINE/EV-CG125??-8?;40?/?;??;?;2600
XQ00007;YX-CG150-BOBINE-18 CG150??-18?;40?/?;??;?;3500
XQ00011;YX-CD110-BOBINE /CD110??-6?;40?/?;??;?;2300
XQ00012;EV-CD110-BOBINE/CD110??-6?;40?/?;??;?;2500
XQ00013;YX-AP150-20-BOBINE/YX-AP150-20??-11?;40?/?;??;?;3750
XQ00025;UFC-CD110-BOBINE/UFC-CD110??-6?;40?/?;??;?;2500
XQ00032;SV-CD110-BOBINE/SV-CD110??-6?;40?/?;??;?;3000
XQ00036;YX-NEO125 BOBINE YX-NEO125??;40?/?;??;?;4000
XQ00042;SV-HJ150-9-BOBINE/SV-HJ150-9??;40?/?;??;?;4500
XQ00044;HC-CG125-BOBINE/HC-CG125??-8?;40?/?;??;?;1750
XQ00045;HC-CD110-BOBINE/HC-CD110??-6?;40?/?;??;?;1650
XQ00046;SV-TVS180-BOBINE/SV-TVS180??;40?/?;??;?;8000
XQ00049;SV-DR190-BOBINE/SV-DR190??;40?/?;??;?;9000
XQ00054;YX-X-1 BOBINE(APSONIC MODEL)YX-X-1??-8??AP??;40?/?;??;?;2800
XSQ0001;GN125-ECHAPEMENT /GN125???-???SL);6?/?;???????;?;8000
XSQ0002;SY125-8-ECHAPEMENT/SY125-8???-??????;6?/?;???????;?;9000
XSQ0005;ALOBA-ECHAPEMENT/ ALOBA???-??;6?/?;???????;?;8250
XSQ0006;X-1-ECHAPEMENT/ X-1???;4?/?;???????;?;9000
XSQ0011;HJ110-2 ECHAPEMENT ???;4?/?;???????;?;7500
XSQ0022;GN125-FILTRE AIR/ GN125?????;20?/?;???????;?;
XSQ0030;CD110-ECHAPPEMENT(POWER-K)/CD110???-??;6?/?;???????;?;7500
XSQ0034;AP200-FILTRE AIR COMPLET/AP200?????;20?/?;???????;?;765
XSQ0036;AP200-ECHAPPEMENT/AP200???;4?/?;???????;?;7500
XSQ0041;AP150-20-ECHAPPEMENT/AP150-20???;4?/?;???????;?;6500
XSQ0042;AP175-ECHAPPEMENT/AP175???;4?/?;???????;?;7500
XSQ0047;X-1-ECHAPPEMENT(NOVO)/X-1???-???;5?/?;???????;?;16000
XSQ0055;SYGN125-ECHAPEMENT  /SY125-8???-??????;4?/?;???????;?;9000
YB00005;YX-YBR125-COMPTEUR/YRB125?????;20?/?;??;?;8000
YB00006;YX-AP200-COMPTEUR /AP200??;20?/?;??;?;4500
YB00008;YX-GN125-COMPTEUR/YX-GN125??-???;20?/?;??;?;2750
YB00015;YX-GN125-NEMERIQUE /YX-GN125??;100?/?;??;?;400
YB00020;YX-ALOBA-COMPTEUR/ ALOBA??;20?/?;??;?;4000
YB00028;YX-SY125-8-COMPTEUR/YX-SY125-8??-???;20?/?;??;?;5000
YB00030;YX-SY125-8-NUMERIQU/YX-SY125-8??;100?/?;??;?;2300
YB00032;EV-AP200-COMPTEUR/EV-AP200??;20?/?;??;?;5000
YB00053;YX-AP150-20-COMPTEUR/ AP150-20??;20?/?;??;?;5500
YB00055;YX-AP175-COMPTEUR/ AP175??;20?/?;??;?;5500
YB00056;YX-SY125-10-COMPTEUR/SY125-10??;30?/?;??;?;4000
YB00057;YX-CG125-COMPTEUR(T5) /CG125??-T5??;30?/?;??;?;2300
YB00059;YX-TVS180-COMPTEUR/YX-TVS180??;20?/?;??;?;18000
YB00061;ALOBA-COMPTEUR/M-ALOBA??-??2.0?;20?/?;??;?;
YB00062;GN-COMPTEUR/M-GN125??-?????2.0?;20?/?;??;?;
YB00074;YX-RY150ZK COMPTEUR YX-RY150ZK??;20?/?;??;?;5500
YB00075;YX-RY200ZH-4 COMPTEUR YX-RY200ZH-4??;20?/?;??;?;6000
YBR001;YBR125-CAPOT BATTERIE NOIR /YBR125??-?;20?/?;YBR??;?;3500
YBR005;YX-YBR125-DEMARREUR/ YBR125??-???;12?/?;YBR??;?;5500
YBR007;YBR125-TENTEUR CYLINDRE/ YBR125???;100?/?;YBR??;?;800
YBR011;YBR125-PROTEGE A MAIN EN PLASTIQUE NOIR/YBR125???-?;100?/?;YBR??;?;1000
YBR013;YBR125-COMPTEUR/ YBR125??-??;20?/?;YBR??;?;5000
YBR017;YRB125-SEGEMENT 0.25 /YBR125??0.25;500?/?;YBR??;?;550
YBR024;YBR125-PROTEGE A MAIN EN PLASTIQUE BLEU/YBR125???-?;100?/?;YBR??;?;1000
YBR025;YBR125-PROTEGE A MAIN EN PLASTIQUE ROUGE/YBR125???-?;100?/?;YBR??;?;1000
YBR030;YBR125-CARBULATEUR /YBR125???;30?/?;YBR??;?;9308
YBR033;YX-YBR125 SERE BLOCK /YX-YBR125???;100?/?;YBR??;?;400
YBR034;YX-YBR125-MAYO ARR CPT/ YBR125?????;8?/?;YBR??;?;6000
YBR036;YBR125-GRADE BOUT AV BLEU(ANCIEN)/YBR125???(??)-??;20?/?;YBR??;?;3000
YBR037;YBR125-GARDE BOUE AV ROUGE NOV YBR125???(??)-??;20?/?;YBR??;?;3000
YBR040;YBR125-CHAINE 130L YBR125???-428-130L;25?/?;YBR??;?;1600
YBR044;YBR125-GARDBOUT AV (ANCIEN)ROUGE /YBR125???(??)??;20?/?;YBR??;?;3000
YBR045;YBR125-GARDE BOUE AV NOVO BLEU /YBR125???(??)??;20?/?;YBR??;?;3000
YBR046;YBR125-GARDE BOUE AR /YBR125???;20?/?;YBR??;?;4000
YBR047;YBR125-GRADE BOUT AV NOIR(ANCIEN)/YBR125???(??)??;20?/?;YBR??;?;3000
YBR058;YX-YBR125-DISQUE/ YBR125????;100?/?;YBR??;?;800
YBR059;YX-YBR125-LINTO SIMPLE/ YBR125???;50?/?;YBR??;?;2000
YBR086;YX-YBR125-TRANSMISSION/YX-YBR125??+??-428-122L/45T/14T;12?/?;YBR??;?;3750
YBR095;EV-YBR125-BIELLE/EV-YBR125??;50?/?;??;?;1958
YBR096;SV-YBR125-TRANSMISSON+ECROU  / SV-YBR125??+??-428-122L/45T/14T;12?/?;??;?;4500
YBR098;YX-YBR125-ARBRE A CAME  /YBR125??;100?/?;??;?;1800
YBR099;YX-YBR125-AXE DE VITESSE/YBR125???;100?/?;???????;?;1500
YBR100;YBR125-FILTRE AIR SIMPLE/YBR125?????;50?/?;???????;?;1000
YBR103;YX-YBR125-CABLE EMBRAYAGE /YBR125???;100?/?;??  ???;?;600
YBR104;YX-YBR125 CABLE-COMPTEUR / YX-YBR125???;100??;???;?;500
YBR105;YX-YBR125-CABLE ACCELATEUR /YBR125???;100?/?;??  ???;?;600
YBR107;YX-YBR125-AMORTISSEUR/  YX-YBR125???;10?/?;??;?;6500
YBR108;YX-YBR125-CLE-CPT /YBR125??;50?/?;??;?;3500
YBR110;YX-YBR125-LEVIER DE VITESS/YBR125???;100?/?;???????;?;750
YBR111;YX-YBR125 INSTALLATION /YX-YBR125???;50?/?;???;?;3500
YBR112;YX-YBR125-CDI /YX-YBR125???;100?/?;???;?;3000
YBR113;YX-YBR125 CHARGEUR/ YX-YBR125???;100?/?;???;?;1500
YBR116;YX-YBR125-CLIGNOTANT/ YBR125???;100?/?;??;?;450
YBR117;YX-YBR125-MANETTE+SUPORT/YBR125????+??;100?/?;????;?;650
YBR119;YX-YBR125-POIGNET-CPLT/YBR125??????;50?/?;????;?;2000
YBR120;SV-YBR125 DEMARREUR SANS FIL /SV-YBR125??-??;12?/?;??;?;8000
YBR122;"SV-YBR125ARBRE A CAME 	 SV-YBR125??";100?/?;??;?;2500
YBR123;SV-YBR125-RETROVISEUR/SV-YBR125???;50?/?;???;?;1250
YBR124;SV-YBR125 PHARE/ SV-YBR125??;20?/?;??;?;4500
YBR125;SV-YBR125 MANETTE+SUPORT SV-YBR125????+??;100?/?;??;?;1500
YBR126;SV-YBR125 MANETTE FREIN+SUPORT SV-YBR125????+??;100?/?;??;?;1500
YBR128;SV-YBR125-AXE DE LEVIER VITEESSE/SV-YBR125???;50?/?;???????;?;1500
YBR129;SV-YBR125 CDI SV-YBR125???????;100?/?;???;?;4500
YBR130;SV-YBR125-COMPTEUR/SV-YBR125??;20?/?;??;?;8500
YBR132;SV-YBR125-BOBINE/SV-YBR125??;40?/?;??;?;5500
YBR134;SV-YBR125 AMORTISSEUR-AR /SV-YBR125????;10?/?;??;?;9000
YBR135;SV-YBR125 CABLE-EMBRAYAGE SV-YBR125???;100?/?;??  ???;?;1500
YBR136;SV-YBR125 CABLE ACCELATEUR SV-YBR125???;100?/?;??  ???;?;1000
YBR137;SV-YBR125PT-CHAINE-90L/SV-YBR125???-??2*3*90L;200?/?;??;?;1500
YBR138;SV-YBR125-SOUPAPE /SV-YBR125??;200?/?;??;?;1500
YBR139;SV-YBR125-DISQUE / SV-YBR125????;100?/?;????;?;1800
YBR140;SV-YBR125-FERADO/SV-YBR125????;80?/?;????;?;1500
YBR141;SV-YBR125 CONTACTEUR SV-YBR125???;100?/?;???;?;1500
YBR142;SV-YBR125 CLE-CPT SV-YBR125??;50?/?;??;?;5000
YBR143;SV-YBR125 PISTON-STD+/SV-YBR125??STD+/54*1.0*2.0-??;100?/?;??;?;2500
YBR144;SV-YBR125-PISTON-STD++/SV-YBR125??STD++/54*1.0*2.0-??;100?/?;??;?;2500
YBR145;YX-YBR125-CLIGNOTANT(ANCIEN)/YX-YBR125???-??;180?/?;??;?;386
YBR146;YX-YBR125-CLIGNOTANT(NOVO)/YX-YBR125???-??;240?/?;??;?;500
YBR147;YBR125-CAPOT BATTERIE-(BLEU)/YBR125??-?;10?/?;???;?;4500
YBR148;YBR125-CAPOT BATTERIE-(ROUGE)/YBR125??-?;10?/?;???;?;4500
YBR149;"YX-YBR125 DISQUE-5?	 YX-YBR125????-5?";100?/?;????;?;750
YF00001;YX-CG125-JOINT SOUPAPE /CG125????;5000?/?;??;?;60
YF00003;YX-CD110-JOINT SOUPAPE /YX-CD110????-LJ110;5000?/?;??;?;50
YF00022;YX-CD110-JOINT ANTI FIRTE /CD110????;500?/?;??;?;250
YF00023;EV-CG125-JOINT ARRET HUIL CG125????;500?/?;??;?;211
YF00024;YX-CG125-JOINT ANTI FIRTE /CG125????;500?/?;??;?;275
YF00030;YX-GN125-JOINT FOURCHE /GN125?????32*44*10.5;1000?/?;??;?;150
YF00032;YX-ALOBA-JOINT FOURCHE ALOBA?????30*44*10.5;1000?/?;??;?;150
YF00034;YX-X-1-JOINT FOURCHE /YX-X-1?????26*37*10.5;1000?/?;??;?;150
YF00038;YX-AXE JOINT  YX-???????;500?/?;??????????;?;200
YX00001;ALOBA-RESERVOIR+CAPOT-NOIRE/ALOBA??+??-?-????;1?/?;??;?;16000
YX00002;ALOBA-RESERVOIR+CAPOT-ROUGE/ALOBA??+??-?-????;1?/?;??;?;16000
YX00007;SY125-8-RESERVOIR-CAPOT-NOIRE/SY125-8??+??-?;1?/?;??;?;12500
YX00008;SY125-8-RESERVOIR-CAPOT-ROUGE/SY125-8??+??-?;1?/?;??;?;12500
YX00015;YBR125-RESERVOIR-ROUGE/ YBR125??-?;1?/?;YBR??;?;14500
YX00016;YBR125-RESERVOIR-NOIRE /YBR125??-?;1?/?;YBR??;?;14500
YX00017;YBR125-RESERVOIR-BLEU /YBR125??-?;1?/?;YBR??;?;14500
YX00021;SY125-10-RESERVOIR+CAPOT-ROUGE/SY125-10??+??-??;1?/?;??;?;12500
YX00022;SY125-10-RESERVOIR+CAPOT-NOIR/SY125-10??+??-?;1?/?;??;?;12000
YX00023;SY125-10-RESERVOIR+CAPOT-BLEU/SY125-10??+??-?;1?/?;??;?;12000
YX00026;CG125 RESERVOIR+CAPOT ROUGE  CG125??+??-?;1?/?;??;?;12000
YX00028;RESERVOIR+CAPOT NOIR CG125??+??-?;1?/?;??;?;12000
YX00055;HJ125-8-RESERVOIR+CAPOT NOIR/HJ125-8??+??-??;1?/?;HJ125-8;?;11000
YX00056;HJ125-8-RESERVOIR+CAPOT RB/ HJ125-8??+??-???;1?/?;HJ125-8;?;11000
YX00058;FLECHE-RESERVOIR ORANGE/FLECHE??-??;1?/?;??;?;21000
YX00065;AP200-RESERVOIR TRELLIS/AP200??-???;1?/?;??;?;17500
YX00067;AP150-20-RESERVOIR BLEU/AP150-20??-?;1?/?;??;?;15000
YX00069;AP175-RESERVOIR/ AP175??-???;1?/?;??;?;16500
YX00073;X-1-RESERVOIR /X-1??-??;4?/?;??;?;4000
YX00074;POWEK RESERVOIR-POWEK/??-???;4?/?;??;?;3500
YX00075;TVS180 RESERVOIR BLANCE /TVS180??-??;1?/?;??;?;23000
YX00077;TVS180-RESERVOIR NOIRE/TVS180??-??;1?/?;??;?;23000
YX00078;AP150-20A-RESERVOIR/AP150-20A??;1?/?;??;?;15000
YX00079;AP150ZK-RESERVOIR??;1?/?;??;?;16000
ZC0001;??/6*4???;1?;??;?;
ZC0002;??/4??????;1?;??;?;
ZC0003;??/8*4???;1?;??;?;
ZC0004;??/6*4???;1?;??;?;
ZC0005;??/?V8???;1?;??;?;
ZC0006;??/12????;1?;??;?;
ZC0007;??/????;1?;??;?;
ZC0008;??/????;1?;??;?;
ZD00001;GN125-PEAU SELLE / GN125???;100?/?;??;?;750
ZD00008;ALOBA-SELLE COMPLET/ ALOBA????;4?/?;??;?;6500
ZD00009;GN125-SCELLE COMPLET/GN125????;8?/?;??;?;6500
ZD00019;GN125-PEAU DE SCELLE(ROUGE)/GN125???-??;100?/?;??;?;721
ZD00031;GN125-PEAU SCELLE/GN125???-????;100?/?;??;?;1100
ZD00035;X-1-SCELLE COMPLET/X-1????;6?/?;??;?;6600
ZD00040;YAMAHA-PEAU SCELLE /YAMAHA???-??;100?/?;??;?;750
ZD00045;PO SCELLE/???-????????;100?/?;??;?;982
ZD00050;CG125-PEAU SCELLE /CG125???;100?/?;??;?;800
ZD00058;POWERKA-SCELLE /POWEK???????;6?/?;??;?;6500
ZD00059;CG125-SCELLE COMPLET/CG125????-????;6?/?;??;?;
ZD00067;AP150-20-SCELLE COMPLET/AP150-20????-LX?;10?/?;??;?;5000
ZD00069;X-1-PEAU SCELLE/???-??????;200?/?;??;?;800
ZD00070;CG125-PO SCELLE /CG125???-HUIDA;100?/?;??;?;750
ZD00071;X-1-SCELLE COMPLET(CCDO)/X-1????-??;6?/?;??;?;6500
ZD00073;PO SCELLE/ ???-???;200?/?;??;?;950
ZD00074;GN125-SCELLE COMPLET/GN125????;8?/?;??;?;6500
ZD0100;cadeau publicitaire/????;;????????;?;
ZXS0005;YX-RY150ZK-INSTALLATION YX-RY150ZK???;25?/?;???;?;4500
