AEROX051;SV-AEROX155 PT-CHAINE SV-AEROX155时规链;200个/件;链条;个;2500
AEROX062;SV-AEROX155 POULIE  SV-AEROX155皮带轮;6个/件;其他;个;20000
BCP20104;YX-CD110-PT-PION(14T)/YX-CD110小齿-428-14T;200个/件;大小齿;个;200
BDG0001;YX-CG125-AXE DE VITESS 5T /YX-CG125变档轴五档;50支/件;变档轴、变档杆;支;800
BDG0002;YX-CG150-AXE DE VITESS/YX-CG150变档轴;50只/件;变档轴、变档杆;支;692
BDG0005;YX-ALOBA-LEVIER VITESSE/YX-ALOBA变档杆;100支/件;变档轴、变档杆;支;600
BDG0008;YX-GN125-LEVIER VITESSE/YX-GN125变档杆+双踩;100支/件;变档轴、变档杆;支;500
BDG0010;YX-AP150-LEVIER-VITESSE-1-ECROU /YX-三轮车变档杆-单丝(加长65）;100支/件;变档轴、变档杆;支;700
BDG0019;YX-CG125-AXE LEVIER VITESSE 4  /YX-CG125变档轴4档;50支/件;变档轴、变档杆;支;750
BDG0022;YX-X-1-BALATEUR CPL/YX-X-1变速鼓总成;40套/件;离合器小鼓;套;1700
BDG0023;EV-CG125-AXE DE LEVIER VITESSE 5 /EV-CG125变档轴五档;50支/件;变档轴、变档杆;支;775
BDG0026;YX-GN125-LEVIER VITESSE 1COTE /YX-GN125变档杆-单踩;200个/件;变档轴、变档杆;个;400
BDG0029;AP150-20AXE JANT AV/AP150-20前轮轴;25条/件;三轮车铁件传动轴后桥;条;1300
BDG0032;EV-ALOBA-LEVIER DE VITESS/EV-ALOBA变档杆;100只/件;变档轴、变档杆;个;650
BDG0038;YX-SY125-8 LEVIER DE VITESS /YX-SY125-8变档杆;100个/件;变档轴、变档杆;个;700
BDG0043;EV-CG150-LEVIE DE VITESSE(1ECO)/150变档杆-单丝加长65;100支/件;变档轴、变档杆;支;750
BDG0047;EV-CG150-LEVIER-VITESSE-2 -ECROU/150变档杆-双丝加长65;100支/件;变档轴、变档杆;支;750
BDG0048;EV-SY125-8-LEVIER DE VITESS/EV-SY125-8变档杆;100支/件;变档轴、变档杆;支;750
BDG0050;EV-CG200-AXE DE LEVIER VITEESSE/EV-CG200变档轴;50支/件;变档轴、变档杆;支;800
BDG0051;YX-LJ110-LEVIER VITESSE/LJ110变档杆;100支/箱;变档轴、变档杆;支;600
BDG0058;YX-AP200-LEVIER VITESSE /YX-AP200变档杆;100套/件;变档轴、变档杆;套;1500
BDG0059;YX-CD110-LEVIER DE VITESS /YX-CD110变档杆;100支/件;变档轴、变档杆;支;650
BDG0060;YX-CD110-AXE DE VITESS/YX-CD110变档轴;50支/件;变档轴、变档杆;支;1250
BDG0061;YX-X-1-LEVIER DE VITESS/YX-X-1变档杆;100支/件;变档轴、变档杆;支;600
BDG0062;YX-AP150-20-LEVIER DE VITESS (NOIR)/YX-AP150-20变档杆-黑色;50支/件;变档轴、变档杆;支;800
BDG0068;YX-X-1-LEVIER VITESSE(NOIR)/变档杆-黑漆;100只/件;变档轴、变档杆;只;600
BDG0069;YX-NEO125-LEVIER DE VITESS/NEO125变档杆;100个/件;变档轴、变档杆;个;1000
BDG0082;SV-HJ150-9-AXE DE LEVIER/SV-HJ150-9变档轴;50个/件;变档轴、变档杆;个;1000
BDG0083;SV-HJ150-9-LEVIER DE VITESS/ SV-HJ150-9变档杆;30个/件;变档轴、变档杆;个;2000
BDG0084;SV-NEO125-LEVIER VITESSE/SV-NEO125变档杆;100个/件;变档轴、变档杆;个;2000
BXG0001;PARACHOC-3 TRAITS 王 /保险杠王型-老款JHB-06;10只/件;保险杠、货架;只;4000
BXG0002;PARACHOC-王 /保险杠王型-新款开口JHB-01;10只/件;保险杠、货架;只;4000
BXG0003;PARACHOC-ROND  /碟型保险杠-JHB-04;10只/件;保险杠、货架;只;4000
BXG0010;SV HJ150-9 PORT BAGAGE/ SV-HJ150-9后货架;10个/件;保险杠、货架;个;9000
BXG0012;ALOBA  PARACHOC ALOBA保险杠（新款包胶）;10个/件;保险杠、货架;个;5000
BXG0013;"ALOBA PARACHOC H-B款	 保险杠H-B款";8个/件;保险杠、货架;套;7000
BXG0014;"ALOBA-PARACHOC H-5	 保险杠H-5款";5个/件;保险杠、货架;个;8500
BXG0015;"ALOBA-PARACHOC H-1款	 保险杆H-1款";5个/件;保险杠、货架;个;14000
BXG0016;"ALOBA-PARACHOC H-2款	 保险杠H-2款";8个/件;保险杠、货架;只;7000
BXG0017;"ALOBA PARACHOC H-3款	 保险杠H-3款";8个/件;保险杠、货架;只;8500
BXG0018;"ALOBA PARACHOC H-走马灯	 保险杠H-走马灯护杠";10套/件;保险杠、货架;套;10000
BZ00001;HC-CD110 刹车蹄块外箱;1个;包装;个;
BZ00002;HC-CD110 刹车蹄块内盒;1个;包装;1个/件;
BZ00003;HC-GN125 刹车蹄块外箱;1;包装;个;
BZ00004;HC- GN125 刹车蹄块内盒;1;包装;个;
BZ00005;HC- 套链外箱（通用）;1;包装;个;
BZ00006;HC- 套链内盒（通用）;1;包装;个;
BZ00857;SV-003通用箱- 440*330*225;10个/件;广宣礼品办公用品;个;
BZ00871;YX-套链飞机盒-19版;50个/件;小齿盖、链盒;个;170
BZ00931;SV-广告手提袋;100个/件;广宣礼品办公用品;个;
BZ00947;YX-ALOBA电门锁盒子;1000个/件;锁具;个;
BZ01027;SV-PE袋子8C-7*17;3000个/件;广宣礼品办公用品;只;
BZ01056;KTM-BLOC EMBALLAGE/KTM发动机纸箱;1个;其他;个;1363
BZ01091;手写发票本;100本/件;广宣礼品办公用品;个;
BZ01092;收款发票本--CTD;100本/件;广宣礼品办公用品;个;
BZ01105;SV-气门盒子-普通款;1500个/件;广宣礼品办公用品;个;
BZ01147;库存卡-法语;1500个/件;其他;个;
CDP0001;YX-GN125-AMPOULE-BLEU/YX-GN125双爪灯泡（蓝色）;1000个/件;灯泡;个;220
CDP0002;EV-GN125 AMPOULE-BLEU  EV-GN125双爪灯泡（蓝色）;1000个/件;灯泡;个;220
CDP0003;EV-CD110 AMPOULE-BLEU  EV-CD110单爪灯泡(蓝色）;1000个/件;EV;个;220
CDP0004;YX-CD110-AMPOULE-BLEU/YX-CD110单爪灯泡(蓝色）;1000个/件;灯泡;个;220
CDP0008;EV-GN125 AMPOULE FEU ROUGE EV-GN125尾灯泡;1000个/件;灯泡;个;40
CDP0009;AMPOULE CLIGNOTANT / 转向灯泡;100个/件;灯泡;个;30
CDP0017;YX-H4-AMPOULE/H4灯泡;250个/件;灯泡;支;400
CGL018;CGL-CASQUE DE PHARE(BLEU)/头罩-蓝色（SKYGO）;50个/件;覆盖件;个;2500
CGL019;CGL-CASQUE DE PHARE (NOIR)/CGL头罩-黑色（SKYGO）;20个/件;覆盖件;个;2500
CGL020;CGL-CASQUE PHARE(ROUGE)/CGL头罩-红色（SKYGO）;50个/件;覆盖件;个;2500
CGL021;YX-CGL-PHARE/YX-CGL大灯（SKYGO）;30个/件;灯具;个;3500
CGL022;YX-CGL-COMPTEUR/YX-CGL仪表（SKYGO）;20个/件;仪表;个;4000
CGL023;YX-CGL-POIGNET CPLT/YX-CGL左右手把开关(SKYGO);50付/件;手把开关;付;2400
CGL025;YX-CGL CLE-CPT YX-CGL套锁（SKYGO）;50套/件;锁具;套;3000
CGL026;YX-CGL-CLE SIMPLE/YX-CGL电门锁（SKYGO）;50个/件;手把开关;个;1400
CGL028;CGL-RESERVOIR NOIRE (SKYGO)/CGL油箱-黑色(SKYGO);1只/件;油箱;只;18000
CGL029;CGL-RESERVOIR ROUGE (SKYGO)/CGL油箱-红色（SKYGO）;1只/件;油箱;只;18000
CGL030;CGL-RESERVOIR BLEU(SKYGO)CGL油箱-蓝色(SKYGO);1只/件;油箱;只;18000
CGL031;YX-CGL-CLIGNTANT/YX-CGL转向灯（SKYGO）;180只/件;灯具;只;450
CGL032;YX-CGL-MANETTE+SUPORT/YX-CGL离合手柄+镜座（SKYGO）;100只/件;手把开关;只;800
CGL033;CGL-SUPPORT FEU-ROUGE(NOIR)/CGL后围裙+灯-黑色（SKYGO）;10付/件;覆盖件;付;5000
CGL034;CGL-SUPPORT FEU-ROUGE(ROUGE)/CGL后围裙+灯-红色（SKYGO）;10付/件;覆盖件;付;5000
CGL035;CGL-SUPPORT FEU-ROUGE(BLEU)/CGL后围裙+灯-蓝色（SKYGO）;10付/件;覆盖件;付;5000
CGL036;CGL-CAPOT DE BATTERIE(NOIR)/CGL侧盖-黑色（SKYGO）;20付/件;覆盖件;付;3000
CGL037;CGL-CAPOT DE BATTERIE(ROUGE)/CGL侧盖-红色（SKYGO）;20付/件;覆盖件;付;3000
CGL038;CGL-CAPOT DE BATTERIE(BLEU)/CGL侧盖-蓝色（SKYGO）;20付/件;覆盖件;付;3000
CHHS001;YX-CD110-BOUGIE/YX-CD110火花塞-A7TC;400个/件;火花塞;个;175
CHHS002;EV-CD110-BOUGIE/EV-CD110火花塞-A7TC;400个/件;火花塞;个;200
CHHS003;;400个/件;火花塞;个;175
CHHS004;EV-CG125-BOUGIE/EV-CG125火花塞-D8TC;400只/件;火花塞;个;200
CHHS005;YX-NEO125-BOUGIE/YX-LC135火花塞10厘加长-CP7E;400个/件;火花塞;个;225
CHHS006;EV-LC135-BOUGIE/EV-LC135火花塞10厘加长-CP7E;400个/件;火花塞;个;250
CHHS007;YX-V80-BOUGIE/YX-V80火花塞-E6TC;400个/件;火花塞;个;225
CHHS008;EV-V80 BOUGIE EV-V80火花塞-E6TC;400个/件;EV;个;200
CHHS011;YX-TVS160-BOUGIE/YX-TVS160火花塞-CR8E;400个/件;火花塞;个;225
CHHS017;BOUGIE EV-F5TC-14厘米加长火花塞;400个/件;EV;个;200
CHHS018;YX-F5TC-BOUGIE/YX-YX-F5TC火花塞;400个/件;火花塞;个;200
CHHS030;YX-F7TC-BOUGIE/YX-F7TC火花塞;400个/件;火花塞;个;225
CHSJ007;YX-YBR125-RETROVISEUR/YX-YBR125后视镜;50付/件;后视镜;付;900
CHSJ009;YX-GN125-RETROVISEUR/YX-GN125后视镜;50付/件;后视镜;付;800
CHSJ015;YX-X-1(ZOUMA)RETROVISEUR/YX-X-1后视镜-方凌款;50付/件;后视镜;付;800
CHSJ017;YX-X-1( PETIT)RETROVISEUR/YX-X-1后视镜-新款金刚款-QX-1125;50付/件;后视镜;只;800
CHSJ018;YX-X-1(CCDO)RETROVISEUR/YX-X-1后视镜-豪华款;50套/件;后视镜;套;850
CHSJ024;YX-HJ125-8-RETROVISEUR/ HJ125-8后视镜;50付/件;HJ125-8;付;1500
CHSJ026;YX-ALOBA-RETROVISEUR/YX-ALOBA后视镜;40付/件;后视镜;付;1400
CHSJ035;YX-NEO125 RETROVISEUR YX-NEO125后视镜;50付/件;后视镜;付;1300
CHSJ040;YX-TVS180-RETROVISEUR/YX-TVS180后视镜;40付/件;后视镜;付;1400
CHSJ043;YX-SY125-8-RETROVISEUR/YX-SY125-8后视镜;40付/件;后视镜;付;1500
CHSJ043（停用）;YX-SY125-8-RETROVISEUR/YX-SY125-8后视镜（停用）;50付/件;后视镜;付;1500
CHSJ045;YX-HJ150-22-RETROVISEUR/YX-HJ150-22后视镜;50付/件;后视镜;付;1800
CHSJ046;YX-DR190S-RETROVISEUR/YX-DR190S后视镜;40付/件;后视镜;付;2500
CHSJ047;YX-RETROVISEUR-1124/YX-后视镜-QX-1124;50付/件;后视镜;付;1100
CHSJ048;YX-RETROVISEUR-1210/YX-后视镜-QX-1210/MINI;50付/件;后视镜;付;1100
CHSJ049;YX-RETROVISEUR-1283/YX-后视镜-QX-1283;50付/件;后视镜;付;1100
CHSJ050;YX-RETROVISEUR-1316/YX-后视镜-QX-1316;50付/件;后视镜;付;1250
CHSJ051;YX-RETROVISEUR-1135/YX-后视镜-QX-1135;50;后视镜;付;3000
CHSJ052;YX-RETROVISEUR-1282/YX-后视镜-QX-1282;20付/件;后视镜;付;4000
CHSJ053;YX-RETROVISEUR-1177/YX-后视镜-QX-1177;50付/件;后视镜;付;3000
CHSJ054;YX-RETROVISEUR-1287/YX-后视镜-QX-1287;50付/件;后视镜;付;1300
CHSJ056;YX-RETROVISEUR-1222/YX-后视镜-QX-1222;50付/件;后视镜;付;3500
CHSJ057;YX-RETROVISEUR(1222-3)YX-后视镜-QX-1222-3;20付/件;后视镜;付;4500
CHSJ058;YX-后视镜(1195-3)YX-后视镜-QX-1195-3;50付/件;后视镜;付;3500
CJYB006;YX-AP200-POMPE A HUILE(37T)/YX-AP200机油泵-37齿;100只/件;机油杯、机油泵、油开关、油浮子、油门胶;只;1100
CJYB008;YX-CG125-POMPE A HUILE(A PION)YX-CG125机油泵;100只/件;机油杯、机油泵、油开关、油浮子、油门胶;只;1250
CJYB009;EV-CG125-POMPE-A-L'HUIL(PION)EV-CG125机油泵（机械式）高脚;100只/件;机油杯、机油泵、油开关、油浮子、油门胶;只;1100
CJYB017;YX-GN125-POIGNET TOURNANT/YX-GN125油门胶;500个/件;机油杯、机油泵、油开关、油浮子、油门胶;个;150
CJYB019;EV-CG125 POIGNET-TOURNANT  EV-CG125油门胶;500只/件;EV;只;150
CJYB020;YX-GN125-ROBINET ESSENCE/YX-GN125油开关;50只/件;机油杯、机油泵、油开关、油浮子、油门胶;只;750
CJYB020（停用）;YX-GN125-ROBINET /YX-GN125油开关;100只/件;机油杯、机油泵、油开关、油浮子、油门胶;只;750
CJYB025;YX-CG125-POMPE A HUILE (PETIT)/ YX-CG125机油杯;100只/件;机油杯、机油泵、油开关、油浮子、油门胶;只;550
CJYB026;YX-CG150-POMPE A HUILE (PETIT) / YX-CG150机油杯;100只/件;机油杯、机油泵、油开关、油浮子、油门胶;只;550
CJYB033;EV-CG125 ROBINET ESSENCE/EV-CG125油开关;100个/件;机油杯、机油泵、油开关、油浮子、油门胶;个;600
CJYB062;YX-AP150-20POMPE-A-L'HUIL(39T) /YX-AP150-20机油泵-39齿;100只/件;机油杯、机油泵、油开关、油浮子、油门胶;只;950
CJYB075;SV HJ150-9 POMPE-A-L'HUIL/SV-HJ150-9机油杯;100个/件;机油杯、机油泵、油开关、油浮子、油门胶;个;1000
CJYB076;SV HJ150-9 POMPE-A-L'HUIL/SV-HJ150-9机油泵;100个/件;机油杯、机油泵、油开关、油浮子、油门胶;个;1500
CJYB077;YX-NEO125-ROBINET ESSENCE/YX-NEO125油开关;50个/件;机油杯、机油泵、油开关、油浮子、油门胶;个;750
CJYB080;SV-TVS180-FILTRE A HUILE/SV-TVS180机油格;500个/件;机油杯、机油泵、油开关、油浮子、油门胶;个;400
CJYB086;YX-AP150-20ROBINET/YX-AP150-20油开关;100个/件;三轮车铁件传动轴后桥;个;600
CLA0001;YX-GN125-SONNERIE PETIT  /YX-GN125小喇叭;100个/件;喇叭;个;400
CLA0002;EV-GN125-KLAXON 12V /EV-GN125小喇叭;100个/件;喇叭;个;400
CLA0003;YX-GN125-SONNERIE GRAND/YX-GN125大喇叭--带圈喇叭;100个/件;喇叭;个;550
CLA0007;YX-ALOBA-SONNERIE/YX-ALOBA喇叭;50个/件;喇叭;个;600
CLA0008;EV-ALOBA KLAXON 12V EV-ALOBA喇叭-大喇叭-89MM;50个/件;EV;个;
CLA0010;YX-SONNERIE EN BRUIT/YX-多音蜗牛喇叭-白色;50付/件;喇叭;付;2250
CQDZ001;YX-CG150-AXE DE VITESS CMPLET/YX-CG150主副轴总成;10套/件;主副轴、启动轴、刹车拉杆;套;4000
CQDZ010;GN125-TIGE DE FREIN/GN125刹车拉杆;250支/件;主副轴、启动轴、刹车拉杆;支;175
CQDZ012;YX-CG125-AXE DE PEDAL COMPLET/YX-CG125启动轴总成;50只/件;主副轴、启动轴、刹车拉杆;只;1250
CQDZ014;YX-CD110-AXE DE PEDAL SIMPLE/YX-CD110启动轴-单;100只/件;主副轴、启动轴、刹车拉杆;只;800
CQDZ018;YX-AP200-AXE DE VITESS CMPLET/YX-AP200主副轴总成;10套/件;主副轴、启动轴、刹车拉杆;套;6000
CQDZ020;CD110-TIGE DE  FREIN/ CD110刹车拉杆;250支/件;主副轴、启动轴、刹车拉杆;支;150
CQDZ027;EV-CG150-AXE-DE-PEDAL-CPT / EV-CG150启动轴总成-173mm;25条/件;主副轴、启动轴、刹车拉杆;条;1250
CQDZ028;EV-CG125-AXE-DE-PEDAL--CPT  /EV-CG125启动轴总成;50条/件;主副轴、启动轴、刹车拉杆;条;1250
CQDZ035;YX-CG125-AXE DE VITESS CMPLET/YX-CG125主副轴总成;10付/件;主副轴、启动轴、刹车拉杆;付;3800
CQDZ042;YX-CG125-AXE DE PETIT PION/YX-CG125副轴-147mm;100支/件;主副轴、启动轴、刹车拉杆;支;800
CQDZ043;YX-CG150-AXE DE PETIT PION/YX-CG150副轴-157mm;100支/件;主副轴、启动轴、刹车拉杆;支;800
CQDZ046;YX-CG125-AXE DE PEDA SIMPLE/YX CG125 启动轴-单;100只/件;主副轴、启动轴、刹车拉杆;只;1000
CQDZ052;EV-CG150-AXE DE PEDAL SIMPLE/EV-CG150启动轴-单;100支/件;主副轴、启动轴、刹车拉杆;支;800
CQDZ054;EV-CD110-AXE DE PEDAL/EV-CD110启动轴-单;100支/件;主副轴、启动轴、刹车拉杆;支;800
CQDZ058;EV-CG125-AXE  DE PIT PION/EV-CG125-副轴;100支/件;变档轴、变档杆;支;900
CQDZ059;EV-CG150-AXE DE PETIT PION/EV-CG150副轴;100支/件;主副轴、启动轴、刹车拉杆;支;800
CQDZ060;YX-KTM-AXE DE VITESS CMPLET/KTM主副轴;10套/箱;主副轴、启动轴、刹车拉杆;套;3800
CQDZ065;EV-CG250-AXE DE PETIT PION/EV-CG250副轴;100支/件;主副轴、启动轴、刹车拉杆;支;1000
CQDZ071;SV HJ150-9-AXE DE PEDAL CPT/SV-HJ150-9启动轴总成;20套/件;主副轴、启动轴、刹车拉杆;套;2500
CQDZ074;YX-AP200AXE-PT-PION/YX-AP200副轴;100个/件;三轮车铁件传动轴后桥;个;850
CTH0001;YX-GN125-RESSORT PT CAL /YX-GN125侧支架弹簧-彩锌;1000条/件;弹簧、螺丝、支架;条;40
CTH0002;YX-GN125-RESSORT GR CAL /YX-GN125主支架弹簧-彩锌;1000条/件;弹簧、螺丝、支架;条;60
CTH0003;YX-CG125-RESSORT FREIN/YX-CG125刹车踏板弹簧-蓝白锌;500条/件;弹簧、螺丝、支架;条;40
CTH0006;YX-CD110-ECROU GRAND PION/YX-CD110大齿螺丝;200个/件;弹簧、螺丝、支架;个;150
CTH0008;YX-CG125-ECROU GRAND PION/YX-CG125大齿螺丝;200付/件;弹簧、螺丝、支架;付;150
CTH0009;YX-GN125-ECROU GRAND PION/YX-GN125大齿螺丝;200付/件;弹簧、螺丝、支架;付;150
CTH0010;EV-GN125 ECROU-GD-PION  EV-GN125大齿螺丝;200个/件;EV;个;150
CTH0017;YX-GN125-GRAND CAL/YX-GN125主支架;10个/件;弹簧、螺丝、支架;个;1400
CTH0019;YX-GN125-PETIT CAL/YX-GN125侧支架;100个/件;弹簧、螺丝、支架;个;750
CTH0024;EV-GN125-RESSORT CPT/EV-GN125全车弹簧;200个/件;弹簧、螺丝、支架;个;200
CTH0042;YX-X-1-CHASSIA /X-1后平叉;8个/件;保险杠、货架;只;4500
CTH0048;GN125-AXE DE CENTRAL/GN125中轴;100只/件;弹簧、螺丝、支架;只;250
CTH057;GN125-CHASSIA/ GN125后平叉;10个/件;保险杠、货架;个;4500
CTH070;YX-GN125-TIRE CHAINE/GN125链条调节器;100付/件;弹簧、螺丝、支架;付;350
CTH076;YX-GN125-REGLAGE DE FREIN/GN125刹车摇臂;100套/件;弹簧、螺丝、支架;套;350
CTH079;GN125-AXE ARR/GN125后轮轴;100条/件;弹簧、螺丝、支架;条;350
CTH083;YX-X-1-BOULE DE POIGNET/YX-X-1平衡块-镀铬;50付/件;弹簧、螺丝、支架;付;900
CTH084;GN125-AXE AV/GN125前轮轴;100条/件;弹簧、螺丝、支架;支;250
CTH103;YX-GN125-RESSORT DE FREIN/YX-GN125刹车踏板弹簧;1000付/件;弹簧、螺丝、支架;付;7000
CTH105;YX-CG125-ESSORT PETIT CAL/YX-CG125侧支架弹簧;500个/件;弹簧、螺丝、支架;个;50
CTH109;YX-X-1-AXE JANTE AR/YX-X-1后轮轴;100支/件;前后轮;支;300
CTH110;X-1-AXE JANTE AV/X-1前轮轴;100支/件;前后轮;支;
CTH112;YX-ALOBA-BOULE DE POIGNET/ALOBA平衡块;50付/件;弹簧、螺丝、支架;付;1000
CTH114;GN125-CHASSIS/GN125后平叉;10个/件;弹簧、螺丝、支架;个;3750
CTH115;ALOBA-CHASSIS/ALOBA后平叉;10个/件;弹簧、螺丝、支架;个;3750
CTH117;X-1-CHASSIS/X-1后平叉;10个/件;弹簧、螺丝、支架;个;3750
CTH120;KTM110泰本田-chassis/KTM110后平叉-泰本田状态;10个/件;弹簧、螺丝、支架;个;
CTH121;ALOBA-SERE BLOCK/YX-ALOBA平叉轴套(14孔）;200套/件;其他;套;
CTH122;GN125-SERE BLOCK/YX-GN125平叉轴套(12孔）;200套/件;其他;套;
CYLH001;YX-CD110-BILLE DEMARREUR /YX-CD110启动珠-LJ110;500套/件;超越离合器;套;250
CYLH002;YX-CG125-BILLE DEMARREUR /YX-CG125启动珠;500套/件;超越离合器;套;250
CYLH022;EV-CG125 BILLE-DEMARREUR EV-CG125启动珠;500个/件;EV;个;250
CYLH030;YX-AP200-BENNE DISQUE CPT / YX-AP200超越离合器总成+螺栓;30套/件;超越离合器;套;3000
CYLH032;YX-AP200-BENNE DISQUE SIMPLE / YX-AP200超越离合器本体+螺栓;50只/件;超越离合器;只;1800
CYLH033;BENNE-DISQUE-CPT EV-CG125超越离合器总成+螺栓;30个/件;EV;个;2250
CYLH034;YX-CG125-BENNE DISQUE CPT /YX-CG125超越离合器总成+螺栓;40套/件;超越离合器;套;2250
CYLH035;BENNE DISQUE EV-CG125超越离合器本体+螺栓;50个/件;EV;个;1000
CYLH036;YX-CG125-BENNE DISQUE SIMPLE /YX-CG125超越离合器本体+螺栓;50只/件;超越离合器;只;1000
CYLH038;YX-CD110-BENNE DISQUE CPT /YX-CD110超越离合器总成+螺栓;40套/件;超越离合器;套;
CYLH038（停用）;YX-CD110-BENNE DISQUE CPT /YX-CD110超越离合器总成+螺栓;30套/件;超越离合器;套;1800
CYLH040;YX-CD110-BENNE DISQUE SIMPLE  /YX-CD110超越离合器本体+螺栓;50只/件;超越离合器;只;900
CYLH051;YX-AP200-BENNE DISQUE+VOLAN/AP200超越离合器总成+转子;30个/件;超越离合器;个;6500
CYLH052;SV-HJ150-9-PION DE BENN DISQUE/SV-HJ150-9超越离合器大齿;50个/件;大小齿;个;6000
CYLH053;SV-HJ150-9-VOLAN+BENNE DISQUE/SV-HJ150-9转子+本体;30个/件;线圈;个;6000
CYLH057;HC-CG125 BENNE DISQUE SIMPLE/HC-CG125超越离合器本体+螺栓;50个/件;超越离合器;个;800
CYLH058;HC-CG125 BENNE DISQUE CPT/  HC-CG125超越离合器总成+螺栓;30个/件;超越离合器;个;2000
CZC0001;YX-ROULEMENT30204 /YX-30204轴承;200个/件;轴承;个;550
CZC0002;YX-ROULEMENT 30205 /YX-30205轴承;200个/件;轴承;个;550
CZC0003;YX-ROULEMENT 30206 /YX-30206轴承;150个/件;轴承;个;650
CZC0004;YX-ROULEMENT32909 /YX-32909轴承;150个/件;轴承;个;750
CZC0009;YX-ROULEMENT6007 /YX-6007轴承;150个/件;轴承;个;600
CZC0010;YX-ROULEMENT6008 /YX-6008轴承;100个/件;轴承;个;600
CZC0011;YX-ROULEMENT6009 /YX-6009轴承;100个/件;轴承;个;750
CZC0012;YX-ROULEMENT6202 /YX-6202轴承;300个/件;轴承;个;190
CZC0013;YX-ROULEMENT6203 /YX-6203轴承;300个/件;轴承;个;215
CZC0014;YX-ROULEMENT6204 /YX-6204轴承;200个/件;轴承;个;280
CZC0015;YX-ROULEMENT6205 /YX-6205轴承;200个/件;轴承;个;390
CZC0016;YX-ROULEMENT6206 /YX-6206轴承;150个/件;轴承;个;500
CZC0021;YX-ROULEMENT6302 /YX-6302轴承;300个/件;轴承;个;220
CZC0023;YX-ROULEMENT6304 /YX-6304轴承;200个/件;轴承;个;400
CZC0028;EV-ROULEMENT6202 /EV-6202轴承;300个/件;轴承;个;200
CZC0032;EV-ROULEMENT6302 /EV-6302轴承;300个/件;轴承;个;230
CZC0033;EV-ROULEMENT6204/EV-6204轴承;200个/件;轴承;个;300
CZC0036;EV-ROULEMENT6205 EV-6205轴承;200个/件;轴承;个;390
CZC0037;EV-ROULEMENT6008/EV-6008轴承;100个/件;轴承;个;700
CZC0040;EV-ROULEMENT 6009  EV-6009轴承;100个/件;EV;个;750
CZC0041;EV-ROULEMENT6304 EV-6304轴承;200个/件;EV;个;400
CZC0043;YX-ROULEMENT6301 /YX-6301轴承;300个/件;轴承;个;190
CZC0044;YX-ROULEMENT6300 /YX-6300轴承;300个/件;轴承;个;190
CZC0045;YX-ROULEMENT6004 /YX-6004轴承;300个/件;轴承;个;215
CZC0046;EV-ROULEMENT6004 EV-6004轴承;300个/件;轴承;个;2230
CZC0047;EV-ROULEMENT6300 EV-6300轴承;300个/件;轴承;个;190
CZC0048;EV-ROULEMENT6301 EV-6301轴承;300个/件;轴承;个;205
CZC0062;YX-CD110-BILLE DIRECTION / YX-CD110方向轴承X-1/KTM;100套/件;轴承;套;750
CZC0063;YX-ALOBA-BILLE DIRECTION /YX-ALOBA方向轴承;100套/件;轴承;套;750
CZC0069;  -ROULEMENT6301/M-6301轴承;300个/件;轴承;个;
CZC0075;SV-ROULEMENT6205 SV-轴承6205;200个/件;轴承;个;750
DC00001;YX-HJ110-3-BATTERIE-BLINDE/YX-YT4L-BS干电池-黑;10只/件;电池;只;3700
DC00003;YX-CD110-BATTERIE-BLINDE NOIR /YX-12N5A-BS干电池-黑;10只/件;电池;只;4600
DC00005;YX-GN125-BATTERIE-BLINDE NOIR /YX-12N9A-BS干电池-黑;8只/件;电池;只;5600
DC00007;YX-CD110-BATTERIE-ACIDE /YX-12N5A-3B水电池;6只/件;电池;只;4600
DC00008;EV-12N5A-3BBATTERIE-ACIDE /EV-12N5A-3B水电池;6只/件;电池;只;4500
DC00009;YX-GN125-BATTERIE-ACIDE /YX-12N9A-4B水电池;6只/件;电池;只;5600
DC00010;EV-GN125-BATTERIE-ACIDE 12N9A-4B/EV-12N9A-4B水电池;6只/件;电池;只;5650
DC00011;YX-AP200-BATTERIE-ACIDE /YX-12V28A水电池;2只/件;电池;只;11000
DC00012;EV-CG125-BATTERIE-BLANDE /EV-12N6.5A干电池;10只/件;电池;只;5400
DC00012(停用）;EV-CG125-BATTERIE-BLANDE /EV-12N6.5A干电池（停用）;6只/件;电池;只;5400
DC00014;EV BATTERIE SKYGO BLINDE NOIR 12N7 /EV-12N7-4A干电池;8只/件;电池;只;5750
DC00023;YX-CG125-BATTERIE-ACIDE /YX-12N6.5-3B水电池;6只/件;电池;只;5250
DC00030;EV BATTERIE SKYGO  ACIDE 12N7 /EV-12N7水电池;6只/件;电池;只;5500
DC00031;YX-CGL-BATTERIE-ACIDE /YX-12N7水电池;6只/件;电池;只;5500
DC00032;YX-CGL-BATTERIE BLINDE /YX-12N7-4A干电池;8只/件;电池;只;5500
DC00034;YX-CG125-BATTERIE BLINDE /YX-12N6.5A干电池;10只/件;电池;只;5000
DC00046;YX-HJ110-3-BATTERIE BLANDE NOV /YX-KTX4L-BS干荷半免维护电池;10只/件;电池;只;5000
DC00047;YX-CD110-BATTERIE BLANDE NOV/YX-KM5Z-3B干荷半免维护电池;10只/件;电池;只;5000
DC00048;YX-CG125-BATTERIE BLANDE NOV/YX-KTX6.5L-BS干荷半免维护电池;8只/件;电池;只;5500
DC00049;YX-GN125-BATTERIE BLANDE NOV /YX-12N9-BS干荷半免维护电池;6只/件;电池;只;6000
DC00063;SV-HJ110-3-BATTERIE/ SV-YT4L-BS干电池-黑;10只/件;电池;只;6000
DC00064;SV-CD110-BATTERIE-BLINDE-NOIR SV-12N5A-BS干电池-黑;10只/件;电池;只;7000
DC00065;SV-GN125-BATTERIE-BLINDE-NOV SV-12N9A-BS干电池-黑;8只/件;电池;只;8500
DC00070;YX-HJ150-22-BATTERIE /YX-YTX7L-BS干荷半免维护电池;10只/件;电池;只;7000
DC00082;YX-AP200-BATTERIE-BLINDE-NOIR/YX-12V28A干电池;2个/件;电池;个;11000
DC00084;SV-YTX9-BATTERIE-BLINDE-NOVO干荷半免维护电池;6只/件;电池;只;8000
DC00085;HC-CD110-BATTERIE-ACIDE  /HC-12N5A-3B水电池;6个/件;电池;只;4250
DC00086;HC-GN125-BATTERIE ACIDE /HC-12N9A-4B水电池;6个/件;电池;只;5250
DC00087;HC-HJ110-3-BATTERIE-BLINDE/HC-YT4L-BS干电池-黑;10个/件;电池;只;3500
DC00088;HC-CD10-BATTERIE BLINDE /HC-12N5A-BS干电池-黑;10个/件;电池;只;4300
DC00089;HC-GN125-BATTERIE BLINDE/HC-12N9A-BS干电池-黑;8个/件;电池;只;5300
DC00091;YX-12V100AH BATTERIE-BLINDE-NOIR/12V100AH免维护汽车电池;1套/件;电池;套;51000
DC00092;AL-HJ110-3-BATTERIE-BLINDE/AL-MF-YT4L-BS干电池;10个/件;电池;个;7000
DC00093;AL-CD110-BATTERIE-BLINDE/AL-MF-12N5L-BS干电池;8只/件;电池;只;6500
DC00094;AL-HJ150-22-BATTERIE-BLINDE/AL-MF-YTX7L-BS干电池;6只/件;电池;只;9000
DC00096;AL-GN125-BATTERIE-BLINDE/AL-MF-12N9-BS干电池;6只/件;电池;只;9000
DC00097;AL-GN125-BATTERIE-BLINDE PETIT/AL-MF-12N7BL-BS干电池;6只/件;电池;只;9000
DC00098;AL-CD110-BATTERIE-ACIDE/AL-12N5-3B水电池;8只/件;电池;只;6000
DC00099;AL-GN125-BATTERIE-ACIDE-PETIT/ AL-12N7-4B水电池;6只/件;电池;只;7500
DC00101;AL-MF-12N7-BS BATTERIE-BLINDE AL-MF-12N7-BS干电池;6只/件;电池;只;7500
DC00103;"HC-12N6.5A BATTERIE-BLINDE 	 HC-12N6.5A干电池";10只/件;电池;只;4800
DC00104;SV-HJ150-22-BATTERIE BLINDE/SV-MF-YTX7L-BS干电池;6个/件;电池;个;8000
DJ00003;EV-GN125-PHARE/EV-GN125大灯;20只/件;灯具;只;2080
DJ00004;YX-GN125-PHARE /YX-GN125大灯;20只/件;灯具;只;2500
DJ00007;AP200-PHARE/ AP200大灯;20只/件;灯具;只;4500
DJ00012;YX-ALOBA-FEU ROUGE /YX-ALOBA尾灯;50只/件;灯具;只;1250
DJ00014;YX-SANYA125-8-FEU ROUGE /YX-SY125-8尾灯;30只/件;灯具;只;2400
DJ00027;AP200-CASQUE PHARE/AP200大灯罩;20只/件;灯具;只;4500
DJ00030;X-1-VERRE PHARE-X-1大灯玻璃-新款;40只/件;灯具;只;1000
DJ00031;GN125-VERRE PHARE/GN125大灯玻璃;100只/件;灯具;只;250
DJ00041;YX-YOROBO-PHARE /YX-YOROBO大灯;20只/件;灯具;只;4500
DJ00048;YX-AP125-FEU-ROUGE /YX-美式太子尾灯;30只/件;灯具;只;2500
DJ00049;EV-SY125-8FEU ROUGE  EV-美式太子尾灯;30个/件;EV;个;2400
DJ00051;EV-CG125-PHARE LED(6 AMPLOU) /EV-CG125LED大灯（六珠）;30只/件;灯具;只;3000
DJ00052;YX-GN125-PHARE LED(6 AMPLOU)/YX-GN125LED大灯总成-6珠;20只/件;灯具;只;3000
DJ00055;GN125-PORT PHARE /GN125大灯头-灯泡安装座;1000条/件;灯具;条;
DJ00057;YX-CG125-PHARE LED 6  /YX-CG125LED大灯（六珠）;20只/件;灯具;只;
DJ00090;X-1 VERRE-PHARE 新款 X-1大灯玻璃-新款;40个/件;灯具;个;1000
DJ0063;EV-ALOBA AP125-30-PHARE-LED/EV-ALOBA大灯-LED;20只/件;灯具;只;3000
DJ0064;X-1-PHARTE/X-1大灯;20只/件;灯具;只;4500
DJ0075;YX-SANYA-8-PHARE /YX-美式太子大灯;20个/件;灯具;个;3000
DJ0081;X-1-PHARE NOV/ X-1大灯-新款;20只/件;灯具;只;4000
DJ0088;YX-YBR125-PHARE /YBR125大灯;20只/件;YBR配件;只;2500
DJ0092;YX-SY125-8CLIGNOTANT(PREMIERE)YX-SY125-8转向灯-1等;180只/件;灯具;只;375
DJ0094;YX-ALOBA-CLIGNOTANT(BLANC)/YX-ALOBA转向灯-白色;180只/件;灯具;只;375
DJ0096;YX-ALOBA-CLIGNOTANT(LED)/YX-ALOBA转向灯-LED;240只/件;灯具;只;375
DJ0122;CG125-FEU ROUGE/CG125尾灯;30只/件;灯具;只;2000
DJ0126;EV-ALOBA-CLIGNTANT-(JAUNE)  /EV-ALOBA转向灯-橙色;180只/件;EV;只;350
DJ0127;YX-GN125-FEU ROUGE/YX-GN125尾灯;20只/件;灯具;只;2250
DJ0132;YX-CG125-CLIGNOTANT/YX-CG125转向灯;180只/件;灯具;只;375
DJ0140;YX-ALOBA-CLIGNOTANT(JAUNE)/YX-ALOBA转向灯-橙色;180只/件;灯具;只;375
DJ0151;AP200-FEU ROUGE /AP200尾灯;60付/件;灯具;付;2500
DJ0152;YX-CG125-PHARE /CG125大灯;30只/件;灯具;只;2300
DJ0154;YX-AP175-PHARE /AP175大灯;20只/件;灯具;只;4500
DJ0156;YX-CG125-CLIGNOTANT LED/CG125转向灯LED-白;120只/件;灯具;只;600
DJ0157;YX-AP150-20-PHARE/ AP150-20大灯-带帽檐;20只/件;灯具;只;2800
DJ0157（停用）;YX-AP150-20-PHARE/ AP150-20大灯-带帽檐（停用）;30只/件;灯具;只;3500
DJ0164;EV-SANSY125-PHARE /EV-美式太子大灯;20只/件;灯具;只;2400
DJ0165;AP150-20-FEU-ROUGE/ AP150-20尾灯;20只/件;灯具;只;2900
DJ0167;YX-AP150-20 CLIGNTANT / YX-AP150-20转向灯;180只/件;灯具;只;500
DJ0168;YX-01-CLIGNOTANT 转向灯ZXD-01 常亮;250付/件;灯具;付;500
DJ0169;YX-02-CLIGNOTANT 转向灯ZXD-02 常亮+7彩闪光;250付/件;灯具;付;500
DJ0171;YX-04-CLIGNOTANT -转向灯ZXD-04 流水闪光;200付/件;灯具;付;650
DJ0172;YX-05-CLIGNOTANT -转向灯ZXD-05 日行灯+常亮;100付/件;灯具;付;1000
DJ0173;YX-08-ANTI-BROUILLARD /YX-镜前灯BYL-RL/DC12V 1W常亮+闪光;50付/件;灯具;付;1100
DJ0174;YX-09-ANTI-BROUILLARD  /YX-镜前灯BYL-RL-06/DC12V 1W常亮+闪光;50付/件;灯具;付;1000
DJ0176;YX-11-ANTI-BROUILLARD 镜前灯XYS-06-TJ;100只/件;灯具;付;500
DJ0177;YX-12-ANTI-BROUILLARD 风车灯FZ-FHL-10CM;250只/件;灯具;付;500
DJ0178;YX-13-ANTI-BROUILLARD 风车灯FZ-FHL-NEW-10CM;250只/件;灯具;付;550
DJ0179;YX-14-ANTI-BROUILLARD 风车灯FZ-GTH-10CM;250只/件;灯具;支;550
DJ0180;YX-15-AMPOULE 水晶大灯泡SXG-YX;50只/件;灯具;只;4500
DJ0181;YX-16-ANTI-BROUILLARD /YX-镜前灯KMM-SL-5D/塑件3W;50只/件;灯具;只;1500
DJ0183;YX-06-ANTI-BROUILLARD /YX-镜前灯BYL-RL/DC12V 0.5W常亮;100付/件;灯具;付;880
DJ0184;YX-07-ANTI-BROUILLARD /YX-镜前灯BYL-RL-06/DC12V 0.5W常亮;100付/件;灯具;付;800
DJ0188;YX-NEO125 PHARE/ YX-NEO125大灯;20个/件;灯具;个;7000
DJ0189;TVS180-PHARE CPT  BLAN-TVS180大灯+大灯罩-白色;10只/件;灯具;只;
DJ0190;TVS180-PHARE CPT  ROUGE-TVS180大灯+大灯罩-红色;10只/件;灯具;只;
DJ0191;GN-PHARE/M-GN125大灯;20只/件;灯具;只;
DJ0207;TVS180-PHARE COMPLET-NOIR /TVS180大灯总成-黑色;4个/件;灯具;个;15000
DJ0208;TVS180-PHARE CAMPLET-BLAN /TVS180大灯总成（大灯+大灯罩）-白色;4个/件;灯具;个;15000
DJ0209;TVS180-PHARE COMPLET-ROUGE /TVS180大灯总成（大灯+大灯罩）-红色;4个/件;灯具;个;15000
DJ0210;TVS180-CASQUE PHARE /TVS180大灯罩（单）-黑色;25只/件;灯具;只;4500
DJ0215;HJ110-3-VERRE PHARE / HJ110-3大灯玻璃;50个/件;灯具;个;1500
DJ0217;YX-ALOBA VERRE DE CLIGNOTANT-ORANGE /YX-ALOBA转向灯壳-黄;900个/件;灯具;个;450
DJ0221;DF150-PHARE COMPLET (NOIRE)/DF150大灯总成（黑色）;5个/件;灯具;个;22500
DJ0222;DF150 VERRE PHARE DF150大灯玻璃;50个/件;灯具;个;2500
DJ0225;YX-X-1 FEU-ROUGE/ YX-X-1尾灯-新款（LED);30个/件;灯具;个;2050
DJ0227;YX-ALOBA-CLIGNOTANT-ROUGE(PREMIERE)ALOBA转向灯-橙色-1等;180只/件;灯具;只;
DJ0231;"DR190 PHARE+CASQUE-NOIRE 	 DR190大灯总成（大灯+头罩）-黑色";5个/件;灯具;个;75000
DJ0232;"DR190 PHARE+CASQUE-BLEU 	 DR190大灯总成（大灯+头罩）-蓝色";5个/件;灯具;个;75000
DJ0233;"DR190 PHARE+CASQUE-ROUGE 	 DR190大灯总成（大灯+头罩）-红色";5个/件;灯具;个;75000
DJ0234;"DR190 PHARE+CASQUE-BLANC 	 DR190大灯总成（大灯+头罩）-白色";5个/件;灯具;个;75000
DJ0235;"DR190 VERRE-PHARE 	 DR190大灯玻璃";50个/件;灯具;个;7000
DJ0236;CG125-PHARE LED/CG125LED大灯（六珠）;50只/件;灯具;只;653
DJ0237;YX-ZXD-19转向灯-流水款（四色混装）;100付/件;灯具;付;
DJ0238;HJ125-8-PHARE/M-美式太子大灯;20只/件;灯具;只;
DJ0240;ALOBA-CLIGNOTANT((DEUXIEME))ALOBA转向灯-2等;100只/件;灯泡;只;350
DJ0241;SY125-8CLIGNOTANT(DEUXIEME)/SY125-8转向灯-2等;100只/件;灯泡;只;350
DJ0244;CG125 CLIGNOTANI  CG125转向灯;100个/件;灯具;个;350
DL00003;EV-X-1-INSTALLATION EV-X-1主线束-外星人;50条/件;主线束;条;2500
DL00004;YX-GN125-INSTALLATION(AP)/YX-GN125主线束-AP;50条/件;主线束;条;2500
DL00005;YX-GN125-INSTALLATION YX-GN125主线束-SANLI;50条/件;主线束;条;2250
DL00006;YX-X-1-INSTALLATION/ YX-X-1主线束-外星人;50条/件;主线束;条;2400
DL00007;EV-ALOBA-INSTALLATION/EV-ALOBA主线束;50条 /件;主线束;个;2750
DL00008;YX-ALOBA-INSTALLATION /YX-ALOBA主线束;50条/件;主线束;条;2500
DL00012;YX-SY125-8-INSTALLATION/YX-SY125-8主线束;50条/件;主线束;条;2500
DL00016;YX-HJ125-8-INSTALLATION  /YX-HJ125-8主线束;50条/件;HJ125-8;条;2500
DNP0003;AP125-BAVETTE DURE /挡泥皮硬壳-AP;100付/件;档泥皮;付;500
DNP0007;SY125-BAVETTE DURE /SY硬壳挡泥皮;100付/件;档泥皮;付;500
DQ00001;YX-BOIT-CLIGNOTANT-SOUN /YX-蜂鸣闪光器;500只/件;电器件;只;250
DQ00003;YX-BOIT-CLIGNOTANT-NO-SOUN /YX-无峰鸣闪光器;500只/件;电器件;只;190
DQ00005;YX-CD110-CDI /YX-CD110点火器-5线;100只/件;电器件;只;450
DQ00007;YX-CG125-CDI /YX-CG125点火器;100只/件;电器件;只;450
DQ00008;EV-CG125-CDI EV-CG125点火器;100只/件;电器件;只;450
DQ00017;YX-CG125-CHARGEUR-SL/ YX-CG125整流器大插-SL;100只/件;电器件;只;900
DQ00019;YX-CG125-CHARGEUR-AP/ YX-CG125整流器小插-AP;100只/件;电器件;只;900
DQ00020;EV-CG125 CHARGEUR-AP  EV-CG125整流器小插-AP;100个/件;EV;个;900
DQ00034;YX-AP200-CDI /YX-AP200点火器;100个/件;电器件;个;1800
DQ00035;YX-AP200-CHARGEUR /YX-AP200整流器;100个/件;电器件;个;2000
DQ00036;YX-CG125-H T BOBINE /YX-CG125高压包;100只/件;电器件;只;700
DQ0045;X-1-CHARGEAR 5FIL/YX-X-1整流器-五线;100只/件;电器件;只;
DQ0052;YX-CG125-CONTACTEUR/ YX-CG125继电器-带线;100只/件;电器件;只;750
DQ0060;YX-CG125-UENUMERIQ /YX-CG125档显开关;200条/件;电器件;条;450
DQ0062;YX-AP150-20-CHARGEUR /YX-AP150-20整流器;100只/件;电器件;只;1750
DQ0070;YX-TVS180-CHARGEUR /YX-TVS180整流器;100只/件;电器件;只;1500
DQ0071;YX-TVS180-CDI / TVS180点火器;100个/件;电器件;个;3500
DQ0072;YX-KTM110-TELE COMMMMANDE/ KTM110防盗器;50套/件;其他;套;3500
DQ0073;YX-ALOBA-TELE COMMANDE /ALOBA防盗器;50套/件;其他;套;3500
DQ0076;YX-NEO125 CDI YX-NEO125点火器;100个/件;电器件;个;3000
DQ0077;YX-NEO125 CHARGEUR YX-NEO125整流器;100个/件;电器件;个;1500
DQ0082;SV HJ150-9 CDI /SV-HJ150-9点火器;50个/件;电器件;个;6000
DQ0083;SV HJ150-22 CDI /SV-HJ150-22点火器;50个/件;电器件;个;6000
DQ0090;CG125-CHARGEUR-AP/M-CG125整流器小插-AP;100只/件;电器件;只;
DQ0095;SV-DR190 CDI  SV-DR190点火器;100只/件;电器件;只;30000
DXC0001;YX-CD110-PT-PION/ YX-CD110小齿428-14T-2个螺丝孔;200个/件;大小齿;个;250
DXC0003;YX-GN125-PETIT PION/YX-GN125小齿428-15t;200个/件;弹簧、螺丝、支架;个;250
DXC0015;YX-X-1 PT-PION/ YX-X-1小齿428-14t-2个螺丝孔带挖槽-KTM;200个/件;大小齿;个;250
DXC0101;EV-CGL-DEMI-TRAMSMISSION EV-CGL大小齿插卡-41T;25付/件;大小齿;付;1250
DXC0106;DEMI-TRAMSMISSION-POMPE EV-GN125大小齿插卡-凸;25套/件;EV;套;1250
DXC0107;YX-GN125-DEMI-TRAMSMISSION-POMPE YX-GN125大小齿插卡-凸;25付/件;大小齿;付;1250
DXC0112;DEMI-TRAMSMISSION EV-X-1大小齿插卡;25套/件;EV;套;1150
DXC0113;YX-X-1-DEMI-TRAMSMISSION YX-X-1大小齿插卡;25付/件;大小齿;付;1300
DXC0116;EV-GN125-DEMI-TRAMSMISSION-PLAT EV-GN125大小齿插卡-平;25付/件;大小齿;付;1176
DXC0117;YX-GN125-DEMI-TRAMSMISSION YX-GN125大小齿插卡-平;25付/件;大小齿;付;
DXC0165;YX-CGL-DEMI-TRAMSMISSION YX-CGL大小齿插卡;25付/件;大小齿;付;1250
DXC0210;YX-GN125-PETIT PION+ECO/YX-GN125小齿428-15T-2个螺丝孔+螺丝锁片;200个/件;弹簧、螺丝、支架;个;275
DXC0211;YX-HLX125 DEMI-TRAMSMISSION/YX-HLX125大小齿插卡;25套/件;套链;套;2000
EN016;EV-EN125 CLE-SIMPLE  EV-EN125电门锁;50个/件;锁具;个;1500
EXT003;SV-EXT150 PIT CHAINE-96L /SV EXT150 时规链-2*3-96L;200条/件;时规链;条;1500
FDJ0002;KTM-BLOCK-MOTEUR /KTM发动机;1台/件;发动机;台;90000
FDJ0003;YX-CG125-BLOCK-MOTEUR /YX-CG125发动机;1台/件;发动机;台;110000
FDJ0004;YX-CG150-BLOCK-MOTEUR /YX-CG150发动机;1台/件;发动机;台;125000
FDJ0005;YX-ALOBA-BLOCK-MOTEUR /YX-ALOBA发动机;1台/件;发动机;台;115000
FDJ0009;YX-CG200-BLOCK-MOTEUR /YX-CG200发动机;1台/件;发动机;台;137500
FDJ0011;ALOBA-CARTER DE BLOC COMPLET/ALOBA曲轴箱体-带轴承;4个/件;发动机;个;19000
FDJ0015;YX-AP200-BLOCK-MOTEUR EUO/YX-AP200发动机-水冷+化油器;1台/件;发动机;台;160000
FDJ0024;YX-AP175-BLOCK-MOTEUR /YX-LX175发动机+化油器;1台/件;发动机;台;135000
FDJ0032;YX-CG150-CARTER DE BLOC COMPLET/CG150曲轴箱体+轴承;4套/件;发动机;套;21000
FDJ0036;SY125-BLOCK-MOTEUR /SY125发动机-香槟金+化油器;1台/件;发动机;台;135000
FDJ0037;SY125-8-CARTER COTE EMBRAYAGE /SY125发动机右边盖-离合器大盖;20只/件;发动机;只;6000
FDJ0038;SY125-8-CARTER COTE BOBINE/ SY125发动机左边盖-磁电机盖;24只/件;发动机;只;5000
FDJ0044;YX-CG125-CARTER DE BLOC COMPLET/CG125曲轴箱体+轴承;4套/件;发动机;套;19000
FDJ0056;KTM-CARTER DE BLOC COMPLET/KTM发动机曲轴箱体;12套/件;发动机;套;17000
FDJ0062;ALOBA-CARTER DE BLOC COMPLET/ ALOBA曲轴箱体-带轴承;4套/件;发动机;套;19000
FDJ0065;YX-AP150-20A-BLOCK-MOTEUR/AP150-20A发动机+化油器;1台/件;发动机;台;145000
FDJ0066;YX-AP150-20-BLOCK-MOTEUR/YX-AP150-20发动机+化油器;1台;发动机;1个/件;130000
FDJ0069;YX-HJ125-8 BLOCK-MOTEUR/ YX-HJ125-8发动机+化油器;1台/件;发动机;套;132500
FDJ0076;KTM CARTER VILBREQUIN+ROULEMENT /KTM发动机曲轴箱体+4轴承;8套/件;曲轴;套;17000
FDJ0077;CG150 CARTER COMPLET /CG150曲轴箱体+轴承;4套/件;曲轴;套;17000
FDJ0078;ALOBA-CARTER DE BLOC COMPLET/ALOBA曲轴箱体+轴承;4套/件;发动机;套;19000
FDJ0079;CG125 CARTER COMPLET/CG125曲轴箱体+轴承;4只/件;曲轴;个;17000
FDJ0241;HJ150-22-CAPOT BLOCK (NOIRE)/HJ150-22发动机护罩（黑色）;50个/件;覆盖件;个;5500
FGJ0003;ALOBA-CASQUE-PHARE-NOIRE / ALOBA头罩-黑;50个/件;覆盖件;个;750
FGJ0006;ALOBA-SUPPORT FEU ROUGE COMPLET (NOIRE)/ALOBA后围裙+灯-黑;20个/件;覆盖件;个;2750
FGJ0007;ALOBA-SUPPORT FEU-ROUGE COMPLET (ROUGE)/ALOBA后围裙+灯-红;20个/件;覆盖件;个;2750
FGJ0008;GN125-CAPOT BATTERIE (NOIR)/YX-GN125侧盖-黑;30个/件;覆盖件;个;1600
FGJ0009;GN125-CAPOT BATTERIE (ROUGE)YX-GN125侧盖-红;30个/件;覆盖件;个;1600
FGJ0013;ALOBA-CAPOT BATTERIE (ROUGE)/ALOBA侧盖-红;30付/件;覆盖件;付;1600
FGJ0014;ALOBA-CAPOT-BATTERIE(NOIRE)/ALOBA侧盖-黑;30付/件;覆盖件;付;1600
FGJ0016;CG125-CAPOT BATTERIE (NOIR)CG125侧盖-黑;30付/件;覆盖件;付;1600
FGJ0017;CG125 CAPOT-ROUGE  CG125侧盖-红;30付/件;覆盖件;付;1750
FGJ0017-1;SY125-10-CAPOT BATTERIE-(ROUGE)/SY125-10侧盖 红;30付/件;覆盖件;付;1600
FGJ0022;ALOBA-PORT-BAGAGE-NOIRE/ALOBA后货架--黑漆;10个/件;保险杠、货架;个;4000
FGJ0023;ALOBA-PORT-BAGAGE-BLANC / ALOBA后货架-镀铬;10个/件;保险杠、货架;个;4000
FGJ0024;ALOBA-PORT-BAGAGE-NOIRE-PLASTIQUE-ALOBA后货架-塑料黑色;10个/件;保险杠、货架;个;4250
FGJ0026;GN125-GARDE BOUT ARR/GN125后泥板;50个/件;覆盖件;个;2250
FGJ0030;GN125-GARDE BOUT AV/GN125前泥板;50个/件;覆盖件;个;2200
FGJ0030（停用）;GN125-GARDE BOUT AV/GN125前泥板（停用）;20个/件;覆盖件;个;2200
FGJ0031;X-1-GARDE BOUE AV/X-1前泥板;20个/件;覆盖件;个;2250
FGJ0037;SY125-10CG PORT BAGAGE /SY125-10后货架;12个/件;保险杠、货架;个;3800
FGJ0038;SY125-8-PORT BAGAGE /SY125-8后货架;18只/件;保险杠、货架;只;4000
FGJ0046;ALOBA-CASQUE-ROUGE/ALOBA头罩-枣红;50个/件;覆盖件;个;750
FGJ0057;CG125-PORT BAGAGE CG125王单层后货架;12个/件;保险杠、货架;个;4000
FGJ0064;X-1-CAPOT BLOCK NOVO/X-1发动机护罩-新款;40付/件;覆盖件;付;2000
FGJ0076;CG125-CAPOT BATTERIE(BLUE)/CG125侧盖-蓝色;30付/件;覆盖件;付;1600
FGJ0082;SY125-8-CAPOT BATTERIE (ROUGE)/SY125-8侧盖-枣红;30付/件;覆盖件;付;1600
FGJ0083;SY-125-8-CAPOT BATTERIE(NOIR)/SY125-8侧盖-黑;30付/件;覆盖件;付;1600
FGJ0092;X-1-GARDE BOUE AV NOVO/X-1前泥板-新款;30个/件;覆盖件;只;2000
FGJ0103;YX-GN125-PORT PATIN CPT GN后鼓盖总成;40套/件;前后轮;套;
FGJ0128;HJ110-3-PHASSADE (BLEU)/HJ110-3覆盖件-蓝色;1套/件;覆盖件;套;48000
FGJ0129;HJ110-2-PHASSADE-(NOIR)/HJ110-2覆盖件-黑色;2套/件;覆盖件;套;35000
FGJ0132;HJ110-3-PHASSADE GRIS  / HJ110-3覆盖件-银白色;2套/件;灯具;套;48000
FGJ0152;X-1-PHASSADE CPT-(ROUGE)/X-1全车覆盖件-红色-新款;1套/件;覆盖件;2套/件;35000
FGJ0153;X-1-PHASSADE CPT-(BLEU)/X-1全车覆盖件-蓝色-新款;1套/件;覆盖件;套;35000
FGJ0154;AP150-GARDE BOUE AV/AP150前泥板;30个/件;覆盖件;个;3000
FGJ0155;KTM-PHASSADE BLEU KTM110覆盖件-泰本田-蓝色;1套/件;覆盖件;套;35000
FGJ0164;ALOBA-GARDE-BOUE-AV-(NOIRE)/ALOBA前泥板-黑;30个/件;覆盖件;个;1500
FGJ0165;ALOBA-GARDE-BOUE-AV-ROUGE / ALOBA 前泥板-红;30个/件;档泥皮;个;1500
FGJ0185;AP150-CAPOT BATTERIE (BLEU)/AP150-20侧盖-蓝色;10付/件;覆盖件;付;6000
FGJ0188;HAOJIN150-9  CAPOT  /HAOJIN150-9侧盖;30付/件;覆盖件;付;4000
FGJ0203;X-1-PHASSADE CPT-(NOIR)/X-1全车覆盖件-黑色-新款;1套/件;覆盖件;套;35000
FGJ0204;X-1-PHASSADE CPT-(GRIS)/X-1全车覆盖件-灰色-新款;1套/件;覆盖件;套;35000
FGJ0207;KTM110-PHASSADE (NOIR)/KTM110全车覆盖件-泰本田-黑色;1套/件;覆盖件;套;35000
FGJ0208;KTM110-PHASSADE (GRIS)/KTM110全车覆盖件-泰本田-灰色;1套/件;覆盖件;套;35000
FGJ0210;POWEK前泥板-蓝色;30只/件;档泥皮;只;
FGJ0213;NEO125 CASQUE PHARE/ NEO125大灯罩;50只/件;灯具;只;4000
FGJ0214;NEO125 -CASQUE COMPTEUR /NEO125仪表罩;25付/件;覆盖件;付;2500
FGJ0229;ALOBA-GARDE BOUE ARR /ALOBA后泥板+反光片;30个/件;覆盖件;个;1500
FGJ0231;ALOBA-SUPPORT FEU ROUGR-NOIR-SIMPLE/ALOBA后围裙-黑-单;25只/件;覆盖件;只;2750
FGJ0238;YX GN-GARDE-BOUE-AV(ORGNAL)/GN125前泥板-好质量;20个/件;覆盖件;个;3500
FGJ0239;YX-GN-GARDE-BOUE-ARR (ORGNAL) /GN125后泥板-好质量;20个/件;覆盖件;个;3500
FGJ0244;TVS180-GARDE BOUE AV (NOIR)/TVS180前泥板-黑色;20只/件;覆盖件;只;5000
FGJ0245;TVS180-GARDE BOUE AV (BLANC)/TVS180前泥板-白色;20个件;覆盖件;个;5000
FGJ0246;SY125-10-CAPOT-(NOIR)/SY125-10侧盖-黑;30付/件;覆盖件;付;1600
FGJ0247;SY125-10-CAPOT-ROUGE/SY125-10侧盖-枣红;30付/件;覆盖件;付;1600
FGJ0248;SY125-10 CAPOT-BLEU  SY125-10侧盖-蓝;30个/件;覆盖件;个;1700
FGJ0249;X-1-CAPOT BLOCK/X-1发动机护罩-新款;40付/件;覆盖件;个;2000
FGJ0251;"DR190 GARD-BOUE-AV-NOIRE 	 DR190前泥板-黑色";20个/件;档泥皮;个;12000
FGJ0252;"DR190 GARD-BOUE-AV-BLEU 	 DR190前泥板-蓝色";20个/件;档泥皮;个;12000
FGJ0253;"DR190 GARD-BOUE-AV-ROUGE 	 DR190前泥板-红色";20个/件;档泥皮;个;12000
FGJ0254;"DR190 GARD-BOUE-AV-BLANC 	 DR190前泥板-白色";20个/件;档泥皮;个;12000
FGJ0255;AP150-20A-CAPOT DE BATTERIE/ AP150-20A侧盖;10付/件;覆盖件;付;6000
FGJ0264;POWEK前泥板-黑色;30只/件;档泥皮;只;
FGJ1001;ROYAL150-PORT BAGAGE-ROYAL150后货架;10只/件;保险杠、货架;只;4500
FGJ1002;"SY125-8 PORT BAGAGE 	 SY125-8后货架";18只/件;保险杠、货架;只;4250
FXZ0003;YX-GN125-SUPORT GUIDON /YX-GN125上连板+镀铬球头螺栓;50套/件;方向柱;套;2000
FXZ0004;YX-GN125-DIRECTION GN125-方向柱GN32-下连板;5套/件;方向柱;套;3000
FXZ0008;X-1-DIRECTION/X-1方向柱;10只/件;方向柱;只;4500
FXZ0013;KTM110-DIRECTION-KTM110方向柱-下联板;20只/件;方向柱;只;4500
FXZ0014;YX-ALOBA-SUPORT GUIDON ALOBA上连板-GS30;50只/件;方向柱;只;2000
FXZ0015;ALOBA-DIRECTION /ALOBA方向柱-GS30-下连板;20只/件;方向柱;只;3000
FXZ0016;GN125-DIRECTION GN125方向柱GN32-下连板;20只/件;方向柱;只;3000
FXZ0018;HJ110-2-DIRECTION-HJ110-2方向柱-下联板;10只/件;方向柱;只;5000
FXZ0020;X-1-DIRECTION /X-1方向柱-新款;10只/件;方向柱;只;4500
FXZ0021;POWEK DIRECTION  POWEK方向柱/下连板;10个/件;方向柱;个;4000
FXZ0025;"NEO125 DIRECTION 	 NEO125方向柱/下连板";10个/件;方向柱;个;12000
FXZ0026;SV HJ150-9SUPORT GUIDON/ SV-HJ150-9上联板;30个/件;方向柱;个;3500
FXZ0027;ALOBA-DIRECTION/ALOBA方向柱/下连板-GS30;20个/件;其他;个;3000
GTZC002;YX-CG125 CULASSE-CPT-BLANC /YX-CG125缸头总成;8套/件;缸头总成;套;12500
GTZC003;YX-CG150-CULASSE-CPT-BLANC /YX-CG150缸头总成;8套/件;缸头总成;套;12000
GTZC006;YX-ALOBA-CULASSE-CPT/YX-ALOBA缸头总成-方缸头-黑;8套/件;缸头总成;套;22000
GTZC007;YX-AP200-CULASSE-CPT /YX-AP200缸头总成-宗申200-水冷;8套/件;缸头总成;套;23000
GTZC011;YX-CG200-CULASSE-CPT /YX-CG200缸头总成;8套/件;缸头总成;套;12229
GTZC017;EV-CG250-CULASSE SIMPLE /EV-CG250缸头-单;8只/件;套缸;只;14000
GTZC021;YX-CD110-CULASSE-CPT/ YX-CD110缸头总成-长;12套/件;缸头总成;套;9500
GTZC026;YX-AP150-20-CULASSE-CPT /YX-AP150-20缸头总成;8套/件;缸头总成;套;13000
GTZC042;CD110-CULASSE-CPT/M-CD110缸头总成-长;12套/件;缸头总成;套;
GTZC045;SY125-8-CULASSE COMPLET/SY125-8缸头总成 金色;8个/件;缸头总成;只;14000
GTZC047;YX-HJ125-8CULASSE-CPT  YX-HJ125-8缸头总成;8套/件;缸头总成;套;15000
GTZC049;ALOBA-CULASSE CPLT/M-ALOBA缸头总成-方缸头-黑;8套/件;缸头总成;套;
GXLP007;SV-衬衣-2022;50套/件;广宣礼品办公用品;套;
GXLP008;YX-衬衣-2022;50套/件;广宣礼品办公用品;套;
GXLP044;YX-工作服;70套/件;广宣礼品办公用品;只;
GXLP048;YX-圆珠笔;2000根/件;广宣礼品办公用品;套;
GXLP054;SV-广告衫-带领-绿色;100套/件;广宣礼品办公用品;套;
GXLP061;SV-圆珠笔/SV-STYLO A BILLE;1000枝/箱;广宣礼品办公用品;200个/箱;
GXLP064;广告帽子;1个/件;广宣礼品办公用品;个;
GXLP067;SV-帐篷3*3;1个/件;广宣礼品办公用品;个;
GXLP073;钥匙扣;;广宣礼品办公用品;个;
GXLP074;皮面笔记本/B5带扣;;其他;个;
GXLP077;YX-不干胶海报;;其他;个;
GXLP078;SV-不干胶海报;100张/件;广宣礼品办公用品;个;
GXLP081;商务背包;60个/件;广宣礼品办公用品;只;
GXLP083;学生作业本;100本/件;广宣礼品办公用品;个;
HJ03003;HJ110-3 CASQUE DE PHARE/HJ110-3灯箱/大灯罩-蓝色;20只/件;灯具;只;5000
HJ03004;HJ110-3 CASQUE HJ110-3灯箱/大灯罩-灰色;30个/件;灯具;个;5000
HJ03005;YX-HJ110-3-PHARE/ YX-HJ110-3大灯;10个/件;灯具;个;7500
HJ03006;YX-HJ110-3-CLIGNOTANT-AV /HJ110-3前转向灯;100付/件;灯具;个;2000
HJ03007;YX-HJ110-3CLIGNOTANT ARR/HJ110-3后转向灯;180付/件;灯具;付;650
HJ03008;HJ110-3 GARDE BOUT AV BLEU /HJ110-3前泥板-蓝色;10个/件;档泥皮;个;4500
HJ03009;HJ110-3 GARDE-BOUE-AV-GRIS /HJ110-3前泥板-灰色;10个/件;档泥皮;个;3000
HJ03010;YX-HJ110-3-FREIN-A-PIED /YX-HJ110-3刹车踏板;50只/件;刹车踏板;只;850
HJ03011;YX-HJ110-3-LEVIER DE VITESS/HJ110-3变档杆;100支/件;变档轴、变档杆;支;650
HJ03012;YX-HJ110-3-CLE-CPT/ HJ110-3套锁;50套/件;锁具;套;3000
HJ03013;YX-HJ110-3CAOUCHOUT POSE PIED/HJ110-3脚踏胶;100个/件;脚踏;个;350
HJ03015;YX-HJ110-3-CABLE ACCELATEUR /HJ110-3 油门线;100条/件;拉线  加力线;条;350
HJ03016;YX HJ110-3 HYDROLIQUE/YX-HJ110-3前刹上泵;50只/件;上下泵;只;1900
HJ03017;HJ110-3-ECHAPPEMENT /HJ110-3消声器;4只/件;消声器、空滤器;只;19000
HJ03018;YX-HJ110-3-GARDE-BOUE-AV(BLEU)/HJ110-3前泥板-蓝;10个/件;覆盖件;个;3000
HJ03019;HJ110-3-PHASSADE(JAUNE)/HJ110-3覆盖件-橙色;1套/件;覆盖件;套;48000
HJ03020;SV-HJ110-3TRANSMISSION+ECROU /SV-HJ110-3套链+螺丝-428-108L/36T/14T;12套/件;套链;套;4000
HJ03021;YX-HJ110-3-COMPTEUR/YX-HJ110-3仪表;20个/件;仪表;个;6500
HJ03024;YX-HJ110-3 TELE COMMANDE /YX-HJ110-3防盗器;50个/件;电器件;个;3500
HJ03025;HJ110-3-VERRE COMPTEUR/ HJ110-3仪表玻璃;200只/件;仪表;个;500
HJ03026;HJ110-3-SCELLE COMPLET/HJ110-3座垫总成;6只/件;座垫;只;9000
HJ03027;HJ110-3-JANTE COMPLET/HJ110-3前后轮;1套/件;前后轮;套;30000
HJ03029;HJ110-3-POSE PIED AR CPT/ HJ110-3后脚踏总成;20付/件;脚踏;付;4500
HJ03030;YX-HJ110-3-FEU ROUGE/YX-HJ110-3尾灯;20只/件;HJ110-3;只;3800
HJ03031;YX-HJ110-3-FOURCHE-AV/ YX-HJ110-3前减震;4付/件;减震;付;13500
HJ03032;YX-HJ110-3-POIGNET COMPLET/YX-HJ110-3左右手把开关;100付/箱;手把开关;付;499
HJ03033;YX-HJ110-3-PATIN AV/YX-HJ110-3碟刹皮;100付/件;刹车蹄块;付;350
HJ03034;YX-HJ110-3-DEMARREUR/YX-HJ110-3马达;12只/件;马达;只;3273
HJ03035;HJ110-3-PEDAL/YX-HJ110-3启动杆;50支/件;启动杆;支;
HJ03037;EV-HJ110-3-AMORTISSEUR-AR-NOIR/EV-HJ110-3后减震;10付/件;减震;付;7000
HJ03038;YX-HJ110-3 BOBINE/YX-HJ110-3线圈;40个/件;线圈;个;3500
HJ03040;YX-HJ110-3-RETROVISEUR/YX-HJ110-3后视镜;50付/件;后视镜;付;1250
HJ03041;HJ110-3 BLOCK-MOTEUR /HJ110-3发动机+化油器+四大电器件;1台/件;发动机;台;110000
HJ03042;HJ110-3-PHASSADE(NOIR)/HJ110-3覆盖件-黑色;1套/件;覆盖件;套;48000
HJ03044;SV-HJ110-3 CLE-CPT/ SV-HJ110-3套锁;50套/件;锁具;套;5000
HJ03045;SV-HJ110-3 AMORTISSEUR-AR-NOIR/ SV-HJ110-3后减震;10付/件;减震;付;7500
HJ03050;SV-HJ110-3 VILBREQUIN LONG /SV-HJ110-3曲轴;10只/件;曲轴;只;10000
HJ03051;SV-HJ110-3-PISTON-STD+/SV-HJ110-3套塞STD+;100套/件;套塞;套;2000
HJ03052;SV-HJ110-3-PISTON-STD++/SV-HJ110-3套塞STD++;100套/件;套塞;套;2000
HJ03053;HJ110-3 DIRECTION  HJ110-3方向柱/下连板;10个/件;方向柱;个;5500
HJ03054;SV-HJ110-3-BOBINE/SV-HJ110-3线圈;40个/件;线圈;个;4500
HJ03055;SV-HJ110-3-CHATO/SV-HJ110-3初级离合器总成;12只/件;离合器总成;个;9000
HJ03056;SV-HJ110-3 CULASSE CPT SV-HJ110-3缸头总成;12套/件;缸头总成;套;17000
HJ03057;SV-HJ110-3-CYLINDRE/SV-HJ110-3套缸-铁;8套/件;套缸;套;7000
HJ03058;SV-HJ110-3 ARBR A CAME /SV-HJ110-3凸轮;100只/件;凸轮;只;3000
HJ03059;SV-HJ110-3-AXE DE LEVIER VITEESSE/SV-HJ110-3变档轴;50个/件;变档轴、变档杆;个;1500
HJ03062;SV-HJ110-3-POIGNET-CPLT /SV-HJ110-3左右手把开关;100付/件;手把开关;付;1500
HJ03063;SV-HJ110-3 TAPPETTE/ SV-HJ110-3摇臂;100付/件;摇臂;付;1500
HJ03065;SV-HJ110-3-CABLE-ACCELATEUR / SV-HJ110-3油门线;100条/件;拉线  加力线;条;1000
HJ03066;SV-HJ110-3-FOURCHE AV/SV-HJ110-3前减震;4付/件;减震;付;17000
HJ03068;SV-HJ110 CABLE COMPTEUR /SV-HJ110-3里程线;100条/件;拉线  加力线;条;1000
HJ03070;HJ110-3-PHASSADE (BLQNC)/HJ110-3覆盖件-白色;2套/件;覆盖件;个;48000
HJ22001;HJ150-22-CASQUE PHARECOMPLET NOIRE / HJ150-22大灯罩+左右护板-黑色;50套/件;HJ150-22;套;6000
HJ22008;HJ150-22-GARDE BOUE AV-NOIRE /HJ150-22前泥板/前瓦-黑色;20只/件;HJ150-22;只;4500
HJ22009;OIHJ150-22-GRADE BOUE AV-BLEU  /HJ150-22前泥板/前瓦-蓝色;20只/件;HJ150-22;只;4500
HJ22010;HJ150-22-GARDE BOUE AV--JAUNE / HJ150-22前泥板/前瓦-橘黄;20只/件;HJ150-22;只;4500
HJ22011;YX-HJ150-22 PHARE SIMPLE /HJ150-22大灯;20只/件;HJ150-22;只;6500
HJ22013;YX-HJ150-22 CLIGNOTANT/ HJ150-22转向灯;180只/件;HJ150-22;只;650
HJ22018;HJ150-22-SUPORT FEU NOIR/HJ150-22后围裙-黑色;20付/件;HJ150-22;套;12500
HJ22022;YX-HJ150-22-POIGNET CPT/HJ150-22左右手把开关;50付/件;HJ150-22;付;3000
HJ22023;YX-HJ150-22 COMPTEUR/HJ150-22仪表;20只/件;HJ150-22;只;15000
HJ22024;YX-HJ150-22-CLE  CPT/ HJ150-22套锁;50套/件;HJ150-22;套;6000
HJ22025;YX-HJ150-22AMORTISSEUR /HJ150-22后减震;10付/件;HJ150-22;付;6500
HJ22032;YX-HJ150-22-TRANSMISSION /YX-HJ150-22套链-428-118L/42T4花孔/14T;12套/件;HJ150-22;套;3750
HJ22034;HJ150-22-RESERVOIR-NOIRE/HJ150-22油箱-黑色;1只/件;HJ150-22;个;23000
HJ22035;HJ150-22-RESERVOIR BLEU/HJ150-22油箱-蓝色;1个/件;HJ150-22;个;23000
HJ22036;HJ150-22-RESERVOIR-JAUNE/HJ150-22油箱-橘黄;1个/件;HJ150-22;个;23000
HJ22037;YX-HJ150-22-CABLE EMBRAYAGE/ HJ150-22离合线;100条/件;拉线  加力线;条;750
HJ22039;YX-HJ150-22TENDEUR CYLINDRE /HJ150-22涨紧器;100套/件;HJ150-22;套;1300
HJ22040;YX-HJ150-22-PISTON-STD+/YX-HJ150-22套塞STD+;100套/件;套塞;套;1900
HJ22041;YX-HJ150-22-PISTON-STD++/YX-HJ150-22套塞STD++;100套/件;套塞;套;1900
HJ22042;YX-HJ150-22-LINTO-CPLT-(4T5P)/YX-HJ150-22小鼓总成;30套/件;离合器小鼓;套;3800
HJ22043;YX-HJ150-22-VILBREQUIN /YX-HJ150-22曲轴;6只/件;曲轴;只;11000
HJ22045;YX-HJ150-22-PT-CHAINE-100L/HJ150-22时规链-2*3-100L;200条/件;时规链;条;1000
HJ22046;SV-HJ150-22 TRANSMISSION+ECROU/SV-HJ150-22套链+螺丝-428-118L/42T/14T;12套/件;套链;套;4500
HJ22047;YX-HJ150-22-CYLINDRE-CPL/T HJ150-22套缸;12套/件;套缸;套;8500
HJ22048;SV-HJ150-22-JANTE CPT/ HJ150-22前后轮;1套/件;前后轮;套;45000
HJ22049;HJ150-22-PHARE CPT-(NOIR)/ HJ150-22大灯总成+头罩-黑色;8套/件;灯具;套;12500
HJ22051;HJ150-22-PHARE CPT(BLEU)/HJ150-22大灯总成+头罩-蓝色;8套/件;灯具;套;12500
HJ22052;HJ150-22-PHARE CPT(JAUNE)/HJ150-22大灯总成+头罩-橘黄;8套/件;灯具;套;12500
HJ22053;YX-HJ150-22FILTRE AIR SIMPLE/HJ150-22空滤器滤芯;70只/件;其他;只;800
HJ22054;HJ150-22-PHARE CPT VERT/HJ150-22 大灯总成-草绿色;8套/件;灯具;套;12500
HJ22057;SV-HJ150-22 CLE-CPT /SV-HJ150-22套锁;30套/件;锁具;套;7000
HJ22058;SV-HJ150-22-SOUPAPE/SV-HJ150-22气门;200付/件;气门;付;1500
HJ22059;SV-HJ150-22 VILBREQUIN/ SV-HJ150-22曲轴;6只/件;曲轴;只;17000
HJ22060;SV-HJ150-22-PISTON-STD+/SV-HJ150-22套塞STD+;100套/件;套塞;套;2500
HJ22061;SV-HJ150-22-PISTON-STD++/SV-HJ150-22套塞STD++;100套/件;套塞;套;2500
HJ22062;SV-HJ150-22 CYLINDRE-CPLT/SV-HJ150-22套缸-亚黑;12个/件;套缸;个;13000
HJ22063;SV-HJ150-22 EMBRAYAGE-CPLT(4T5P)/ SV-HJ150-22离合器总成;12套/件;离合器总成;套;15000
HJ22064;SV-HJ150-22-BOITIER/SV-HJ150-22离合器大齿外罩;20个/件;离合器总成;个;7500
HJ22065;SV-HJ150-22-LINTO-CPLT-(4T5P)/SV-HJ150-22小鼓总成;20个/件;离合器小鼓;个;7500
HJ22073;SV-HJ150-22-CABLE ACCELATEUR / SV-HJ150-22油门线;100条/件;拉线  加力线;条;1000
HJ22074;SV-HJ150-22-CABLE EMBRAYAGE / SV-HJ150-22离合线;100条/件;拉线  加力线;条;1000
HJ22076;YX-HJ150-22 VERRE PHARE/ YX-HJ150-22大灯玻璃;100个/件;灯具;个;1500
HJ22078;SV-HJ150-22-AMORTISSEUR / SV-HJ150-22后减震;10付/件;减震;付;7500
HJ22079;SV-HJ150-22 TENTEUR DE CYLINDRE/ SV-HJ150-22张紧器;100个/件;HJ150-22;个;1500
HJ22080;YX-HJ150-22-FOURCHE AV/YX-HJ150-22前减震;4付/件;减震;付;15000
HJ22081;SV-HJ150-22 TENTEUR-CAOUCHOUT SV-HJ150-22压条;200付/件;发动机;付;2000
HJ22087;YX-HJ150-22-SUPPORT FE ROUGE HERBE (VERTE)/HJ150-22后围裙-草绿色;20个/件;覆盖件;个;14000
HJ22088;HJ150-22 RESERVOIR-VERT/HJ150-22油箱-草绿色;1个/件;油箱;个;23000
HJ22089;SV-HJ150-22-DEMARREUR-SANS FIL/SV-HJ150-22马达;12个/件;马达;个;9000
HJ22090;SV-HJ150-22-POIGNET-CPLT/SV-HJ150-22左右手把开关;100付/件;手把开关;付;3500
HJ22091;"HJ150-22 PHARE-BLAN	 HJ150-22大灯总成+头罩-白色";8套/件;灯具;套;12500
HJ8001;YX-HJ125-8-PHARE/ HJ125-8大灯;20只/件;HJ125-8;只;3000
HJ8002;YX-HJ125-8-COMPTEUR HJ125-8仪表;20只/件;HJ125-8;只;4000
HJ8003;YX-HJ125-8-MANETTE+SUPORT / HJ125-8离合手柄+镜座;100只/件;HJ125-8;个;750
HJ8004;YX-HJ125-8-POSE PIED AV/ HJ125-8前脚踏;25付/件;HJ125-8;付;1900
HJ8005;YX-HJ125-8-POSE PIED AR/ HJ125-8后脚踏;100付/件;HJ125-8;付;1250
HJ8006;HJ125-8-JANTE CPT/ HJ125-8前后轮;1套/件;HJ125-8;套;27000
HJ8007;HJ125-8-PORT BAGAGE /HJ125-8后货架;18个/件;HJ125-8;个;4000
HJ8008;YX-HJ125-8-CLE CPT/ HJ125-8套锁;50套/件;HJ125-8;套;3500
HJ8011;HJ125-8-COUVRE CHAINE/ HJ125-8链盒;50个/件;HJ125-8;个;1400
HJ8015;YX-HJ125-8-ROBINET ESSENCE /HJ125-8油开关;100只/件;HJ125-8;只;800
HJ8016;YX-HJ125-8-CDI/ HJ125-8点火器;100只/件;HJ125-8;只;3000
HJ8017;YX-HJ125-8-CHARGEUR /HJ125-8整流器;100只/件;HJ125-8;只;1300
HJ8021;HJ125-8 CAPOT-NOIRE-HJ125-8侧盖-黑色;30付/件;HJ125-8;付;1600
HJ8022;HJ125-8 CAPOT BATTERIE ROUGE-HJ125-8侧盖-枣红色;30付/件;HJ125-8;付;1600
HJ8036;YX-HJ125-8-BOBINE/YX-HJ125-8线圈;40个/件;线圈;个;3750
HJ8039;HJ125-8-JANTE ARRERIE/HJ125-8后轮;2只/件;前后轮;只;12500
HJ8043;SV-HJ125-8 CYLINDRE/SV-HJ125-8套缸;12只/件;套缸;只;10000
HJ8044;SV-HJ125-8 VILBREQUIN/ SV-HJ125-8曲轴;6只/件;曲轴;只;17000
HJ8045;SV-HJ125-8-INSTALLATION/SV-HJ125-8主线束;50个/件;主线束;个;4500
HJ8046;SV-HJ125-8-COMPTEUR/SV-HJ125-8仪表;20个/件;仪表;个;8000
HJ8050;SV-HJ125-8-PISTON-STD+/SV-HJ125-8套塞STD+/56.5*1.0*1.5;100个/件;套塞;个;2500
HJ8051;SV-HJ125-8-PISTON-STD++/SV-HJ125-8套塞STD++/56.5*1.0*1.5;100个/件;套塞;个;2500
HJ8052;SV-HJ125-8-CABLE EMBRAYAGE / SV-HJ125-8离合线;100条/件;拉线  加力线;条;1000
HJ8053;SV-HJ125-8-CABLE ACCELATEUR / SV-HJ125-8油门线;100条/件;拉线  加力线;条;1000
HJ8059;"HJ125-8 PORTE AMPOULE	 HJ125-8大灯泡底座";500个/件;灯具;个;400
HJ9011;YX-HJ150-9-PHARE SIMPLE/HJ150-9大灯;20只/件;HJ150-9;只;5000
HJ9012;YX-HJ150-9-FEU ROUGE/HJ150-9尾灯;50只/件;HJ150-9;个;2500
HJ9025;YX-HJ150-9-POIGNET CPT/HJ150-9左右手把开关;50付/件;HJ150-9;付;3500
HJ9032;HJ150-9-ECHAPPEMENT/HJ150-9消声器;6条/件;HJ150-9;只;16000
HJ9034;YX-HJ150-9-HYDROLIQUE SIMPLE/HJ150-9前刹上泵;50只/件;HJ150-9;只;2000
HJ9036;HJ150-9-RESERVOIR-(NOIRE)/HJ150-9油箱-黑色;1个/件;HJ150-9;个;23000
HJ9037;HJ150-9-RESERVOIR-(BLEU)/HJ150-9油箱-蓝色;1个/件;HJ150-9;个;23000
HJ9039;YX-HJ150-9-CYLINDRE-CPLT/ HJ150-9套缸;12套/件;套缸;套;7500
HJ9040;SV-HJ150-9 TRANSMISSION+ECROU SV-HJ150-9套链+螺丝-428-120L/45T/14T;12套/件;套链;套;4500
HJ9049;HJ150-9-PHARE CPT (NOIR) HJ150-9大灯总成+头罩-黑色;10套/件;灯具;套;12500
HJ9050;HJ150-9-PHARE(BLEU)HJ150-9大灯总成+头罩-蓝色;10套/件;灯具;套;12500
HJ9051;HJ150-9-PHARE(JAUNE)HJ150-9大灯总成+头罩-橘黄;10套/件;灯具;套;12500
HJ9052;SV-HJ150-9-SOUPAPE/SV-HJ150-9气门;200个/件;气门;个;1500
HJ9055;SV-HJ150-9-DISQUE/SV-HJ150-9离合器片;100片/件;离合器片;个;1250
HJ9056;SV HJ150-9-AXE DE VITESS CMPLET/SV-HJ150-9主副轴总成;10套/件;主副轴、启动轴、刹车拉杆;套;11000
HJ9058;SV HJ150-9-POIGNET CPT/SV-HJ150-9左右手把开关;50付/件;手把开关;付;3500
HJ9059;SV HJ150-9 PT CHAINE SV-HJ150-9时规链-2*3-100L;200个/件;链条;个;1500
HJ9060;SV HJ150-9 CLE-CPT /SV-HJ150-9套锁;30个/件;锁具;个;7500
HJ9062;SV-HJ150-9 CYLINDRE CPT /SV-HJ150-9套缸;12个/件;套缸;个;12500
HJ9064;HJ150-9-RESERVOIR-(BLANC)/HJ150-9油箱-白色;1个/件;HJ150-9;个;23000
HLX125-001;YX-HLX125 PHARE YX-HLX125大灯;20个/件;灯具;个;3500
HLX125-002;YX-HLX125-COMPTEUR/YX-HLX125仪表;20套/件;仪表;套;4000
HLX125-003;YX-HLX125 CLIGNOTANT YX-HLX125转向灯;180只/件;灯具;只;400
HLX125-005;YX-HLX125TRANSMISSION /YX-HLX125套链/428-116L/45T/14T;12套/件;套链;套;3500
HLX125-006;YX-HLX125 CYLINDRE-CPLT YX-HLX125套缸;12套/件;套缸;套;8500
HLX125-007;YX-HLX125-PISTON STD+/YX-HLX125套塞STD+;100套/件;套塞;套;1600
HLX125-008;YX-HLX125-PISTON STD++/YX-HLX125套塞STD++;100套/件;套塞;套;1600
HLX125-009;YX-HLX125-DISQUE/YX-HLX125离合器片-4片;100套/件;离合器片;套;600
HLX125-010;HLX125-JANTE CPT/HLX125前后轮-银色;1套/件;前后轮;套;38000
HLX125-011;YX-HLX125 PT-CHAINE YX-HLX125时规链-2*3*92;200条/件;链条;条;800
HLX125-012;HLX125 CASQUE PHARE HLX125大灯壳-黑;60只/件;灯具;只;500
HLX125-013;HLX125-RESERVOIR NOIRE/HLX125油箱-黑色;1个/件;油箱;1个/件;18000
HLX125-014;HLX125-RESERVOIR ROUGE/HLX125油箱-红色;1个/件;油箱;个;18000
HLX125-015;HLX125-RESERVOIR BLEU/HLX125油箱-蓝色;1个/件;油箱;个;18000
HLX125-016;YX-HLX125-BOBINE/YX-HLX125线圈;40套/件;线圈;套;4500
HLX125-017;YX-HLX125 CDI YX-HLX125点火器;100个/件;电器件;个;3500
HLX125-018;YX-HLX125 CONTACTEUR YX-HLX125继电器;100个/件;灯具;个;900
HLX125-019;YX-HLX125 CHARGEUR YX-HLX125整流器;100个/件;电器件;个;1500
HLX125-020;YX-HLX125 JOINT PORCHETTE YX-HLX125全车垫;200套/件;纸垫;套;600
HLX125-021;YX-HLX125 CARBURATEUR/YX-HLX125化油器;40个/件;化油器;个;7500
HLX125-022;YX-HLX125 BENNE-DISQUE-CPT YX-HLX125超越离合器总成;30套/件;超越离合器;套;5000
HLX125-023;YX-HLX125-FERADO/YX-HLX125刹车蹄块;80付/件;刹车蹄块;付;1000
HLX125-024;YX-HLX125-INSTALLATION/YX-HLX125主线束;50条/件;主线束;条;3000
HLX125-025;YX-HLX125 CABLE EMBRAYAGE YX-HLX125离合线;100条/件;拉线  加力线;条;600
HLX125-026;YX-HLX125 CABLE ACCELATEUR YX-HLX125油门线;100条/件;拉线  加力线;条;600
HLX125-027;HLX125-CAPOT-(NOIRE)/HLX125侧盖-黑色;15付/件;覆盖件;套;4000
HLX125-028;HLX125-CAPOT-(ROUGE)/HLX125侧盖-红色;15付/件;覆盖件;套;4000
HLX125-029;HLX125-CAPOT-(BLEU)/HLX125侧盖-蓝色;15付/件;覆盖件;套;4000
HLX125-030;YX-HLX125 CLE CPLT YX-HLX125套锁;50套/件;锁具;套;3500
HLX125-031;YX-HLX125-POIGNET CPLT/YX-HLX125左右手把开关;50付/件;手把开关;付;3000
HLX125-032;HLX125-FEU ROUGE  / YX-HLX125尾灯;50只/件;灯具;只;1500
HLX125-033;HLX125-GARD-BOUE-AV/HLX125前泥板;20个/件;覆盖件;个;3500
HLX125-034;YX-HLX125-ROBINET ESSENCE/YX-HLX125油开关;100个/件;机油杯、机油泵、油开关、油浮子、油门胶;个;1000
HLX125-035;YX-HLX125-LEVIER VITESSE/YX-HLX125变档杆;100只/件;变档轴、变档杆;只;800
HLX125-036;YX-HLX125 COUVRE CHAINE YX-HLX125链盒罩;100套/件;链条;套;4000
HLX125-037;YX-HLX125-DEMARREUR-AV-FIL/YX-HLX125马达-带线;20个/件;马达;个;6500
HLX125-038;YX-HLX125 MANETTE+SUPORT YX-HLX125离合手柄+镜座;100个/件;其他;个;900
HLX125-040;HLX125-SCELLE COMPLET/HLX125坐垫总成;2个/件;座垫;个;10000
HLX125-041;HLX125 PARACHOC HLX125保险杠;10个/件;保险杠、货架;个;4000
HLX125-042;YX-HLX125-FOURCHE AV/YX-HLX125前减震;4付/件;减震;付;20000
HLX125-043;YX-HLX125 AMORTISSEUR-AR GRIS YX-HLX125后减震-灰色弹簧;5付/件;减震;付;9000
HLX125-044;YX-HLX125 VILBREQUEIN YX-HLX125曲轴;6只/件;曲轴;只;9500
HLX125-045;"HLX125 COUVRE-CHAINE 	 HLX125链盒罩";10付/件;小齿盖、链盒;付;4000
HLX125-046;HLX125-SCELLE COMPLET/HLX125座垫总成;2个/件;座垫;个;9000
HLX150-001;YX-HLX150 PHARE YX-HLX150大灯;20个/件;灯具;个;3500
HLX150-002;YX-HLX150-COMPTEUR/YX-HLX150仪表;20套/件;仪表;套;5000
HLX150-003;YX-HLX150 CYLINDRE-CPLT YX-HLX150套缸;12套/件;套缸;套;8500
HLX150-004;HLX150-RESERVOIR NOIRE/HLX150油箱-黑色;1只/件;油箱;只;18000
HLX150-005;HLX150-RESERVOIR ROUGE/HLX150油箱-红色;1只/件;油箱;只;18000
HLX150-006;HLX150-RESERVOIR BLEU/HLX150油箱-蓝色;1只/件;油箱;只;18000
HLX150-007;HLX150-CASQUE PHARE-(NOIR)/HLX150头罩-黑色;10个/件;覆盖件;个;4000
HLX150-008;HLX150-CASQUE PHARE(ROUGE)/HLX150头罩-红色;10个/件;覆盖件;个;4000
HLX150-009;HLX150-CASQUE PHARE(BLEU)/HLX150头罩-蓝色;10个/件;覆盖件;个;4000
HLX150-011;HLX150-CAPOT-BATTERIE(NOIRE)/HLX150侧盖-黑色;15付/件;覆盖件;套;4000
HLX150-012;HLX150-CAPOT(ROUGE)/HLX150侧盖-红色;15付/件;覆盖件;套;4000
HLX150-013;HLX150-CAPOT-(BLEU)/HLX150侧盖-蓝色;15套/件;覆盖件;套;4000
HLX150-020;YX-HLX150-TRANSMISSION/YX-HLX150套链-428-128L/45T/14T;12套/件;套链;套;3500
HLX150-021;YX-HLX150 CLE CPLT YX-HLX150套锁;50套/件;锁具;套;3500
HLX150-022;YX-HLX150 AMORTISSEUR-AR YX-HLX150后减震-红色弹簧;5付/件;减震;付;9000
HSH0021;YX-YOROBO-SEGMENT+/YX-YOROBO单环STD+镀铬;1000个/件;活塞环;个;500
HSH0022;YX-YOROBO-SEGMENT++/YX-YOROBO单环STD++镀铬;1000个/件;活塞环;个;500
HSH0232;YX-NEO110-SEGMENT++/YX-NEO110单环STD++;1000付/件;活塞环;付;500
HSH0245;YX-CD110-SEGMENT+/YX-CD110单环STD+PVD/52.4*1.0*2.0;1000付/件;活塞环;付;500
HSH0246;YX-CD110-SEGMENT++/YX-CD110单环STD++PVD/52.4*1.0*2.0;500付/件;活塞环;付;500
HSH0295;YX-CG125-SEGMENT+/YX-CG125单环STD+PVD/56.5*1.2*2.5;1000付/件;活塞环;付;500
HSH0296;YX-CG125-SEGMENT++/YX-CG125单环STD++PVD/56.5*1.2*2.5;1000付/件;活塞环;付;500
HSH0298;EV-CG125 SEGMENT++EV-CG125单环STD++PVD/56.5*1.2*2.5;500付/件;EV;付;500
HSH0299;YX-CG150-SEGMENT+ /YX-CG150单环STD+PVD/62*1.2*2.5;1000付/件;活塞环;付;500
HSH0300;YX-CG150-SEGMENT++ /YX-CG150单环STD++PVD/62*1.2*2.5;1000付/件;活塞环;付;500
HSH0302;EV-CG150 SEGMENT++  EV-CG150单环STD++PVD/62*1.2*2.5;500付/件;EV;付;500
HSH0303;YX-CG200-SEGMENT+/YX-CG200单环STD+PVD/63.5*1.0*2.5;1000付/件;活塞环;付;600
HSH0304;YX-CG200-SEGMENT++/YX-CG200单环STD++PVD/63.5*1.0*2.5;1000付/件;活塞环;付;600
HSH0307;YX-JY110-SEGMENT/YX-JY110单环STD+PVD/49*1.0*2.0;1000付/件;活塞环;付;500
HSH0311;YX-CD110-SEGMENT+/YX-CD110单环STD+PVD-LJ110/52.4*1.0*2.0;1000付/件;活塞环;付;500
HSH0312;YX-CD110-SEGMENT++/YX-CD110单环STD++PVD-LJ110/52.4*1.0*2.0;1000付/件;活塞环;付;500
HSH0314;EV-CD110 SEGMENT++  EV-CD110单环STD++PVD/52.4*1.0*2.0;500付/件;EV;付;500
HSH0315;YX-SPARK-SEGMENT/YX-SPARK单环STD+PVD/51*1.0*2.0;1000付/件;活塞环;付;550
HSH0323;YX-ALOBA-SEGMENT+/YX-ALOBA单环STD+PVD/56.5*0.8*2.0;1000付/件;活塞环;付;500
HSH0324;YX-ALOBA-SEGMENT++/YX-ALOBA单环STD++PVD/56.5*0.8*2.0;1000付/件;活塞环;付;500
HSH0331;YX-YBR125-SEGMENT+/YX-YBR125单环STD+PVD/54*1.0*2.0;1000付/件;活塞环;付;500
HSH0335;YX-YOROBO-SEGMENT /YX-YOROBO单环STD+PVD/62*0.8*1.5;1000付/件;活塞环;付;500
HSH0343;YX-TVS180SEGMENT+/TVS180单环STD+PVD/62*0.8*1.5;1000付/件;活塞环;付;600
HSH0344;YX-TVS180SEGMENT/TVS180单环STD++PVD/62*0.8*1.5;1000付/件;活塞环;付;600
HSH0362;YX-GX160-SEGMENT(+0.25)YX-GX160单环（+0.25）;500个/件;活塞环;个;600
HYQ0002;YX-CG125-CARBURATEUR /YX-CG125化油器;40只/件;化油器;只;3000
HYQ0003;YX-CD110-CARBURATEUR/ YX-CD110化油器;40只/件;化油器;只;3000
HYQ0004;EV-CD110-CARBURATEUR/EV-CD110化油器;40只/件;化油器;只;3150
HYQ0005;EV-CG125-CARBURATEUR/EV-CG125化油器;40只/件;化油器;只;3150
HYQ0007;YX-CG150-CARBURATEUR /YX-CG150化油器;40只/件;化油器;只;3300
HYQ0008;EV-CG150-CARBURATEUR EV-CG150化油器;40只/件;化油器;只;3300
HYQ0014;YX-CG200-CARBURATEUR/ YX-CG200化油器;40只/件;化油器;只;3900
HYQ0018;UFC-CD110 CARBURATEUR UFC-CD110化油器;40个/件;化油器;个;3850
HYQ0026;SV-CD110-CARBURATEUR /SV-CD110化油器;40只/件;化油器;只;4500
HYQ0027;SV-CG125-CARBURATEUR /SV-CG125化油器;40只/件;化油器;只;4500
HYQ0028;SV-CG150-CARBURATEUR /SV-CG150化油器;40只/件;化油器;只;4500
HYQ0029;CD110-CARBURATEUR/M-CD110化油器;40只/件;化油器;只;
HYQ0030;CG125-CARBURATEUR/M-CG125化油器;40只/件;化油器;只;
HYQ0035;SV-YBR125CARBURATEUR  SV-YBR125化油器;40个/件;化油器;个;15000
HYQ0036;CG150-CARBURATEUR/M-CG150化油器;40个/件;化油器;个;
HYQ0038;YX-GX160 CARBURATEUR YX-GX160化油器;100个/件;化油器;个;3000
HYQ0039;YX-ALOBA VANNE GULP/YX-ALOBA欧二阀总成;50个/件;化油器;个;1800
JSQ0002;YX-ALOBA-DYPLICATEUR-NOIR YX-ALOBA计速器-铝-黑色;100个/件;计速器;个;612
JTJ0008;YX-ALOBA-POSE PIED AV /ALOBA前脚踏;25付/件;脚踏;付;1400
JTJ0009;YX-GN125-POSE PIED ARR /YX-GN125后脚踏;100付/件;脚踏;付;450
JTJ0010;YX-GN125-POSE PIED AV  /YX-GN125前脚踏;25付/件;脚踏;付;1400
JTJ0015;EV-X-1 POSE PIED AR CPT /X-1后脚踏总成;20套/件;脚踏;套;2800
JTJ0018;YX-ALOBA-POSE PIED ARR /YX-ALOBA后脚踏;50付/件;脚踏;付;750
JTJ0019;YX-SY-16-POSE PIED AV /YX-SY125-16前脚踏;25付/件;脚踏;付;1400
JTJ0020;CG125-POSE PIED CENTRAL/CG125横铁总成;25套/件;脚踏;套;1800
JTJ0021;"EV-SY125-16POSE-PIED-AR 	 EV-SY125-16后脚踏";50付/件;脚踏;付;750
JTJ0022;YX-SY-125-16-POSE PIED ARR /SY125-16后脚踏;100付/件;脚踏;付;650
JTJ0027;CGL-POSE PIED CENTRAL/CGL横铁总成（带脚踏胶侧支架弹簧螺栓）;20付/件;三轮车铁件传动轴后桥;付;2500
JTJ0041;CG125  POSE PIED CENTRAL /CG125 横铁;15条/件;其他;个;1800
JTJ0042;YX-X-1-POSE PIED ARR CPT /YX-X-1后脚踏总成;20套/件;脚踏;套;2800
JTJ0045;YX-X-1-POSE PIED ARR/ X-1后脚踏;100付/件;脚踏;付;750
JTJ0046;YX-ALOBA-POSE PIED AV  (NOVO) /ALOBA前脚踏-豪华款镀铬;25付/件;脚踏;付;2100
JTJ0047;X-1-POSE PIED CENTRAL/X-1横铁总成;25套/件;弹簧、螺丝、支架;付;1750
JTJ0062;SV HJ150-9 POSE PIED AR CPT /SV-HJ150-9后脚踏总成;25付/件;脚踏;付;12000
JTJ0063;EV-ALOBA-POSE-PIED-AV NOUVEAU/EV-ALOBA前脚踏-豪华款镀铬;25付/件;脚踏;付;2071
JTJ0065;HJ110-3-POSE PIED AR CPT/YX-HJ110-3后脚踏总成;20套/件;脚踏;套;
JTJ0074;YX-HJ110-3 CAOUCHOUT DE POSE PIED  YX-HJ110-3脚踏胶-橡塑;50付/件;脚踏;付;
JTJ0075;CG125 POSE PIED CENTRAL  CG125横铁总成（带脚踏侧支架弹簧螺栓）;25只/件;EV;只;1800
JTJ0076;X-1-POSE PIED CENTRAL /X-1横铁总成（带脚踏胶侧支架弹簧螺栓）;25套/件;弹簧、螺丝、支架;付;1750
JTJ0077;SV-ALOBA POSE PIED AV/SV-ALOBA前脚踏;25付/件;脚踏;付;2500
JTJ0078;SV-GN125 POSE PIED AV/SV-GN125前脚踏;25付/件;脚踏;付;2500
JTJ0079;SV-GN125 POSE PIED AR/SV-GN125后脚踏;50付/件;脚踏;付;700
JTJ0080;SV-ALOBA POSE PIED AR/SV-ALOBA后脚踏;50付/件;脚踏;付;1200
JYJ0070;YX-YBR125CAOUCHOUT POSE PIED/YX-YBR125脚踏胶;100付/件;脚踏;付;400
JYJ0071;SV-HJ110-3CAOUCHOUT POSE PIED/SV-HJ110-3脚踏胶;50付/件;脚踏;付;1000
JYJ0072;YX-X-1CAOUTHOUC POSE PIDE/X-1脚踏胶-黑色;50付/件;脚踏;付;350
JYJ0074;YX-HJ110-3 CAOUCHOUT DE POSE PIED  YX-HJ110-3脚踏胶-橡塑;100付/件;脚踏;付;350
JYJ0074（停用）;YX-HJ110-3 CAOUCHOUT DE POSE PIED  YX-HJ110-3脚踏胶-橡塑（停用）;50付/件;脚踏;付;350
JZ00001;YX-CD110 AMORTISSEUR-AR / YX-CD110后减震;10付/件;减震;付;5500
JZ00002;YX-GN125-AMORTISSEUR-AR/YX-GN125后减震-镀铬;10付/件;减震;付;6750
JZ00008;YX-SANYA-16-AMORTISSEUR-AR NOIR /YX-SY-16后减震-亚黑弹簧;10付/件;减震;付;7250
JZ00011;EV-GN125-AMORTISSEUR-AR /EV-GN125后减震-镀铬;10付/件;减震;付;6500
JZ00017;EV-SY-16-AMORTISSEUR-AR/EV-SY-16后减震-亚黑弹簧;10付/件;减震;付;7000
JZ00018;EV-ALOBA FOURCH /EV-ALOBA前减震;4付/件;减震;付;13246
JZ00019;AP200-FOUCHE AV / AP200前减震总成-悍虎款;1套/件;减震;套;42000
JZ00022;EV-GN125-FOURCH /EV-GN125前减震;4付/件;减震;付;15500
JZ00025;YX-ALOBA-AMORTISSEUR/ YX-ALOBA后减震;10付/件;减震;付;6750
JZ00029;EV-TVS160 AMORTISSEUR / EV-TVS160后减震;10付/件;减震;付;15000
JZ00030;YX-TVS160/180 AMORTISSEUR YX-TVS160/180后减震;10付/件;减震;付;15000
JZ00034;EV-BM150 AMORTISSEUR  /EV-BM150后减震;10付/件;减震;付;8250
JZ00039;YX-X-1-AMORTISSEUR-AR-NOIR/ YX-X-1后减震-黑色;10付/件;减震;付;5250
JZ00044;YX-CG125-FOURCH-AV/ YX-CG125前减震;4付/件;减震;付;13250
JZ00049;YX-CG125-AMORTISSEUR YX-CG125后减震;10付/件;减震;付;6500
JZ00052;EV-BAJAJ100-AMORTISSEUR/EV-BAJAJ100后减震-双弹簧（外黑内橙色）;10付/件;减震;套;7500
JZ00054;YX-GN125-FOURCHE/ YX-GN125前减震;4付/件;减震;付;15500
JZ00056;YX-ALOBA-FOURCHE /YX-ALOBA前减震器;4付/件;减震;付;15500
JZ00059;AP175-FOURCHE AV/ AP175前减震总成;2套/件;减震;个;37500
JZ00067;YX-X-1-FOURCHE AV /X-1前减震;5付/件;减震;付;9000
JZ00070;YX-X-1-AMORTISSEUR AR ROUGE YX-X-1后减震-红色;10付/件;减震;付;5250
JZ00071;YX-HJ110-3-AMORTISSEUR-AR/YX-HJ110-3后减震;10付/件;减震;付;7000
JZ00073;EV-X-1-AMORTISSEUR-AR-ROUGE /EV-X-1后减震-红色;10付/件;减震;付;5195
JZ00078;AP150-20-FOURCHE CPT GRAND /AP150-20前减震总成;2套/件;减震;个;37500
JZ00082;GN125-AMORTISSEUR-AR/M-GN125后减震-镀铬;10付/件;减震;付;
JZ00083;ALOBA-AMORTISSEUR-AR/M-ALOBA后减震;10付/件;减震;付;
JZ00094;YX-POWEK AMORTISSEUR-AR / YX-POWEK后减震;10付/件;减震;付;5250
JZ00101;YX-SY-16-AMORTISSEUR-AR BLANC/ YX-SY-16后减震-镀铬;10付/件;减震;付;7250
JZ00106;SV HJ150-9 Amortissuer AR/ SV-HJ150-9后减震;10付/件;减震;付;7500
JZ00107;SV HJ150-9 FOURCHE AV SV-HJ150-9前减震;4个/件;减震;个;20000
JZ00109;"SV-NEO125-AMORTISSEUR 	 SV-NEO125后减震";10付/件;减震;付;35000
JZ00111;HC-GN125 AMORTISSEUR-AR HC-GN125后减震-镀铬;10个/件;减震;个;5400
JZ00112;HC-ALOBA AMORTISSEUR-AR HC-ALOBA后减震;10付/件;减震;付;5400
JZ00113;HC-GN125 FOURCHE-AV HC-GN125前减震;5套/件;减震;套;13000
JZ00114;HC-ALOBA FOURCHE-AV HC-ALOBA 前减震;5付/件;减震;付;13000
JZ00115;HC-X-1 AMORTISSEUR-AR NOIR  HC-X-1后减震-黑色;10付/件;减震;付;4600
JZ00121;YX-X-1 AMORTISSEUR（NOV BLEU）YX-X-1后减震（改装彩色）;10付/件;减震;付;10000
JZ00122;YX-GN125-AMORTISSEUR-(NOV ROUGE)/YX-GN125后减震(改装彩色);10付/件;覆盖件;付;10000
JZ00123;YX-CD110 AMORTISSEUR（NOVO)/YX-CD110后减震（改装彩色）;10付/件;减震;付;12000
JZ00124;YX-GN125-AMORTISSEUR(TETE NOVO)YX-GN125鱼头后减震;10付/件;减震;付;7500
JZ00125;YX-GN125-AMORTISSEUR(BALN+ROUGE)YX-GN125鱼头双簧后减震(白+红);10付/件;减震;付;8250
JZ00127;YX-X-1-FOURCHE AV /X-1前减震;10付/件;减震;付;8000
JZ00128;HC-GN125 FOURCHE- HC-GN125前减震;5套/件;减震;套;13500
JZ00129;HC-ALOBA FOURCHE HC-ALOBA 前减震;5付/件;减震;付;13500
JZ00134;HC-X-1 AMORTISSEUR-ROUGE  HC-X-1后减震-红色;10付/件;减震;付;4600
LG00009;CG200-BIELLE YX-CG200连杆三件套;50套/件;连杆;套;1829
LG00019;EV ALOBA-BIELLE /EV-ALOBA连杆三件套;50套/件;连杆;套;2000
LG00020;EV CG200-BIELLE /EV-CG200连杆三件套;50套/件;连杆;套;2200
LG00022;ALOBA-BIELLE YX-ALOBA连杆三件套;50套/件;连杆;套;1761
LG00024;YX-GX160 BIELLE YX-GX160连杆三件套;100个/件;连杆;个;1250
LHQ0007;YX-KTM110-CHATO/YX-KTM110初级离合器总成-带小件;12套/件;离合器总成;套;4500
LHQ0008;CHATO EV-KTM110初级离合器总成-带小件;12套/件;EV;套;4500
LHQ0010;YX-KTM110-EMBRAYAGE CPLT /YX-KTM110次级离合器总成;12套/件;离合器总成;套;4500
LHQ0028;YX-CG125-BOITIER/CG125离合器大齿外罩;20个/件;离合器总成;个;2300
LHQ0053;YX-YBR125-LINTO CPT /YBR125小鼓总成;30个/件;YBR配件;个;3500
LHQ0054;EV-YBR125-LINTO CPT/EV-YBR125小鼓总成;30个/件;离合器小鼓;个;3750
LHQ0056;YX-KTM110-LINTO-CPLT/YX-KTM110小鼓总成-4P;30只/件;离合器小鼓;只;2500
LHQ0059;YX-CG125-LINTO SIMPLE-4T/CG125单小鼓4T-加铁;50个/件;离合器小鼓;个;1300
LHQ0061;YX-CG125-LINTO SIMPLE-5T/YX-CG125单小鼓-5T5P-加铁;50个/件;离合器小鼓;个;1200
LHQ0062;EV-CG125 LINTO-5T  EV-CG125单小鼓-5T5P-加铁;50个/件;EV;个;1200
LHQ0067;YX-AP200-LINTO SIMPLE-5T6P/AP200单小鼓-5T6P;50个/件;离合器小鼓;个;1500
LHQ0068;EV-AP200-LINTO SIMPLE-5T6P/EV-AP200单小鼓-5T6P;50个/件;离合器小鼓;个;1500
LHQ0071;YX-KTM110-LINTO SIMPLE/KTM110单小鼓-加铁;50个/件;离合器小鼓;个;1250
LHQ0087;EV-KTM110-EMBRAYAGE-CPLT /EV-KTM110次级离合器总成-C100-带轴承;12套/件;离合器总成;套;4500
LHQ0101;EV-CG125-POTITIER CG125离合器大齿外罩;20个/件;离合器总成;个;2300
LHQ0117;YX-KTM110-PATIN CHATO SIMPLE /YX-KTM110单甩块;30套/件;离合器总成;套;1000
LHQ0124;YX-CG150-BOITIER/CG150离合器大齿外罩;20个/件;离合器总成;个;2300
LHQ0144;YX-CG125-EMBRAYAGE-CPLT-(4T5P )CG125离合器总成4T5P;12套/件;离合器总成;套;4500
LHQ0146;YX-CG125-EMBRAYAGE-CPLT-(5T5P)/ CG125离合器总成5T5P;12套/件;离合器总成;套;4750
LHQ0148;YX-CG150-EMBRAYAGE-CPLT-5(T6P )/CG150离合器总成5T6P;12套/件;离合器总成;套;4750
LHQ0150;YX-CG150-EMBRAYAGE-CPLT-(6T6P )/CG150离合器总成6T6P;12套/件;离合器总成;套;5000
LHQ0152;YX-AP200-EMBRAYAGE CPLT(5T6P)/AP200离合器总成5T6P;12套/件;离合器总成;套;6500
LHQ0154;YX-AP200-EMBRAYAGE CPLT (5T7P)/AP200离合器总成5T7P-带轴承-LF200;12套/件;离合器总成;套;5867
LHQ1110;YX-CG125-LINTO-CPLT-4T5P CG125小鼓总成4T5P-带轴承;30个/件;离合器小鼓;个;2650
LHQ1111;EV-CG125-LINTO-CPLT-5T5P CG125小鼓总成5T5P-带轴承;30个/件;离合器小鼓;个;2750
LHQ1112;YX-CG125-LINTO-CPLT-5T5P/CG125小鼓总成5T5P-带轴承;30个/件;离合器小鼓;个;2750
LHQ1114;YX-CG150-LINTO-CPLT-5T6P/CG150小鼓总成5T6P-带轴承;30个/件;离合器小鼓;个;2900
LHQ1118;YX-AP200-LINTO-CPLT-5T6P/AP200小鼓总成5T6P-带轴承;30个/件;离合器小鼓;个;3500
LHQ1120;YX-AP200-LINTO-CPLT-5T7P/AP200小鼓总成5T7P;30个/件;离合器小鼓;个;4000
LHQ1202;UFC-AP200-EMBRAYGE-CPLT-(5T6P )/UFC-AP200离合器总成5T6P;12套/件;离合器总成;套;8500
LHQ1212;YX-AP200-BOITIER/AP200离合器大齿外罩;20只/件;离合器总成;只;3000
LHQ1238;KTM110-CHATO/M-KTM110初级离合器总成-带小件;12套/件;离合器总成;套;
LHQ1249;YX-KTM-CHATO BOL SIMPLE/KTM初级离合器外罩-带小件;12只/件;离合器总成;只;
LHQ1264;SV-HJ150-9-EMBRAYAGE CPT/SV-HJ150-9离合器总成;12套/件;离合器总成;套;14000
LHQ1267;SV-NEO125-CHATO/SV-NEO125初级离合器总成;12套/件;离合器小鼓;套;15000
LHQ1279;HC-CG125/150-BOITIER/CG125/150离合器大齿外罩;100套/件;离合器总成;套;2300
LHQP002;YX-AP200-DISQUE-7P YX-AP200离合器片-加宽7片;100付/件;离合器片;付;1050
LHQP004;YX-AP200-DISQUE-6PYX-AP200离合器片-加宽6片;100付/件;离合器片;付;900
LHQP008;YX-CG150-DISQUE-6P /YX-CG150离合器片-6片-厚3.15;100付/件;离合器片;付;700
LHQP018;YX-JY110 DISQUE-5P /YX-JY110离合器片-5片;100付/件;离合器片;付;600
LHQP020;YX-CG125-DISQUE /YX-CG125离合器片-5片-厚3.3;100付/件;离合器片;付;580
LHQP021;EV-CG125-DISQUE /EV-CG125离合器片-5片-厚3.3;100付/件;离合器片;付;600
LHQP032;UFC-CG125-DISQUE D'EMBRAGAGE/UFC-CG125离合器片-5片;100个/件;离合器总成;个;700
LHQP042;SV-CG125-DISQUE /SV-CG125离合器片-5片-厚3.3;100付/件;离合器片;付;1000
LHQP043;SV-CG150-DISQUE /SV-CG150离合器片-6片-厚3.15;100付/件;离合器片;付;1200
LHQP048;CG200-DISQUE D'EMBRAGAGE-6T/M-AP200离合器片-加宽6片;100付/件;离合器片;付;
LHQP050;YX-NEO125-DISQUE/YX-NEO125离合器片;100付/件;离合器片;个;1000
LHQP054;SV-TVS180-DISQUE D'EMBRAGAGE / SV-TVS180离合器片;100付/件;离合器片;付;2000
LHQP055;SV-NEO125-DISQUE D'EMBRAGAGE-4T/SV-NEO125离合器片;100付/件;离合器片;付;4500
LHQX002;UFC-CG125 LINTO-CPLT-4T5P/UFC-CG125小鼓总成4T5P-带轴承;20套/件;离合器小鼓;套;3000
LHQX004;UFC-CG150 LINTO-CPLT-6T6P/UFC-CG150小鼓总成5T6P-带轴承;20套/件;离合器小鼓;套;3250
LHQX010;SV-CG125-LINTO CPLT-5T5P/CG125小鼓总成5T5P-带轴承;20个/件;离合器小鼓;只;3000
LHQX017;"YX-TVS180 LINTO 	 YX-TVS180单小鼓";50只/件;离合器小鼓;只;1700
LHQX018;YX-TVS180-LINTO-CPLT/YX-TVS180小鼓总成;30个/件;离合器小鼓;个;3500
LHQX025;SV HJ150-9-LINTO-CPLT /SV-HJ150-9小鼓总成;20个/件;离合器小鼓;个;6500
LHQX027;SV-NEO125 LINTO CPT/SV-NEO125小鼓总成;20套/件;离合器小鼓;套;6000
LHQX028;SV-NEO125-LINTO SIMPLE/SV-NEO125单小鼓;50个/件;离合器小鼓;个;2000
LHQX037;SV-YBR125-LINTO-CPLT 4DISQUE/SV-YBR125小鼓总成-4片;20套/件;离合器小鼓;套;6500
LJ0041;YX-CD110 JOINT CYLINDRE YX-CD110汽缸垫;1000付/件;纸垫;付;25
LJ0053;"YX-X-1 TAMBOUT GD PION 	 YX-X-1链轮座总成";50只/件;链条;只;1500
LJ0061;YX-LJ110-ECHAPPEMENT-GRAND/LJ110消声器-粗;6支/箱;消声器、空滤器;只;6500
LJ0065;YX-X-1 TAMBOUT FERADO CPT  YX-X-1刹车鼓盖总成-后;20只/件;刹车蹄块;只;2250
LJ0081;YX-LJ110-AXE MOTEUR CPT/LJ110主副轴;10套/箱;主副轴、启动轴、刹车拉杆;套;4000
LJ0083;EV-LJ110-BOULE DE POIGNET/EV-LJ110平衡块;100付/件;弹簧、螺丝、支架;付;700
LT00019;YX-CD110-PIT CHAINE-84L/ CD110时规链-25H-84L-LJ110;200条/件;时规链;条;350
LT00020;EV-CD110-PT-CHAINE-84L /CD110时规链-25H-84L;200条/件;时规链;条;325
LT00021;YX-SPARK-PIT CHAINE 86L/SPARK时规链;200条/件;时规链;条;750
LT00023;YX-YBR125-PIT CHAINE 88L/ YRB125时规链-天剑88L;200条/件;YBR配件;条;600
LT00030;EV-TVS 160 CHAINE DEMARREUR/EV-TVS160时规链3*4-94L;200条/件;时规链;条;700
LT00031;YX-GN125-CHAINE-428-116L /YX-428-116L单链条;25条/件;链条;条;1350
LT00033;YX-JY110-CHAINE-428-108L YX-428-108L单链条;25条/件;链条;条;
LT00103;YX-CD110-PIT CHAINE+ROULETTE /YX-CD110三件轮+时规链;100套/件;时规链;套;650
LT00115;SV HJ110-3 PETITE CHAINE/SV-HJ110-3时规链-25H-84L;200条/件;链条;条;1500
LT00118;YX-NEO125-PT CHAINE 2×3-92L/YX-NEO125时规链2×3-92L;200条/件;时规链;条;850
LT00119;SV-TVS180-PETITE CHAINE/SV-TVS180时规链3*4-94L;200个/件;链条;个;1500
LT00120;SV HJ150-22 PETITE CHAINE /SV-HJ150-22时规链-2*3-100L;200个/件;链条;个;1500
LT00123;SV-YBR125PT-CHAINE-25H-88L/SV-YBR125时规链-25H-88L;200条/件;链条;条;1000
LT005;EV-110-90-16CHAMBRE EV-110/90-16丁基内胎;50条/件;EV;条;1100
LT007;EV-300-18 CHAMBRE  EV-3.00-18丁基内胎;50条/件;EV;条;850
LT037;YX-2.75-17CHAMBRE /YX-2.75-17丁基内胎;50条/件;轮胎和内胎;条;850
LT043;YX-PNEU110/90-16(ALOBA/GN125)YX-110/90-16 ML308 65P TL-后胎;1条/件;轮胎和内胎;个;11500
LT045;YX-PNEU2.75-18(ALOBA)ML106 /2.75-18 ML106 4PR;5条/件;轮胎和内胎;条;4835
LT047;YX-PNEU2.75-17(CST)ML503 /YX-2.75-17 ML503 4PR TT-前胎;5条/件;轮胎和内胎;条;5000
LT049;YX-PNEU2.50-17(CST)ML469/YX-2.50-17ML469 4PR TT-前胎;5条/件;轮胎和内胎;条;4800
LT051;YX-PNEU4.50-12 ML609 /YX-4.50-12 ML609 6PR TT 三轮车胎;1条/件;轮胎和内胎;个;11000
LT057;YX-PNEU70/90-17 ML419 /YX-70/90-17 ML419 43P TT-前胎;5条/件;轮胎和内胎;条;7000
LT060;YX-PNEU3.00-18 ML359 /YX-3.00-18 ML359 6PR TL-后胎;1条/件;轮胎和内胎;个;8000
LT064;YX-PNEU5.00-12 ML622 /YX-5.00-12 ML622 8PR TT-三轮车胎;1条/件;轮胎和内胎;个;13500
LT067;YX-PNEU2.75-18(GN125)ML101/YX-2.75-18 ML101 4PR;5条/件;轮胎和内胎;条;6000
LT069;YX-110/90-16CHAMBRE /YX-110/90-16丁基内胎;50条/件;轮胎和内胎;条;1100
LT071;YX-250-17CHAMBRE /YX-2.50-17丁基内胎;50条/件;轮胎和内胎;条;800
LT072;YX-3.00-18CHAMBRE /YX-3.00-18丁基内胎;50条/件;轮胎和内胎;条;850
LT073;YX-2.75-18CHAMBRE /YX-2.75-18丁基内胎;50条/件;轮胎和内胎;条;850
LT075;YX-5.00-12 CHAMBRE/5.00-12丁基内胎;50条/件;轮胎和内胎;个;1200
LT076;EV-3.00-17CHAMBRE  EV-3.00-17丁基内胎;50条/件;EV;条;850
LT079;YX-PNEU2.75-17(CCDO)ML716 /YX-2.75-17 ML716 4PR TT-后深齿胎;5条/套;轮胎和内胎;条;5700
LT083;YX-PNEU80/90-17 /YX-80/90-17 ML431A 44P TL-后胎;1条/件;轮胎和内胎;个;8000
LT084;YX-300-18 PNEU TUBLAISE ML355 /YX-3.00-18 ML355 6PR TT后胎;5条/件;轮胎和内胎;条;7500
LT086;YX-PNEU TUBLAISE3.50-16 ML369 /YX-3.50-16 ML369 6PR TL-后胎;1条/件;轮胎和内胎;个;11000
LT093;YX-PNEU110/80-17 TH-525/ YX-110/80-17 TH-525 TL-后胎;1条/件;轮胎和内胎;根;13000
LT101;EV- 2.75-17CHAMBRE EV-2.75-17丁基内胎;50条/件;EV;条;850
LT102;YX-PNEU110/90-16(CCDO)110/90-16 ML719 65P TL-后胎;1条/件;轮胎和内胎;条;11500
LT104;YX-PNEU110/90-16(ALOBA/GN125)YX-110/90-16 FT331-后胎;1条件;轮胎和内胎;个;11500
LT105;YX-PNEU2.75-17(KINDKO)FT163/YX-2.75-17后胎;5条/件;轮胎和内胎;条;6500
LT107;YX-PNEU2.75-18(ALOBA)FT152/2.75-18 FT152-前胎;5条/件;轮胎和内胎;条;5700
LT108;YX-PNEU80/90-16 FT355 /YX-80/90-16 FT355 TT后轮胎;1条/件;轮胎和内胎;根;7000
LT109;YX-PNEU400-12 /YX-4.00-12轮胎 AP150ZK;1条/件;轮胎和内胎;根;8500
LT119;YX-PNEU110/90-17/110/90-17 后胎;1条/件;轮胎和内胎;条;14000
LT124;YX-PNEU3.00-18FT163/3.00-18 FT163-后胎;5条/件;轮胎和内胎;条;7500
LT125;YX-3.00-17 CHAMBRE YX-3.00-17丁基内胎;50条/件;轮胎和内胎;条;850
LT127;YX-3.50-10CHAMBRE  /YX-3.50-10丁基内胎;50条/件;轮胎和内胎;条;814
LT128;YX-PNEU90/90-18 FT488/ YX-PNEU90/90-18 FT488-后胎;10条/件;轮胎和内胎;条;8000
LT129;YX-PNEU90/90-18 FT188/ YX-PNEU90/90-18 FT188-后胎;10条/件;轮胎和内胎;条;4250
LT132;YX-SY-S014 PNEU3.75-12  /YX-3.75-12 SY-S014轮胎-AP150ZK;5条/件;轮胎和内胎;条;7500
LT133;YX-PNEU2.75-18(ALOBA)YX-2.75-18P200外胎;5条/件;轮胎和内胎;条;6000
LT135;YX-PNEU2.50-17(CST)YX-2.50-17 CY202A-4P外胎;15个/捆;轮胎和内胎;个;5000
LT136;YX-PNEU2.75-17(CST)YX-2.75-17 CY201A-6P外胎;15条/捆;轮胎和内胎;个;5000
LT138;YX-PNEU2.50-17(TRAIT)YX-2.50-17YX-001 4PR TT轮胎;15条/捆;轮胎和内胎;个;5000
LT139;YX-PNEU2.50-17(CST)YX-2.50-17YX-002 4PR TT轮胎;15条/捆;轮胎和内胎;个;5000
LT140;YX-PNEU2.75-17(CST)003YX-2.75-17 YX-003 4PR TT轮胎;15条/件;轮胎和内胎;个;5000
LT141;YX-2.75-17 YX-004 6PR TT轮胎;15个/件;轮胎和内胎;个;6500
LT142;YX-80/90-16 YX-005 6PR TT轮胎;15个/件;轮胎和内胎;个;7500
LT145;YX-PNEU2.75-18(GN125)YX-008YX-2.75-18YX-008 4PR TT轮胎;15条/捆;轮胎和内胎;个;5700
LT146;YX-PNEU2.75-18(ALOBA)YX-2.75-18YX-009 4PR TT轮胎;15条/件;轮胎和内胎;个;5700
LT147;YX-3.00-18 YX-010 6PR TT轮胎;15个/件;轮胎和内胎;个;8000
LT148;YX-PNEU110/90-16(ALOBA/GN125)110/90-16 YX-011 6PR TL轮胎;1条/件;轮胎和内胎;1条/件;11500
LT151;YX-4.00-12 YX-014 8PR TT轮胎;1个/件;轮胎和内胎;个;8000
LT153;YX-PNEU5.00-12/YX-016/YX-5.00-12/YX-016/8PR/TT轮胎;条;轮胎和内胎;条;12500
LT155;PNEU3.75-12 YX-013 YX-3.75-12 YX-013 6PR TT轮胎;5条/捆;轮胎和内胎;条;7000
LT156;YX-110/80-17 YX-018 57H TL轮胎;1个/件;轮胎和内胎;个;
LT158;PNEU4.50-12 YX-020 YX-4.50-12 YX-020 8PR TT轮胎;2条/件;轮胎和内胎;只;11000
LT159;YX-2.75-17 YX-021 4PR TT轮胎;15个/件;轮胎和内胎;个;6500
LT160;YX-110/90-16 YX-022 65P TL轮胎;1个/件;轮胎和内胎;个;11500
LT166;"YX-PNEU5.00-12 YX-028 	 YX-5.00-12 YX-028 8PR TT轮胎";1条/件;轮胎和内胎;条;13000
LT167;YX-PNEU130/70-17 YX-029  YX-130/70-17 YX-029 4PR TL轮胎;1条/件;轮胎和内胎;条;19000
LT168;PNEU130/70-17 YX-030 YX-130/70-17 YX-030 4PR TL轮胎;1条/件;轮胎和内胎;条;19000
LT169;PNEU100/80-17 YX-031 YX-100/80-17 YX-031 4PR TL轮胎;1条/件;轮胎和内胎;条;14000
LT170;"YX-PNEU100/80-17 YX-032 	 YX-100/80-17 YX-032 4PR TL轮胎";1条/件;轮胎和内胎;条;14000
LT171;PNEU90/90-17 YX-033 YX-90/90-17 YX-033 4PR TL轮胎;1条/件;轮胎和内胎;条;14000
LT172;PNEU120/70-17 YX-034 PNEU120/70-17 YX-034;1条/件;轮胎和内胎;条;19000
LT174;YX-PNEU110/90-16(KINDKO)YX-110/90-16 YX-036PR TL轮胎;1条;轮胎和内胎;条;11500
LT175;PNEU110/90-16 CY279 6PR TL YX-110/90-16 CY279 6PR TL轮胎;1条/件;轮胎和内胎;条;11500
LT176;PNEU3.00-17YX-038/YX-3.00-17 YX-038 6PR TL轮胎;1条/件;轮胎和内胎;条;8000
LT178;YX-3.50-16 YX-040 6PR TT轮胎;10条/件;轮胎和内胎;个;9000
LT179;"YX-PNEU5.00-12 YX-041 	 YX-5.00-12 YX-041 8PR TT轮胎";1条/件;轮胎和内胎;个;15000
LT203;PNEU 7.50-16 内外轮胎-人密纹（五征后胎）;1根/件;轮胎和内胎;根;65000
LT204;PNEU 6.00-14 内外轮胎-水波纹（五征前胎）;1根/件;轮胎和内胎;根;55000
LT205;YX-165/175-13丁基内胎;50条/件;轮胎和内胎;条;
LT217;"YX-PNEU3.00-17 YX-046 	 YX-3.00-17 YX-046 6PR TL轮胎";1条/件;轮胎和内胎;个;8000
LT218;"YX-PNEU3.00-18 YX-047 	 YX-3.00-18 YX-047 6PR TL轮胎";1条/件;轮胎和内胎;个;8500
LT219;"YX-PNEU3.00-18 YX-048 	 YX-3.00-18 YX-048 6PR TL轮胎";1条/件;轮胎和内胎;1条/件;8000
LT220;"YX-PNEU110/90-17 YX-049 	 YX-110/90-17 YX-049 60P TL轮胎";1条;轮胎和内胎;个;13000
LT221;"YX-PNEU2.75-17 YX-050 	 YX-2.75-17 YX-050 6PR TT轮胎";10条/件;轮胎和内胎;条;6500
LT222;"YX-PNEU2.75-17 YX-051 	 YX-2.75-17 YX-051 6PR TT轮胎";10条/件;轮胎和内胎;条;6500
LT223;YX-PNEU 3.00-18 YX-052  YX-3.00-18 YX-052 6PR TT轮胎;5条/件;轮胎和内胎;条;8500
MD00001;YX-CD110-DEMARREUR-AV-FIL /YX-CD110马达带线;12个/件;马达;个;4000
MD00005;YX-CG125-DEMARREUR-AV-FIL /YX-CG125马达带线-9齿;12个/件;马达;个;4750
MD00016;YX-CG200-DEMARREUR-AV-FIL/YX-CG200马达-带线;12只/件;马达;只;5000
MD00023;EV-AP200-PIGNON DEMARREUR/EV-AP200马达齿;100只/件;马达;只;1400
MD00024;YX-AP150-20-DEMARREUR-AV-FIL/YX-AP150-20马达-带线;12只/件;马达;只;4750
MD00026;EV-AP200-DEMARREUR-AV-FIL /EV-AP200马达-带线-11齿灰色;12只/件;马达;只;4070
MD00027;YX-AP200-DEMARREUR /YX-AP200马达-带线-11齿灰色;12只/件;马达;只;4500
MD00029;YX-TVS180-DEMARREUR/YX-TVS180马达;12只/件;马达;只;7000
MD00032;CG125 GN125-CG125 DEMARREUR-AV-FIL/M-CG125马达带线-9齿;12只/件;马达;只;
MD00033;SV-TVS180-DEMARREUR-AV-FIL/SV-TVS180马达-带线;12个/箱;马达;个;15000
MD00036;CD110-DEMARREUR-AV-SON/M-CD110马达带线-DY100-LJ110;12只/件;马达;只;
MD00041;SV-DR190-DEMARREUR-AV-FIL/SV-DR190马达-带线;12个/件;马达;个;18000
MK0018;YX-MK150-MANETTE+SUPORT/YX-MK150离合手柄+镜座;100付/件;手把开关;付;
MK0025;YX-MK150-MANETTE FREIN+SUPOR/YX-MK150刹车手柄+镜座;100付/件;手把开关;付;
MK0047;YX-AP150-20-BOITE MARCHE AR/AP150-20倒挡器;4个/件;三轮车铁件传动轴后桥;个;10750
MK0054;YX-MK150 CDI /YX-MK150点火器-6线;50只/件;其他;只;2750
NE0125-057;SV-NEO125 DEMARREUR-SANS-SON SV-NEO125马达;20个/件;马达;个;9000
NE0125-057(停用）;"SV-NEO125 DEMARREUR-SANS-SON 	 SV-NEO125马达（停用）";18个/件;马达;个;9000
NEO125-005;YX-NEO125TENDEUR CAOUTHOUC/ NEO125压条;500付/件;其他;个;750
NEO125-006;YX-NEO125-ARBRE A CAME/ NEO125凸轮;100个/件;凸轮;个;3500
NEO125-007;YX-NEO125 RAMPS/ NEO125摇臂;100付/件;摇臂;个;3000
NEO125-008;YX-NEO125-LINTO-CPLT /NEO125小鼓总成;30个/件;离合器小鼓;个;3500
NEO125-009;YX-NEO125-LINTO SIMPLE/NEO125单小鼓;50个/件;离合器小鼓;个;1500
NEO125-011;YX-NEO125-CHATO/NEO125初级离合器总成;12个/件;离合器总成;个;11000
NEO125-012;SV-NEO125 CULASSE CPLT SV-NEO125缸头总成;8套/件;缸头总成;套;40000
NEO125-013;SV-NEO125-SOUPAPE/SV-NEO125气门;200个/件;气门;个;2000
NEO125-014;SV-NEO125 ARBRE-A-CAM /SV-NEO125凸轮;100只/件;凸轮;只;3500
NEO125-015;SV-NEO125 RAMPS  /SV-NEO125摇臂;100付/件;摇臂;付;2500
NEO125-016;SV-NEO125 CYLINDRE-CPLT/SV-NEO125套缸;12套/件;套缸;套;9000
NEO125-017;SV-NEO125-PISTON-STD+/SV-NEO125套塞STD+;100套/件;套塞;套;2300
NEO125-018;SV-NEO125-PISTON-STD++/SV-NEO125套塞STD++;100套/件;套塞;套;2300
NEO125-019;SV-NEO125-AXE DE VITESS CMPLET/SV-NEO125主副轴总成;10付/件;主副轴、启动轴、刹车拉杆;付;13500
NEO125-020;SV-NEO125-AXE DE PEDAL CPT/SV-NEO125启动轴总成;50个/件;主副轴、启动轴、刹车拉杆;个;7000
NEO125-021;SV-NEO125-DEMARREUR-AV-FIL/SV-NEO125马达（带线）;12个/件;马达;个;9000
NEO125-024;SV-NEO125-PETITE CHAINE/SV-NEO125时规链-2*3-92L;200个/件;链条;个;1500
NEO125-025;SV-NEO125 TENTEUR-CAOUCHOUT  SV-NEO125压条;200付/件;发动机;付;2000
NEO125-026;SV-NEO125 TENTEUR  CYLINDRE/ SV-NEO125张紧器;200个/件;其他;个;1000
NEO125-029;YX-NEO125 FEU ROUGE/ YX-NEO125尾灯;20个/件;灯具;个;4500
NEO125-030;YX-NEO125 COUVRE CHAINE YX-NEO125链盒;100个/件;小齿盖、链盒;个;900
NEO125-031;YX-NEO125-PATIN AV/ YX-NEO125前刹皮;100付/件;碟刹皮;付;800
NEO125-044;YX-NEO125 CLIGNOTANT / YX-NEO125转向灯;50个/件;灯具;个;4000
NEO125-045;YX-NEO125-CASQUE (BLANC)/YX-NEO125头罩-白色;20个/件;覆盖件;个;4500
NEO125-046;YX-NEO125-GARDE-BOUE-AV/YX-NEO125前泥板前段;25个/件;覆盖件;付;3500
NEO125-047;YX-NEO125 GARDE BOUE AV AR YX-NEO125前泥板后段;25付/件;档泥皮;付;2500
NEO125-048;YX-NEO125-PHASSADE (ROUGE)/YX-NEO125全车覆盖件-红色;1套/件;覆盖件;套;85000
NEO125-049;YX-NEO125 CAPOT PT PION /YX-NEO125小齿盖;100个/件;小齿盖、链盒;个;2500
NEO125-050;YX-NEO125-PHASSADE(BLEU)/YX-NEO125全车覆盖件-蓝色;1套/件;覆盖件;套;85000
NEO125-051;SV NEO125 FILTRE-AIR/ SV-NEO125空滤器;20个/件;消声器、空滤器;个;5000
NEO125-056;SV-NEO125-FOURCHE/ SV-NEO125前减震;4付/件;减震;付;14000
QCX0001;YX-GN125-CABLE EMBRAYAGE /GN125离合线;100条/件;拉线  加力线;条;290
QCX0002;YX-GN125-CABLE ACCELATEUR  GN125油门线;100条/件;拉线  加力线;条;275
QCX0003;YX-GN125-CABLE COMPTOUR / GN125转速线;100条/件;拉线  加力线;条;290
QCX0004;YX-GN125-CABLE COMPTEUR/  GN125里程线;100条/件;拉线  加力线;条;300
QCX0009;YX-X-1-CABLE ACCELATEUR / YX-X-1油门线;100条/件;拉线  加力线;条;280
QCX0010;YX-AP200-CABLE EMBRAYAGE/  AP200离合线;100条/件;拉线  加力线;条;400
QCX0013;EV-CG125-CABLE ACCELATEUR CG125油门线;100条/件;拉线  加力线;条;300
QCX0014;EV-GN125 CABLE-EMBRAYAGEEV-GN125离合线;100条/件;EV;条;290
QCX0015;EV-GN125-CABLE ACCELATEUR GN125油门线;100条/件;拉线  加力线;条;300
QCX0016;EV-GN125-CABLE COMPTOUR GN125转速线;100条/件;拉线  加力线;条;300
QCX0017;EV-GN125-CABLE COMPTEUR GN125里程线;100条/件;拉线  加力线;条;300
QCX0021;YX-HJ125-8-CABLE EMBRAYAGE /HJ125-8离合线;100条/件;HJ125-8;条;450
QCX0022;YX-HJ125-8-CABLE ACCELATEUR/ HJ125-8油门线;100条/件;HJ125-8;条;450
QCX035;EV-SY125-8 INSTALLATION  EV-SY125-8主线束;50条/件;EV;条;2500
QCX036;YX-AP150-CABLE EMBRAYAGE/ AP150离合线;100条/件;拉线  加力线;条;400
QCX045;YX-CG125-CABLE ACCELATEUR  /CG125油门线;100条/件;拉线  加力线;条;280
QCX053;YX-ROUGE FIL-BATTERIE-ROUGE /YX-正极线-带保险盒;2000条/件;主线束;套;150
QCX056;EV-AP200-CABLE-ACCELATEUR  AP200油门线;100条/件;拉线  加力线;条;350
QCX063;YX-X-1-CABLE COMPTEUR /X-1里程线;100条/件;拉线  加力线;条;275
QCX064;AP200-CABLE TARPOTAGE/ AP200加力线;30条/件;拉线  加力线;只;1500
QCX065;AP175-CABLE TARPOTAGE /AP175加力线;40条/件;拉线  加力线;只;1500
QCX066;AP150-20 CABLE ROUGE CARBOTAGE /AP150加力线;40条/件;拉线  加力线;只;1500
QCX068;YX-LJ110-CABLE COMPTEUR/LJ110里程线;100条/件;拉线  加力线;条;300
QCX081;YX-AP200-CABLE ACCELATEUR/ AP200油门线;100条/件;拉线  加力线;条;275
QCX082;YX-AP150-20-CABLE ACCELATEUR  AP150-20油门线;100条/件;拉线  加力线;条;275
QCX086;YX-TVS180-CABLE ACCELATEUR /TVS180油门线;100条/件;拉线  加力线;条;600
QCX095;YX-TVS180-CABLE EMBRAYAGE /TVS180离合线;100条/件;拉线  加力线;条;600
QCX096;GN-CABLE-EMBRAYAGE/M-GN125离合线;100条/件;拉线  加力线;条;
QCX100;YX-FIL-BATTERIE-NOIRE /YX-黑色电池线-粗;2000条/件;主线束;套;60
QCX103;EV-AP200-INSTALLATION EV-AP200主线束;30条/件;主线束;个;3725
QCX104;YX-AP200-INSTALLTION /YX-AP200主线束;30条/件;主线束;套;4500
QCX108;YX-SY125-10-INSTALLATION/YX-SY125-10主线束;50条/件;主线束;条;2300
QCX109;YX-AP150-20-INSTALLATION/ YX-AP150-20主线束;30条/件;主线束;只;4250
QCX110;YX-AP175-INSTALLATION /YX-AP175主线束;30条/件;主线束;只;4500
QCX114;YX-CD110-INSTALLATION/YX-CD110主线束;50个/件;主线束;个;2500
QCX121;GN125-CABLE ACCELATEUR/M-GN125油门线;100条/件;拉线  加力线;条;
QCX125;YX-NEO125-CABLE-ACCELATEUR/NEO125油门线;100条/件;拉线  加力线;条;500
QCX126;YX-NEO125- CABLE EMBRAYAGE/NEO125 离合线;100条/件;拉线  加力线;条;500
QCX133;SV-TVS180 CABLE EMBRAYAGE SV-TVS180离合线;100条/件;拉线  加力线;条;1000
QCX137;AP200-CABLE-EMBRAYAGE/M-AP200离合线;100条/件;拉线  加力线;条;
QDG0003;YX-CD110-PEDAL DEMARRAGE /YX-CD110启动杆-LJ110;50支/件;启动杆;支;800
QDG0004;EV-CD110-PEDAL EV-CD110启动杆;50支/件;启动杆;支;850
QDG0007;YX-AP200-PEDAL DEMARRAGE/ YX-AP200三轮车启动杆-劲豹款;50支/件;启动杆;支;1600
QDG0009;YX-GN125-PEDAL TORDU  /YX-GN125启动杆-大S;50支/件;启动杆;支;900
QDG0010;YX-CG125-PEDAL-DIRECT /YX-CG125启动杆-直-铁汉;50支/件;启动杆;支;850
QDG0011;EV-CG125-PEDAL EV-CG125启动杆-直-铁汉;50支/件;启动杆;支;799
QDG0018;EV-ALOBA -PEDAL TORDU/EV-ALOBA启动杆-小S;50支/件;启动杆;支;850
QDG0019;EV- AP200  PEDAL MANIVELLE/  EV-AP200三轮车启动杆-劲豹款;40个/件;启动杆;个;1600
QDG0024;EV-AP150 -PEDAL 2 ECROU/EV-AP150启动杆-双丝;30支/件;启动杆;只;1334
QDG0025;YX-AP150-PEDAL 1 ECROU/ YX-AP150启动杆-单丝;40个/件;启动杆;个;1250
QDG0026;YX-AP150-PEDAL 2 ECROU /YX-AP150启动杆-双丝;30个/件;启动杆;个;1450
QDG0031;YX-ALOBA-PEDAL DORTU /YX-ALOBA启动杆-小S;50只/件;启动杆;只;900
QDG0041;M-GN125-PEDAL DEMARRGE M-GN125启动杆-大S;50条/件;启动杆;条;
QDG0051;SV HJ150-9 PEDAL MANIVELLE /SV-HJ150-9启动杆;30个/件;启动杆;个;2500
QDG0053;"YX-CD110PEDAL -LJ110-NOIR	 YX-CD110启动杆-LJ110-亮黑";50个/件;LJ110配件;个;800
QDG0055;HJ150-22-PEDAL/YX-HJ150-22启动杆;50支/件;启动杆;支;
QHL0004;GN125-JANTE CPT /GN125前后轮;1套/件;前后轮;套;30000
QHL0008;ALOBA-JANTE-AR / ALOBA后轮;2个/件;前后轮;个;12500
QHL0009;ALOBA-JANT-AV / ALOBA前轮;2个/件;前后轮;个;15000
QHL0010;GN125-JANTE ARR / GN125后轮;2个/件;前后轮;个;12500
QHL0011;GN125-JANTE AV /GN125前轮;2个/件;前后轮;个;13000
QHL0033;CGL-JANTE AV/CGL前轮;2个/件;前后轮;个;11000
QHL0034;CGL-JANTE ARR/ CGL后轮;2只/件;前后轮;只;12500
QHL0035;ALOBA-JANTE CPT /ALOBA前后轮;1套/件;前后轮;套;30000
QHL0040;EV-ALOBA-TAMBOUT FERADO CPT  /EV-ALOBA刹车鼓盖总成+刹车蹄块;20套/件;前后轮;套;2500
QHL0041;KTM-JANTE ARR BLANC / X-1后轮-白色;2个/件;前后轮;个;12500
QHL0044;CGL-JANTE ARR VERT /CGL后轮-青色;2只/件;前后轮;只;12500
QHL0047;YX-ALOBA-PORT PATIN CPT /YX-ALOBA刹车鼓盖总成+刹车蹄块;20套/件;前后轮;套;2500
QHL0048;X-1-JANTE CPT NOIR (CCDO) /X-1前后轮-黑色红边;1套/件;前后轮;套;25000
QHL0050;KTM-JANTE AV BLANC /X-1前轮-白色;2个/件;前后轮;个;10000
QHL0051;KTM-JANTE AV NOIR /X-1前轮-黑色;2个/件;前后轮;个;15000
QHL0059;YX-CG125-PORT PATIN SIMPLE/CG125刹车鼓盖-单;50个/件;前后轮;个;1300
QHL0065;EV-GN125-TAMBOUT-DE-FERADO  GN125刹车鼓盖-单;50只/件;小齿盖、链盒;只;1300
QHL0070;YX-GN125-PORT PATIN SIMPLE /GN125刹车鼓盖-单;50只/件;前后轮;只;1300
QHL0075;YX-CG125-PORT PATIN CPT/CG125刹车鼓盖总成+刹车蹄块;20套/件;前后轮;套;2250
QHL0081;"EV-ALOBA PORT FERADO SIMPLE	 EV-ALOBA链轮座-单";50个/件;小齿盖、链盒;个;1400
QHL0083;YX-ALOBA-PORT GD PION CPT/YX-ALOBA链轮座总成;50个/件;前后轮;个;1750
QHL0084;EV-ALOBA TAMBOUT DE FERADO SIMPLE  EV-ALOBA刹车鼓盖-单;50个/件;EV;个;1300
QHL0085;YX-ALOBA-PORT PATIN SIMPLE /YX-ALOBA刹车鼓盖-单;50个/件;前后轮;个;1300
QHL0087;YX-GN125-PORT GD PION CPT/GN125链轮座总成;50个/件;前后轮;个;1750
QHL0097;EV-GN125 TAMBOUT DE FERADO-CPLT EV-GN125刹车鼓盖总成;20套/件;EV;套;2500
QHL0098;YX-GN125-PORT PATIN CPT/GN125刹车鼓盖总成+刹车蹄块;20套/件;前后轮;套;2500
QHL0101;SY125-8-JANTE ARR BLANCE/SY125-8后轮-银白筋;2个/件;前后轮;个;12500
QHL105;SV-NEO125-JANTE CPT/NEO125前后轮;1套/件;前后轮;套;35000
QHL106;CG125-JANT-AV/CG125前轮-风火轮黑色金边;2个/件;前后轮;个;14000
QHL126;YX-SY125-8-JANTE AV BLANCE/YX-SY125-8前轮-银白筋;2只/件;前后轮;个;12000
QHL127;CGL JANT CPT CGL 前后轮-青色;1套/件;前后轮;套;25000
QHL131;GN125-PORT GD PION/M-GN125链轮座总成;50只/件;链条;只;
QHL133;X-1-JANT AV (CCDO)/X-1前轮-黑色+红边;2个/件;前后轮;个;11128
QHL134;X-1-JANT-AR-(CCDO)/X-1后轮-黑色+红边（CCDO);2只/件;前后轮;只;12500
QHL135;SV HJ150-9 PORTE FERADO COMPLET /SV-HJ150-9刹车古盖总成;20个/件;离合器小鼓;个;5500
QHL145;SV HJ150-22 PORT GD PION/YX-HJ150-22链轮座总成;50个/件;HJ150-22;个;3000
QHL148;SY125-8-JANTE CPT BLAN/SY125-8前后轮-银白筋;1套/件;前后轮;套;30000
QHL154;ALOBA-PORT GD PION/M-ALOBA链轮座总成;50个/件;链条;个;
QM00003;YX-CD110-SOUPAPE+JOINT/YX-CD110气门+气门油封;200付/件;气门;付;350
QM00004;EV-CD110-SOUPAPE  CD110气门;200付/件;气门;付;350
QM00005;YX-CG150-SOUPAPE/CG150气门;200付/件;气门;付;400
QM00007;YX-CG125-SOUPAPE/CG125气门;200付/件;气门;付;375
QM00008;EV-CG125 SOUPAPE  EV-CG125气门;200个/件;EV;个;375
QM00009;YX-CG200-SOUPAPE+JOINT/YX-CG200气门+气门油封;200付/件;气门;付;500
QM00010;YX-AP200-SOUPAPE/AP200气门;200付/件;气门;付;500
QM00012;EV-CG200-SOUPAPE /EV-ZS200气门-短头;200付/件;气门;付;
QM00016;YX-YBR125-SOUPAPE / YBR125气门;200付/件;YBR配件;付;500
QM00020;YX-CG125-TIRE SOUPAPE /CG125气门顶杆;500付/件;气门;付;300
QM00036;SV-CG125-SOUPAPE+JOINT/CG125气门+气门油封;200付/件;气门;付;1500
QM00038;SV-CG150-SOUPAPE+JOINT/SV-CG150气门+气门油封;200付/件;气门;付;1500
QM00039;SV-CD110-SOUPAPE+JOINT/CD110气门+气门油封;200付/件;气门;付;1200
QM00052;SV-TVS180 SOUPAPE+JOINT/SV-TVS180气门+气门油封;200付/件;气门;付;2000
QSP0001;YX-GN125-PATIN AV/ GN125-碟刹皮-前刹皮;100付/件;碟刹皮;付;300
QSP0002;EV-GN125 PATIN AVANT  EV-GN125碟刹皮-前刹皮;100个/件;EV;个;300
QSP0009;YX-X-1-PATIN AV /YX-X-1碟刹皮-前刹皮;100付/件;碟刹皮;付;300
QSP0010;EV-X-1 PATIN AVANT  EV-X-1碟刹皮-前刹皮/BEST/CD110;100个/件;EV;个;300
QSP0023;GN-PATIN AVANT/M-GN125碟刹皮-前刹皮;100付/件;碟刹皮;付;
QSP0027;X-1-PATIN AVANT/M-X-1碟刹皮-前刹皮/BEST/CD110;100付/件;碟刹皮;付;
QSP0029;YX-HJ150-22-PATIN AVANT/YX-HJ150-22前刹皮;100付/件;刹车蹄块;付;500
QSX157;CABLE EMBRE /YX-GN125离合线（GS机）;100条/件;拉线  加力线;条;290
QT00006;RENI FLEUR废气管（细）;1000条/件;其他;条;150
QT00048;LG COLLE /LG胶;100个/件;其他;个;300
QT00073;FIL ATTACHE EN TETE CAOUCHOUT /刹车绳-橡胶头;500条/件;其他;条;150
QT00076;YBR125-ECHAPEMNET/ YBR125消声器;6条/件;YBR配件;个;14000
QT00085;SCOCHE NOIR /黑胶布;500套/件;其他;套;90
QT00088;YX-广告手提袋;100个/件;广宣礼品办公用品;个;
QT00093;YX-GN125-BILLE DIRECTION GN125方向轴承;100套/件;轴承;套;700
QT00144;YX-帐篷3*3;;广宣礼品办公用品;个;
QT00147;空白透明胶带-45*100;;其他;只;0
QT00148;SV-雨伞;50个/件;广宣礼品办公用品;个;
QT00151;SV 透明胶带-45*100Y;140个/件;其他;个;
QT00152;YX-斜挎包 2022年款;50个/件;广宣礼品办公用品;个;
QT00153;YX-广告衫-2022款;100个/件;广宣礼品办公用品;个;
QT00154;YX-文化衫--男款-2022;100个/件;广宣礼品办公用品;个;
QT00155;YX-文化衫--女款--2022;100个/件;广宣礼品办公用品;个;
QT00156;YX-支付证明单;;其他;件;
QT00157;YX-差旅费用报销单;;其他;件;
QT00159;YX  透明胶带 -45*100Y;140个/件;其他;个;
QT00161;YX- BALLON YX-足球;50/件;广宣礼品办公用品;个;
QT00505;FIL ATTACHE EN TETE FER /刹车绳-铁头;500条/件;其他;条;150
QT00531;YX-888-CASQUE DE SECURITE PETIT /头盔-半盔888;12个/件;头盔;个;4000
QT00531（停用2）;YX-888-CASQUE DE SECURITE PETIT /头盔-半盔888（停用2）;18个/件;头盔;个;4000
QT00532;YX-918-CASQUE DE SECURITE GROS /头盔-全盔918;9个/件;头盔;个;5343
QT00533;YX-828-CASQUE DE SECURITE/  头盔-帽檐盔 828;12个/件;头盔;个;9000
QT00536;YX-VERRE CASQUE 头盔玻璃-半盔888;120个/件;头盔;只;350
QT00539;(HS)YX-NOIR CASQUE DEVOILE285  /头盔-揭面盔285-黑色;9只/件;头盔;个;15000
QT00540;YX-NOVO NOIR CASQUE DEVOILE285   /YX-头盔-揭面盔285-磨砂黑;9只/件;头盔;9只/件（停用）;15000
QT00543;YX-CASQUE SPIDE MAN NOIR / YX-头盔-SPIDER MAN-黑色;9个/件;头盔;个;15000
QT00544;YX-CASQUE SPIDE MAN BLEU /YX-头盔-SPAIDE-MAN-蓝色;9只/件;头盔;只;15000
QT00548;YX-CD110-CHARBON DEMARIERE /CD110碳刷;500个/件;马达;个;250
QT00549;YX-头盔-揭面盔285-白色;9只/件;头盔;9只/件（停用）;15000
QT00554;库存卡-法文版 115*180;2000张/箱;广宣礼品办公用品;片;
QT00562;POWEK BOITE AU MILLIEU POWEK中货箱;4个/件;油箱;个;6000
QT00583;YX-colle de carter  85  YX-高温密封胶（85克）;144只/件;其他;只;350
QT00583（停用）;colle de carter/YX-高温密封胶（85克）;144只/件;其他;只;350
QT00584;YX- colle a/b 20 grammesYX-AB胶-20克;288盒/件;其他;盒;200
QT00584（停用）;colle a/b/YX-AB胶-20克;288盒/件;其他;盒;200
QT00585;YX-colle a/b 60grammes   YX-AB胶-60克;288盒/件;其他;盒;250
QT00585（停用）;colle a/b/YX-AB胶-60克;288盒/件;其他;盒;250
QT0065;HC-ROULEMENT6301 / HC-6301轴承;300个/件;轴承;个;190
QT0066;HC-ROULEMENT6204  /HC-6204轴承;200个/件;轴承;个;280
QT0067;HC-ROULEMENT6300 /HC-6300轴承;300个/件;轴承;个;190
QT0068;HC-ROULEMENT6202/ HC-6202轴承;300个/件;轴承;个;180
QT0069;HC-ROULEMENT6203 HC-6203轴承;300个/件;轴承;个;210
QT0070;HC-ROULEMENT6302/ HC-6302轴承;300个/件;轴承;个;210
QT0071;HC-ROULEMENT6008 / HC-6008轴承;100只/件;轴承;只;600
QT0072;HC-ROULEMENT6304/ HC-6304轴承;200只/件;轴承;个;425
QT0073;HC-ROULEMENT6205 / HC-6205轴承;200只/件;轴承;个;425
QT0074;HC-ROULEMENT6004 /HC-6004轴承;300个/件;轴承;个;220
QT0077;YX-X-1  JEU DIRECTION  YX-X-1方向轴承;100套/件;轴承;套;600
QZ00003;YX-CD110-VILBREQUIN LONG YX-CD110曲轴-长;10只/件;曲轴;只;5750
QZ00004;EV-KTM110-VILBREQUIN LONG/EV-CD110曲轴-长;10只/件;曲轴;只;6100
QZ00005;YX-CG125-VILBREQUIN /YX-CG125曲轴;6只/件;曲轴;只;8250
QZ00008;YX-CG200-VILBREQUIN /YX-CG200曲轴;6只/件;曲轴;只;10000
QZ00010;YX-AP200-VILBREQUIN /YX-AP200水冷曲轴-宗申200;6只/件;曲轴;只;10500
QZ00019;YX-YOROBO-VILBREQUIN /YX-YOROBO曲轴;6只/件;曲轴;只;10000
QZ00021;YX-ALOBA-VILBREQUIN/ YX-ALOBA曲轴;6只/件;曲轴;只;8250
QZ00023;YX-YBR125-VILBREQUIN-18T /YX-YBR125曲轴18齿-F28;6只/件;YBR配件;只;13000
QZ00024;YX-YBR125-VILBREQUIN-17T/ YBR125曲轴17齿-F28;6只/件;YBR配件;只;13000
QZ00031;YX-CG150-VILBREQUIN YX-CG150曲轴;6只/件;曲轴;只;8500
QZ00041;YX-AP175-VILBREQUIN /YX-AP175曲轴;6只/件;曲轴;只;10000
QZ00043;EV-TVS160-VILBREQUIN EV-TVS160曲轴;6只/件;曲轴;只;14000
QZ00045;EV-YBR125-VILBREQUIN(17T)/EV-YBR125曲轴17齿-F28;6只/件;曲轴;只;14000
QZ00046;EV-YBR125-VILBREQUIN(18T)/EV-YBR125曲轴18齿-F28;6只/件;曲轴;只;14000
QZ00051;UFC-CD110 VILBREQUIN LONG / UFC-CD110曲轴-长;10个/件;曲轴;个;6500
QZ00071;YX-HJ125-8-VILBREQUIN /HJ125-8曲轴;6只/件;HJ125-8;只;8500
QZ00075;SV-CG125-VILBREQUIN/CG125曲轴;6只/件;曲轴;只;12000
QZ00076;SV-CG150-VILBREQUIN/CG150曲轴;6只/件;曲轴;只;12000
QZ00078;SV-CD110-VILBREQUIN LONG/CD110曲轴-长;10只/件;曲轴;只;9500
QZ00080;SV-ALOBA-VILBREQUIN-ALOBA曲轴-动力王;6只/件;曲轴;只;12000
QZ00086;CD110-VILBREQUIN LONG/M-CD110曲轴-长;10只/件;曲轴;只;
QZ00089;ALOBA-VILBREQUIN/M-ALOBA曲轴-动力王125;6只/件;曲轴;只;
QZ00090;YX-TVS180-VILBREQUIN/TVS180曲轴;6只/件;曲轴;只;14000
QZ00091;YX-NEO125-VILBREQUIN/ YX-NEO125曲轴;6只/件;曲轴;只;14000
QZ00097;YX-TVS160-VILBREQUIN /YX-TVS160曲轴;6只/件;曲轴;只;13500
QZ00098;SV HJ150-9 VILBREQUIN /SV-HJ150-9曲轴;6个/件;曲轴;个;15000
QZ00099;"SV-TVS180 VILBREQUIN 	 SV-TVS180曲轴";6只/件;曲轴;只;17000
QZ00102;SV-YBR125-VILBREQUIN-17T/SV-YBR125曲轴17齿-F28;6只/件;曲轴;只;17000
QZ00134;"HC-CG125 VILBREQUIN 	 HC-CG125曲轴";6个/件;曲轴;个;6500
QZ00135;HC-ALOBA VILBREQUIN  HC-ALOBA曲轴;6个/件;曲轴;个;6500
QZ00136;"HC-CG150 VILBREQUIN 	 HC-CG150曲轴";6个/件;曲轴;个;6500
SBKG001;EV-ALOBA-POIGNET-CPLT/ALOBA左右手把开关;50付/件;手把开关;付;2396
SBKG002;YX-ALOBA-POIGNET DROITE/ALOBA单右手把开关;100只/件;手把开关;只;1400
SBKG003;YX-ALOBA-POIGNET CPT/ALOBA左右手把开关;50付/件;手把开关;付;2500
SBKG007;YX-GN125-POIGNET CPT(PIT SL)/YX-GN125左右手把开关-小插SL;50付/件;手把开关;付;2200
SBKG008;YX-GN125-POIGNET CPT (GRAND AP)  /YX-GN125左右手把开关-大插AP;50付/件;手把开关;付;2200
SBKG011;YX-AP200-POIGNET CPT/AP200左右手把开关;50付/件;手把开关;付;2500
SBKG015;YX-X-1-POIGNET CPT/YX-X-1左右手把开关;50付/件;手把开关;付;1900
SBKG016;YX-X-1-POIGNET DROIT/YX-X-1单右手把开关;100个/件;手把开关;个;1000
SBKG022;EV-GN125-POIGNET-CPLT(PET SL) /EV-GN125左右手把开关-小插SL;50付/件;手把开关;付;2100
SBKG027;GN125-GUIDON/GN125方向把;30只/件;手把开关;只;1400
SBKG029;YX-GN125-CAOUCHOUC POIGNET/GN125左右手把胶;250付/件;手把开关;付;250
SBKG032;EV-SY125-8 MANETTE+SUPORT  EV-SY125-8离合手柄+镜座;100个/件;EV;个;750
SBKG040;EV-ALOBA MANETTE+SUPORT  EV-ALOBA离合手柄+镜座;100个/件;EV;个;650
SBKG047;YX-SY125-8-POIGNET CPT/SY125-8左右手把开关;50付/件;手把开关;付;2500
SBKG048;EV-SY125-16-POIGNET CPT/EV-SY125-16左右手把开关;50付/件;手把开关;付;2750
SBKG069;YX-GN125-MANETTE EMBRAYAGE SIMPLE /YX-GN125离合手柄;200个/件;手把开关;个;200
SBKG082;EV-CGL-CAOUTCHOUC  POIGNET DROIT /EV-CGL左右手把开关;50付/件;手把开关;付;2000
SBKG085;YX-SY125-10-POIGNET CPT /YX-SY125-10左右手把开关;50付/件;手把开关;付;1800
SBKG095;AP150-20 GUIDON/AP150-20方向把;30个/件;三轮车铁件传动轴后桥;个;2300
SBKG101;YX-ALOBA-MANETTE+SUPPORT/ ALOBA离合手柄+镜座;100套/件;手把开关;套;650
SBKG111;CG125 GUIDON  CG125方向把（2.0厚-5级电镀）;30个/件;方向柱;个;1400
SBKG119;YX-CG125-MANETTE SIMPLE /YX-CG125离合手柄;200只/件;手把开关;个;200
SBKG120;YX-SY125-10-MANETTE+SUPORT/YX-SY125-10离合手柄+镜座;100付/件;手把开关;付;700
SBKG121;YX-HJ125-8-POIGNET CPLT /HJ125-8左右手把开关;50付/件;HJ125-8;付;2600
SBKG124;YX-AP150-20-POIGNET CPT/ AP150-20左右手把开关;50付/件;手把开关;付;2000
SBKG138;YX-SY125-8-MANETTE+SUPORT/SY125-8离合手柄+镜座;100付/件;手把开关;套;750
SBKG142;YX-CD110-POIGNET-CPLT(POWEK) /YX-POWEK左右手把开关;50付/件;手把开关;付;1800
SBKG146;"YX-NEO125 POIGNET-CPLT 	 YX-NEO125左右手把开关";50个/件;手把开关;个;4000
SBKG155;QX-3001 CAOUCHOUT-POIGNET QX-3001左右手把胶-杂色;40付/件;手把开关;付;750
SBKG156;QX-3002 CAOUCHOUT-POIGNET /QX-3002左右手把胶-杂色;40付/件;手把开关;付;650
SBKG177;SV-NEO125-POIGNET CPT/SV-NEO125左右手把开关;50付/件;手把开关;付;8000
SBKG178;YX-SY125-8-POIGNET DROITE/YX-SY125-8单右手把开关;100只/件;手把开关;只;1125
SBKG181;MOUSSE DE POIGNET PIQUANT/左右手把胶套+摇臂胶套（混色）;300付/件;碟刹皮;付;250
SBKG188;YX-RY150ZK\POIGNET-CPLT/YX-RY150ZK 左右手把开关;50套/件;手把开关;套;2500
SBKG189;GUIDONX-1/X-1方向把;30只/件;方向柱;只;
SCTB004;YX-CD110-FREIN-A-PIED /CD110刹车踏板;50个/件;刹车踏板;个;800
SCTB014;EV-KTM X-1-FREIN-A-PIED+AXE /EV-X-1刹车踏板;50只/件;刹车踏板;支;800
SCTB020;YX-GN125-FREIN-A-PIED /YX-GN125刹车踏板+轴套;50套/件;刹车踏板;套;850
SCTB021;YX-ALOBA-FREIN-A-PIED /YX-ALOBA刹车踏板+轴套;50套/件;刹车踏板;套;850
SCTB024;EV-CGL FREIN A PIED /EV-CGL刹车踏板;50支/件;刹车踏板;支;850
SCTB025;YX-X-1-FREIN-A-PIED /YX-X-1刹车踏板;50支/件;刹车踏板;支;800
SCTB027;EV-ALOBA-FREIN-A-PIED+AXE /EV-ALOBA刹车踏板+轴套;50支/件;刹车踏板;支;775
SCTB030;YX-CG125FREIN-A-PIED YX-CG125刹车踏板-大踏板;50只/件;刹车踏板;只;850
SCTB033;YX-AP150-20-FREIN A PIED /YX-AP150-20刹车踏板;50只/件;刹车踏板;只;1500
SCTB037;GN125-FREIN-A-PIED+AXE/M-GN125刹车踏板+轴套;50只/件;刹车踏板;只;
SCTB038;ALOBA-FREIN-A-PIED+AXE/M-ALOBA刹车踏板+轴套;50只/件;刹车踏板;只;
SCTB040;EV-GN125-FREIN-A-PIED+AXE /EV-GN125刹车踏板+轴套;50支/件;刹车踏板;支;850
SCTB044;X-1-FREIN-A-PIED/M-X-1刹车踏板;50只/件;刹车踏板;只;
SCTB045;CD110-FREIN-A-PIED/M-CD110刹车踏板（POWEK状态);50支/件;刹车踏板;支;
SCTK002;YX-AP150-FERADO/YX-AP150刹车蹄块-180;40付/件;刹车蹄块;付;1300
SCTK003;YX-YBR125-FERADO/YX-YBR125刹车蹄块;80付/件;刹车蹄块;付;1100
SCTK005;YX-GN125-FERADO/YX-GN125刹车蹄块;80付/件;刹车蹄块;付;700
SCTK006;EV-GN125-FERADO/EV-GN125刹车蹄块;80付/件;刹车蹄块;付;850
SCTK012;YX-AP200-FERADO/YX-AP200刹车蹄块-220;40付/件;刹车蹄块;付;1600
SCTK013;YX-CD110-FERADO /YX-CD110刹车蹄块;100付/件;刹车蹄块;付;600
SCTK014;EV-CD110-FERADO/EV-CD110刹车蹄块;100付/件;刹车蹄块;付;700
SCTK027;EV-CG125-FERADO/EV-CG125刹车蹄块;100付/件;刹车蹄块;付;650
SCTK028;YX-CG125-FERADO/YX-CG125刹车蹄块;100付/件;刹车蹄块;付;550
SCTK031;SV-GN125-FERADO/SV-GN125刹车蹄块;80付/件;刹车蹄块;付;1000
SCTK042;HC-CD110-FERADO/HC-CD110刹车蹄块;100个/件;刹车蹄块;个;450
SCTK043;HC-GN125-FERADO/HC-GN125刹车蹄块;100个/件;刹车蹄块;个;550
SJ00001;YX-GN125-CLE SIMPLE / GN125电门锁;100个/件;锁具;个;800
SJ00002;YX-GN125-CLE /CPT /GN125套锁;50套/件;锁具;套;2000
SJ00004;EV-GN125-CLE-SIMPLE  GN125电门锁;100个/件;锁具;个;800
SJ00005;YX-CG125-CLE-CPT /CG125套锁;50套/件;锁具;套;1500
SJ00006;YX-CG125-CLE SIMPLE /CG125电门锁;100个/件;锁具;个;500
SJ00008;"EV-CG125 CLE-SIMPLE 	 EV-CG125电门锁";100个/件;锁具;个;550
SJ00042;YX-ALOBA-CLE SIMPLE /ALOBA电门锁;100个/件;锁具;个;850
SJ00044;EV-GN125 COUVERTUR RESERVOIR  EV-GN125油箱锁盖;100个/件;锁具;个;750
SJ00055;YX-AP200-CLE CPT /AP200套锁(二锁);50套/件;锁具;套;3000
SJ00056;YX-ALOBA-CLE CPT /ALOBA套锁;50套/件;锁具;套;2500
SJ00068;"EV-X-1 CLE-SIMPLE 	 EV-X-1电门锁（锌）";50个/件;锁具;个;1600
SJ00069;YX-X-1CLE SIMPLE /YX-X-1电门锁（锌）;50套/加;锁具;套;1600
SJ00071;YX-X-1-CLE CPT /X-1套锁（锌）;50套/件;锁具;套;2000
SJ00088;YX-AP175-CLE CPT /AP175套锁;50套/件;锁具;套;3000
SJ00093;YX-CG125-COUVERTUE RESERVOIR CG125油箱锁盖;100只/件;锁具;只;850
SJ00095;YX-HJ125-8-CLE-SIMPLE HJ125-8电门锁;50个/件;HJ125-8;个;2000
SJ00099;YX-AP150-20-CLE CPT /AP150-20套锁;50套/件;锁具;套;2000
SJ00102;EV-X-1-CLE COMPLET NOUVEAU/EV-X-1套锁（锌）-C型槽钥匙;50付/件;锁具;付;2300
SJ00103;YX-X-1-CLE-CPT NOVO  X-1套锁（锌）-C型槽钥匙;50套/件;锁具;套;2100
SJ00109;YX-AP150-20CLE-SIMPLE/ AP150-20电门锁;100只/件;锁具;只;550
SJ00112;YX-TVS180-CLE-CPT /TVS180套锁;50套/件;锁具;套;4500
SJ00113;YX-NEO125-CLE COMPLET/YX-NEO125套锁;50套/件;锁具;套;3000
SJ00127;SV-X-CLE-CPT SV-X-1套锁（锌）;50套/件;锁具;套;3500
SJ00136;SV-TVS180 CLE-CPT SV-TVS180套锁;50套/件;锁具;套;7000
SJ00138;SV-HJ150-9 CLE-CPT SV-HJ150-9套锁;30套/件;锁具;套;7500
SJ00139;SV-HJ125-8 CLE-CPT SV-HJ125-8套锁;50套/件;锁具;套;5000
SJ00148;SV-YBR125 CLE-SIMPLE SV-YBR125电门锁;50套/件;锁具;套;3000
SJ00156;YX-ALOBA CLE-SIMPLE YX-ALOBA电门锁;100只/件;锁具;只;800
SJ00161;EV-ALOBA-CLE-SIMPLE/EV-ALOBA电门锁;100个/件;锁具;个;800
SJ00162;YX-KTM-AMI CLE-CPT YX-KTM-AMI套锁;50套/件;锁具;套;3000
SJ00163;YX-RY150-12 CLE-CPT  /YX-RY150-12套锁;50套/件;锁具;套;4000
SJ00164;YX-RY-150-36  CLE-CPT/YX-RY150-36套锁;50套/件;锁具;套;3000
SLC0009;AP200-PONT COMPLET(5T)AP200长安220外悬浮5孔后桥（1.25M）;1根/件;三轮车铁件传动轴后桥;根;75000
SLC0012;YX-AP150 PION13 /YX-13角齿;50个/件;三轮车铁件传动轴后桥;个;1300
SLC0022;AP200 ARBRE LONG(720)  /AP200水冷长半轴-加力王外悬-720;5个/件;三轮车铁件传动轴后桥;个;5500
SLC0022（停用）;AP200-AXE PONT LONG(720)  /AP200水冷长半轴-加力王外悬-720;5个/件;三轮车铁件传动轴后桥;个;5500
SLC0028;AP200-AXE DU PONT COURT( 500)  /AP200水冷短半轴-加力王外悬-500;5只/件;三轮车铁件传动轴后桥;只;5500
SLC0028（停用）;AP200-AXE DU PONT COURT( 500)  /AP200水冷短半轴-加力王外悬-500;5只/件;三轮车铁件传动轴后桥;只;5500
SLC0037;AP200-RADIATEUR COMPLET/AP200水箱-散热器;5个/件;三轮车铁件传动轴后桥;个;15000
SLC0046;YX-AP150-PION 12 /YX-12角齿;50只/件;三轮车铁件传动轴后桥;只;1300
SLC0049;AP200-TAMBOUT MAYOU AV/AP200前轮刹车鼓-互换器-5孔;8套/件;三轮车铁件传动轴后桥;套;4599
SLC0053;AP200 ETOILE CLOIXON 20*55/YX-万向节22*55;200个/件;三轮车铁件传动轴后桥;个;750
SLC0066;AP200-ETILE CLOISON(20*55)/YX-万向节20*55;200个/件;三轮车铁件传动轴后桥;个;750
SLC0068;YX-AP200 PION 37 YX-37盆齿-瑞克款;20只/件;三轮车铁件传动轴后桥;只;3750
SLC0071;AP175-VENTILO/ AP175风扇;10个/件;三轮车铁件传动轴后桥;个;7000
SLC0073;YX-AP150-20-ECROU+CHAPO /AP150-20刹车锅螺栓+螺帽;100个/件;刹车踏板;个;400
SLC0091;YX-AP150-20 PION DE PONT COMPLET(13:37) /长安压包齿总成-13:37齿;8套/件;三轮车铁件传动轴后桥;套;5500
SLC0095;AP150-20-PONT CPT+CALBOTAGE/ AP150后桥5孔180+加力器;1套/件;三轮车铁件传动轴后桥;套;115000
SLC0097;AP150-20-TAMBOUT 5T-180 AP150-20刹车锅5T-全悬浮-180;6个/件;三轮车铁件传动轴后桥;个;3800
SLC0098;AP200-LAME 7P /AP200弹簧板-7层;1付/件;三轮车铁件传动轴后桥;付;24000
SLC0103;YX-AP200POMPE A EUO/YX-AP200水泵总成;100套/件;机油杯、机油泵、油开关、油浮子、油门胶;个;2000
SLC0105;AP175 ABRE LONG /AP175半轴-长-715;5只/件;三轮车铁件传动轴后桥;只;5500
SLC0105（停用）;AP175-AXE 715 LONG /AP175半轴-长-715;5只/件;三轮车铁件传动轴后桥;只;5500
SLC0106;AP175 ABRE COURT  /AP175半轴-短-475;5只/件;三轮车铁件传动轴后桥;只;5500
SLC0106（停用）;AP175-AXE 475 COURT /AP175半轴-短-475;5只/件;三轮车铁件传动轴后桥;只;5500
SLC0107;YX-AP150-BOITE MACHE AR /YX-AP150倒挡器-带油位镜-铁灰色-粗接头;4个/件;三轮车铁件传动轴后桥;个;11500
SLC0110;AP200-RATIATEUR+VENTILO /AP200万虎水箱（散热器）+风扇;5套./件;三轮车铁件传动轴后桥;套;22000
SLC0112;AP150-SUPPORT ROULEMENT 6007 /轴承室6007总成;10个/件;三轮车铁件传动轴后桥;个;2905
SLC0114;AP200-SUPPORT ROULEMENT 6009 /轴承室6009总成;10个/件;三轮车铁件传动轴后桥;个;4781
SLC0115;AP150-20-DEMI-PONT SIMPLE 4*4/ AP150-20大压包（配加力器状态）-轴承6008;2套/件;三轮车铁件传动轴后桥;个;16000
SLC0118;PORTE PATIN CPT AV/AP150-20前刹车鼓盖总成;10个/件;刹车蹄块;个;4500
SLC0119;AP150-CLOISON GRAND AP150倒档器大接手-细轴;40个/件;三轮车铁件传动轴后桥;个;1430
SLC0121;AP150-20-DEMI PONT COMPLET(6008) / AP150-20压包-长安压包-轴承6008;2个/件;三轮车铁件传动轴后桥;个;16000
SLC0123;AP200-GRD-CLOIXON 20*55 AP200三轮车后接手-方头20*55;30个/件;三轮车铁件传动轴后桥;个;2000
SLC0124;AP150-CLOISON ARR PIT AP150三轮车后接手-大圆头;30个/件;三轮车铁件传动轴后桥;个;1800
SLC0126;YX-AP150-PION 38 /YX-38盆齿-立新款;20个/件;三轮车铁件传动轴后桥;个;2750
SLC0129;AP200-TAMBOUT 5T 220 / 220刹车锅-5孔全悬;6个/件;三轮车铁件传动轴后桥;个;4500
SLC0130;AP150-JANTE 4T 4.50-12三轮车钢圈4孔4.50-12;5个/件;三轮车铁件传动轴后桥;个;6000
SLC0131;AP150-JANTE 5T 4.50-12/三轮车钢圈5孔4.50-12;6个/件;三轮车铁件传动轴后桥;个;5000
SLC0132;AP150-20-DEMI PONT COMPLET 4*4 /AP150-20加力器总成（带压包）;1套/件;三轮车铁件传动轴后桥;套;50000
SLC0137;AP150-20 LAMME DE RESSORT (6TIGES)/ AP150-20弹簧板-6片;1付/件;三轮车铁件传动轴后桥;付;23000
SLC0138;AP 200 JANTE BLANC 5T /5.00-12三轮车钢圈5孔5.00-12;5个/件;三轮车铁件传动轴后桥;个;5250
SLC0139;AP200-RATIATEUR AP200水箱-副水箱;10个/件;三轮车铁件传动轴后桥;个;4000
SLC0140;11DENT MARCHE ARRIER 倒挡器主动齿-11齿;100个/件;大小齿;个;800
SLC0141;12DENT MARCHE ARRIER 倒挡器主动齿-12齿;100个/件;大小齿;个;800
SLC0142;13DENT MARCHE ARRIER/ 倒挡器主动齿-13齿;100个/件;大小齿;个;800
SLC0143;AP150-20-PONT 13 CALBOTAGE AP150-20加力器角齿-13齿;50只/件;三轮车铁件传动轴后桥;只;1800
SLC0154;AP175-PONT CPT + CALBOTAGE /AP175后桥-全悬带加力器;1套/件;三轮车铁件传动轴后桥;套;115000
SLC0155;AP175 LAMME RESSORT (6)/AP175弹簧板-6片;1付/件;三轮车铁件传动轴后桥;付;22000
SLC0156;YX-AP175 37 PIONT-13 COMPLET/YX-13:37精工瑞克款盆角齿;15套/件;三轮车铁件传动轴后桥;套;5500
SLC0159;AP150-20 ARBRE LONG/AP150-20半轴-长-6008全悬-665;5只/件;三轮车铁件传动轴后桥;个;5500
SLC0160;AP150-20-AXE COURT 425/AP150-20半轴-短-6008全悬-425;5只/件;三轮车铁件传动轴后桥;个;5000
SLC0161;YX-AP175-PION-13 YX-精工瑞克款角齿-13;50个/件;三轮车铁件传动轴后桥;个;1800
SLC0167;AP150-20A LAME-5P /AP150-20A弹簧板-5层;1付/件;三轮车铁件传动轴后桥;付;23500
SLC0168（停用）;AP175-LAME-6P/YX-AP175弹簧板-6片;1付/件;弹簧、螺丝、支架;付;22500
SLC0169;ROYAL-VENTILO/ROYAL三轮车风扇;20只/件;三轮车铁件传动轴后桥;只;6000
SLC0170;YX-AP200 BOITE-MARCH-AR-ZS /YX-AP200倒挡器;4只/件;其他;只;14000
SLC0171;AP150-20- DEMI -PONT CARBOTAGE（4*4)加力器上箱体总成;2只/件;三轮车铁件传动轴后桥;只;35000
SLC0172;AP150-20ZK-LAME/AP150-20ZK弹簧板;1付/件;弹簧、螺丝、支架;付;18000
SLC0174;AP150-20ZK ROYAL TAMBOUT FERADO/AP150-20ZK刹车锅;6个/件;三轮车铁件传动轴后桥;个;3500
SLC0174（停用2）;AP150-20ZK ROYAL TAMBOUT FERADO/AP150-20ZK刹车锅(停用2）;8个/件;三轮车铁件传动轴后桥;只;3500
SLC0176;YX-AP150-20ZK-COMPTEUR/YX-AP150-20ZK仪表;20个/件;仪表;个;5500
SLC0177;YX-AP150-20ZK-POIGNET CPT/YX-AP150-20ZK左右手把开关;50付/件;手把开关;付;2500
SLC0178;AP150-20ZK ROYAL PHARE/AP150-20ZK大灯;25个/件;灯具;只;3500
SLC0179;AP150-20ZK-RETROVISEUR/AP150-20ZK后视镜;50付/件;后视镜;付;1000
SLC0184;AP200-CALBOTAGE-COMPLET(11:37)/AP200加力器总成（11角齿：37盆齿）;1套/件;其他;套;50000
SLC0185;AP150-20SUPPORT AV ROULEMT6008/AP150-20轴承室6008总成;15个/件;三轮车铁件传动轴后桥;个;4000
SLC0186;YX-AP150-20-PION DE ATTAQUE 11T+ROULEMENT30204 /YX-AP150-20加力器角齿-11齿+30204轴承;50个/件;大小齿;个;2000
SLC0187;YX-AP150-20-PION DE ATTAQUE 13T+ROULEMENT30204/YX-AP150-20加力器角齿-13齿+30204轴承;50个/件;大小齿;个;2000
SLC0188;AP200 GRAND GODE/ AP200倒挡器大接手-粗轴20*55;30个/件;三轮车铁件传动轴后桥;个;1800
SLC0190;YX-AP150-20-REGLAGE DE FREIN/YX-AP150-20刹车摇臂;100付/件;三轮车铁件传动轴后桥;付;450
SLC0191;YX-AP200-REGLAGE DE FREIN/YX-AP200刹车摇臂;100付/件;三轮车铁件传动轴后桥;付;500
SLC0192;AP200-TIGE DE FREIN LONG/AP200刹车拉杆-长;100个/件;主副轴、启动轴、刹车拉杆;个;650
SLC0193;AP200-TIGE DE FREIN COURT/AP200刹车拉杆-短;100个/件;主副轴、启动轴、刹车拉杆;个;600
SLC0194;AP150-20-BREDOUILLE DE LAMME/AP150-20弹簧板U型锁具总成;50个/件;弹簧、螺丝、支架;个;1500
SLC0195;"AP200-LAME DE RESSORT	 AP200弹簧板弹簧";25只/件;弹簧、螺丝、支架;只;1250
SLC0196;RY200ZH-4DEMI PONT COMPLET  10：31 RY200ZH-4加力器压包总成10：31;1套/件;三轮车铁件传动轴后桥;套;55000
SLC0197;AP150-20-SUPPORT DE LAMME/AP150-20弹簧板挂耳;50个/件;三轮车铁件传动轴后桥;个;1500
SLC0198;AP200-SUPPORT DE LAMME/AP200弹簧板挂耳;50个/件;三轮车铁件传动轴后桥;个;1500
SLC0199;RY200-PION DE ATTAQUE COMPLET 13T/RY200角齿13总成;20套/件;大小齿;套;4000
SLC0200;AP150-20-TAMBOUT+FERADO COMPLET/AP150-20刹车蹄块总成（带刹车盘）;10套/件;三轮车铁件传动轴后桥;套;3500
SLC0201;AP200 TAMBOURT FERADO COMPLET/AP200刹车蹄块总成（带刹车盘）;10只/件;三轮车铁件传动轴后桥;只;4000
SLC0202;AP150-20-CAOUTCHOUC DE LAME/AP150-20弹簧板缓冲体块;500个/件;三轮车铁件传动轴后桥;个;100
SLC0203;YX-RESSORT DE MOTEUR YX-三轮车发动机缓冲胶;100个/件;三轮车铁件传动轴后桥;个;600
SLC0204;AP200加力器总成11:37齿;1套/件;离合器总成;套;50000
SLC0217;AP150-20 CROCHET/AP150-20车厢锁扣-带胶垫;50只/件;锁具;只;750
SXB0001;YX-GN125-HYDROLIQUE /SIMPLE GN125前刹上泵;50个/件;上下泵;个;1500
SXB0002;EV-GN125-HYDROLIQUE  GN125前刹上泵;50个/件;上下泵;个;1500
SXB0011;YX-ALOBA-HYDROLIQUE SIMPLE /ALOBA前刹上泵;50个/件;上下泵;个;1800
SXB0012;YX-ALOBA-HYDROLIQUE CPT /ALOBA前刹上下泵总成;10套/件;上下泵;套;6000
SXB0022;EV -CD110 KTM110-HYDROLIQUE SIMPLE/EV-CD110前刹上泵;50只/件;上下泵;只;1492
SXB0027;X-1-HYDROLIQUE SIMPLE/ X-1前刹上泵;50个/件;上下泵;个;1800
SXB0032;YX-GN125-PORT FERADO AV/ GN125前刹下泵;50个/件;上下泵;个;4000
SXB0042;YX-SY125-8-HYDROLIQUE  /YX-SY125-8前刹上泵;50个/件;上下泵;个;1500
SXB0045;YX-ALOBA前刹下泵;30只/件;上下泵;个;
SXB0046;YX-X-1前刹下泵;30只/件;上下泵;只;
SXYB002;YX-CD110-RAMPS  /YX-CD110摇臂-LJ110;100付/件;摇臂;付;650
SXYB008;YX-CG125-RAMPS CG125下摇臂;100付/件;摇臂;付;900
SXYB013;YX-GN125-REGLAGE EMBRAYAGE /GN125离合摇臂2槽+胶圈;200付/件;摇臂;付;300
SXYB019;YX-CG125-CULBITEUR /CG125上摇臂;50只/件;摇臂;套;1250
SXYB023;YX-CD110-RAMPS+AXE /YX-CD110摇臂+轴-LJ110;100付/件;摇臂;付;750
SXYB026;YX-CG200-CULBITEUR CG200上摇臂-铸铁;50只/件;摇臂;只;1800
SXYB036;YX-TVS180-RAMPS /TVS180摇臂;100付/件;摇臂;付;3000
SXYB040;YX-SY125-8-RAMPS/SY125-8下摇臂-轴承状态;100付/件;摇臂;付;2000
SXYB041;SV HJ150-9 RAMPS /SV-HJ150-9摇臂;100个/件;摇臂;个;3500
SXYB042;SV-TVS180 RAMPS  /SV-TVS180摇臂;100付/件;摇臂;付;2500
SXZD010;YX-AP200-JOINT DE CYLINDRE+CULASSE /YX-AP200上下垫;500个/件;纸垫;个;350
SXZD025;YX-CG125-JOINT PORCHETTE/YX-CG125全车垫;200套/件;纸垫;套;400
SXZD026;YX-CD110-JOINT PORCHETTE/YX-CD110全车垫-LJ110;200套/件;纸垫;套;400
SXZD044;EV-CG125-JOINT PORCHETT/EV-CG125全车垫;200套/件;纸垫;套;400
SXZD049;EV-AP200-JOINT PORCHETTE/EV-AP200全车纸垫-水冷;200套/件;纸垫;套;600
SXZD056;YX-CG150-JOINT PORCHETTE/YX-CG150全车垫;200套/件;纸垫;套;400
SXZD057;EV-CG150-JOINT PORCHETTE/EV-CG150全车垫;200套/件;纸垫;套;400
SXZD059;YX-SPARK-JOINT PORCHETTE/YX-SPARK全车垫;200套/件;纸垫;套;500
SXZD093;YX-CG125-JOINT DE BOBINE/YX-CG125左边盖纸垫;5000个/件;纸垫;付;50
SXZD106;YX-CG125-JOINT CYLINDRE/YX-CG125汽缸垫;5000个/件;纸垫;付;40
SXZD156;YX-CG125-JOINT EMBRAYAGE/YX-CG125右边盖纸垫;3000只/件;纸垫;只;70
SXZD157;YX-AP200-JOINT PORCHETTE/YX-AP200全车垫;250套/件;纸垫;支;600
SXZD180;YX-JY110-JOINT PORCHETTE/YX-JY110全车垫;200套/件;纸垫;套;400
SXZD181;YX-150-JOINT CYLINDRE YX-CG150汽缸垫;5000个/件;纸垫;付;40
SXZD193;YX-CG200-JOINT PORCHETTE/YX-CG200全车垫;200个/件;纸垫;个;600
TG00003;EV-CD110-CYLINDRE/EV-CD110套缸-铁;8套/件;套缸;套;5250
TG00004;YX-CD110-CYLINDRE-FER/YX-CD110套缸-铁;8套/件;套缸;套;4700
TG00009;EV-ALOBA-CYLINDRE-/EV-ALOBA套缸-亚黑;12套/件;套缸;套;6250
TG00010;YX-ALOBA-CYLINDRE-CPLT/YX-ALOBA套缸-亚黑;12套/件;套缸;套;6000
TG00012;YX-CG150-CYLINDRE-CPLT-ALU /YX-CG150套缸;12套/件;套缸;套;6500
TG00013;EV-CG125-CYLINDRE-CPLT  /EV-CG125套缸;12套/件;套缸;套;6155
TG00014;YX-CG125-CYLINDRE-CPLT /YX-CG125套缸;12套/件;套缸;套;6000
TG00023;YX-YOROBO-CYLINDRE-CPLT /YX-YOROBO套缸亚黑;12套/件;套缸;套;7000
TG00024;YX-YBR125-CYLINDRE /YBR125套缸;12套/件;YBR配件;套;7000
TG00031;YX-TVS160-CYLINDRE-CPLT YX-TVS160套缸-黑漆-铝;12套/件;套缸;套;10500
TG00035;YX-AP200-CYLINDRE-CPLT /YX-AP200套缸(水冷）;8只/件;套缸;只;8500
TG00044;YX-TVS180-CYLINDRE-CPLT /YX-TVS180套缸;12套/件;套缸;套;11000
TG00045;YX-AP175-CYLINDRE-CPLT /YX-AP175套缸;12套/件;套缸;套;7000
TG00050;YX-CG200-CYLINDRE-CPLT/ YX-CG200套缸;12只/件;套缸;只;7500
TG00051;YX-AP150-20-CYLINDRE-CPLT/YX-AP150-20套缸;12套/件;套缸;套;6100
TG00055;UFC-CD110 CYLINDRE-CPLT-EN-FER / UFC-CD110套缸-铁;8套/件;套缸;套;5250
TG00058;UFC-CD110 CYLINDRE-CPLT-ALU /UFC-CD110套缸-铝;12套/件;套缸;套;5750
TG00064;EV-AP150-20-CYLINDRE-CPLT-ALU /EV-AP150-20套缸;12套/件;套缸;套;6500
TG00081;YX-CD110CYLINDRE-CPLT-FER (49CM)/CD110套缸-铁-49CM;8套/件;套缸;套;4700
TG00082;YX-HJ125-8-CYLINDRE/ YX-HJ125-8套缸;12套/件;套缸;套;6500
TG00088;SV-CG150-CYLINDRE-CPLT-ALU / SV-CG150套缸-精装;12套/件;套缸;套;8000
TG00106;CD110-CYLINDRE-CPLT-FER/M-CD110套缸-铁;8套/件;套缸;套;
TG00107;YX-SY125-8-CYLINDRE-CPLT /YX-SY125-8套缸-金色;12套/件;套缸;套;6500
TG00108;EV-SY125-8CYLINDRE-CPLT-ALU  EV-SY125-8套缸-金色;12套/件;套缸;套;6500
TG00112;YX-NEO125-CYLINDRE/ NEO125套缸;12套/件;套缸;套;7500
TG00124;SV-CD110-CYLINDRE-CPLT-FER /SV-CD110套缸-铁-精装;8套/件;套缸;套;6500
TG00133;SV-CG125-CYLINDRE/SV-CG125套缸-精装;12套/件;套缸;套;7500
TG00134;SV-ALOBA-CYLINDRE/SV-ALOBA套缸-亚黑-动力王125-精装;12套/件;套缸;套;8000
TG00135;SV-TVS180 CYLINDRE-CPLT-ALU SV-TVS180套缸-铝-精装;12套/件;套缸;套;11000
TG00136;SV-YBR125 CYLINDRE-CPLT-ALU /SV-YBR125套缸-铝-精装;12套/件;套缸;套;9000
TG00137;SV-AP150-20 CYLINDRE/ SV-AP150-20套缸-LX150 灰色;12套/件;套缸;套;8500
TG00140;YX-ALOBA-CYLINDRE+RAMPS/YX-ALOBA套缸+摇臂;12套/件;套缸;套;
TG00141;YX-Z-ONE170 CYLINDRE-CPLT-ALU YX-Z-ONE170套缸;12套/件;套缸;套;8000
TG00227;"SV-UH115S CYLINDRE-CPLT-ALU 	 SV-UH115S套缸";12套/件;套缸;套;12000
TG00240;YX-DR190 Cylinder kit  YX-DR190套缸;12套/件;套缸;套;14000
TL00001;YX-CG125-ARBRE A CAM /CG125凸轮-凸轮三件套;50套/件;凸轮;套;2100
TL00002;EV-CG125-ARBRE-A-CAME/EV-CG125凸轮-凸轮三件套;50个套件;凸轮;套;2250
TL00012;EV-CD110-ARBR A CAME-LONG  CD110凸轮-长;100个/件;凸轮;个;1045
TL00014;YX-AP200-PION DE DEMARREU/YX-AP200马达齿（双连齿）;50套/件;马达;个;1400
TL00019;YX-CD110-ARBRE A CAME /CD110凸轮-长-LJ110;100个/件;凸轮;个;1250
TL00031;SV-CG125-ARBRE A CAME /CG125凸轮-凸轮三件套;50套/件;凸轮;套;3250
TL00033;CG125-ARBRE-A-CAM/M-CG125凸轮-凸轮三件套;50套/件;凸轮;套;
TL00037;YX-TVS180-ARBRE-A-CAM /YX-TVS180凸轮;100只/件;凸轮;只;3000
TL00045;SV-TVS180 ARBRE-A-CAM /SV-TVS180凸轮;100只/件;凸轮;只;5000
TL00061;EV-TVS160-TRANSMISSION /EV-TVS160套链+螺栓-428-132L/44T/13T;12套/件;套链;套;3750
TL00062;YX-CHAINE-428-130L YX-428-130L单链条;25条/件;链条;条;1600
TL00063;YX-CG125-TRANSMISSION+ECROU /YX-CG125套链-螺栓-428-108L/38T/15T;12套/件;套链;套;2900
TL00073;YX-CHAINE 428H-116L/YX-单链条 428H-116L;25条/件;套链;条;1500
TL00076;HC-CHAINE-428-116L/HC-428-116L单链条;25条/件;链条;条;1250
TL00080;EV-TVS180-TRANSMISSION /EV-TVS180套链+大小齿螺栓锁片428-132L/46T4花孔/14T;12套/件;套链;套;3500
TL00090;EV-TRANSMISSION PVC EV-PVCCGL套链+大齿螺栓-428-116L/41T4花孔/15T;10付/件;套链;付;3200
TL00102;UFC-X-1-TRANSMISSON+ECROU/UFC-X-1套链+螺栓-428-108L/38T/14T;12套/件;套链;套;3200
TL00106;YX-TVS-160TRANSMISSION+ECROU /YX-TVS160套链+螺栓-428-132L/44T/13T;12套/件;套链;套;4250
TL00107;EV-GN125 TRANSMISSION+ECROU  EV-GN125套链-凸-428-116L/42T4花孔/15T;12套/件;EV;套;3000
TL00109;YX-CGL-TRANSMISSION+ECROU /YX-CGL套链+螺栓-428-116L/41T/15T;12套/件;套链;套;3150
TL00109-1;YX-CGL-TRANSMISSION(SANS ECROU)/YX-CGL套链-428-116L/41T/15T(不带螺栓）;12套/件;套链;套;3050
TL00119;YX-CD110-TRANSMISSION+ECROU/YX-CD110套链+螺栓-428-108L/36T/14T;12套/件;套链;套;2750
TL00119-1;YX-CD110-TRANSMISSION(SANS ECOUR)/YX-CD110套链-428-108L/36T/14T(不带螺栓）;12套/件;套链;套;2750
TL00121;YX-HJ125-8-TRANSMISSION+ECROU/YX-HJ125-8套链+螺丝-428-116L/39T/15T;12套/件;套链;套;3000
TL00125;EV-HJ150-9TRANSMISSION 套链;12个/件;套链;个;3750
TL00136;EV-CGL TRANSMISSION 套链;12个/件;套链;个;3000
TL00139;YX-GN125TRANSMISSION+ECROU(PLAT)/GN125套链-平+大小齿螺栓 锁片;12套/件;套链;套;3000
TL00139-1;YX-GN125TRANSMISSION-PLAT(SANS ECROU)GN125套链-平锁片(不带螺栓）;12套/件;套链;套;3050
TL00140;YX-GN125-TRANSMISSION+ECROU(POMPE)/YX-GN125套链-凸+螺栓-428-116L/42T/15T;12套/件;套链;套;3000
TL00140-1;YX-GN125-TRANSMISSION-POMPE(SANS ECROU)/YX-GN125套链-凸-428-116L/不带螺栓;12套/件;套链;套;3050
TL00142;EV-GN125-TRANSMISSION-POMPE/EV-GN125套链-凸+螺栓-428-116L/42T/15T;12套/件;套链;套;3100
TL00143;YX-X-1-TRANSMISSON+(ECROU)/YX-X-1套链+螺栓-428-108L/38T/14T;12套/件;套链;套;2750
TL00143-1;YX-X-1-TRANSMISSON(SANS ECROU)/ YX-X-1套链-428-108L/38T/14T(不带螺栓）;12套/件;套链;套;2700
TL00144;EV-X-1-TRANSMISSON/EV-X-1套链+螺栓-428-108L/38T/14T;12套/件;套链;套;2900
TL00158;YX-HJ150-9-TRANSMISSION+ECROU/YX-HJ150-9套链+螺栓428-120L/45T/14T;12套/件;套链;套;3500
TL00160;YX-HJ110-3-TRANSMISSION+ECROU/YX-HJ110-3套链+螺栓-428-108L/36T/14T;12套/件;套链;套;2750
TL00173;SV-GN125-TRANSMISSION+ECROU(POMPE)/SV-GN125套链凸+螺栓-428-116L/42T/15T;12套/件;套链;套;4300
TL00177;SV-CD110-TRANSMISSION+ECROU  /SV-CD110套链+大小齿螺栓锁片-428-108L/36T4花孔/14T;12套/件;套链;套;4000
TL00182;YX-NEO125-TRANSMISSION+ECROU/YX-NEO125套链-螺栓428-114L/39T/14T;12套/件;套链;套;3200
TL00183;YX-TVS180-TRANSMISSON+ECROU /YX-TVS180套链+螺丝-428-128L/44T/13T;12套/件;套链;套;3500
TL00186;YX-GN125-TRANSMISSON+ECROU(ROUGE)  /YX-GN125套链-凸-古铜色+螺栓-428-116L/42T/15T;12套/件;套链;套;3000
TL00186-1;YX-GN125-TRANSMISSON-ROUGE(SANS ECROU)/ YX-GN125套链-凸-古铜色-428-116L/42T/15T(不带螺栓）;12套/件;套链;套;3000
TL00189;SV-X-1 TRANSMISSON+ECROU/SV-X-1套链+螺栓-428-108L/38T/14T;12套/件;套链;套;4000
TL00190;SV-CGL-TRANSMISSION+ECROU/SV-CGL套链+螺栓-428-116L/41T/15T;12套/件;套链;套;4500
TL00191;SV-NEO125-TRANSMISSION+ECROU/SV-NEO125套链+螺丝-428-114L/39T/14T;12套/箱;套链;套;4500
TL00194;GN125-TRANSMISSION/M-GN125套链-凸-428-116L/42T4花孔/15T;12套/件;套链;套;
TL00202;YX-GY200TRANSMISSION / YX-GY200套链;10套/件;套链;套;4500
TL00204;SV-TVS180-TRANSMISSION+ECROU/SV-180套链+螺丝-428-128L/44T/13T;12套/件;套链;套;4500
TL00206;CD110-TRANSMISSON/M-CD110套链-428-108L/36T4花孔/14T;12套/件;套链;套;
TL00213;YX-Z-ONE170-TRANSMISSON/YX-Z-ONE170套链428H-124L/43T/14T;12套/件;套链;套;4250
TL00215;YX-X-1-TRANSMISSON+ECROU /YX-X-1套链(CTD状态)+大小齿螺丝锁片-428-104L/37T4花孔/14T;12套/件;套链;套;2750
TL00217;X-1-TRANSMISSON/M-X-1套链+大小齿螺丝锁片-428-104L/37T4花孔/14T;12套/件;套链;套;
TL00218;HC-GN125-TRANSMISSON(POMPE)/HC-GN125套链-凸-428-116L/42T4花孔/15T;12套/件;套链;套;2500
TL00219;HC-GN125-TRANSMISSON(PLANT)/HC-GN125套链-平-428-116L/42T4花孔/15T;12套/件;套链;套;2500
TL00221;HC-X-1-TRANSMISSION/HC-X-1套链-428-104L/37T4花孔/14T;12套/件;套链;套;2400
TL00222;HC-CD110-TRANSMISSION/HC-CD110套链-428-108L/36T4花孔/14T;12套/件;套链;套;2400
TL00223;HC-CGL-TRANSMISSION/HC-CGL套链-428-116L/41T/15T;10套/件;套链;套;2500
TL00224;SV-HJ125-8 TRANSMISSION PVC  /SV-HJ125-8套链428H-114L/39T4花孔/15T-PVC;8套/件;套链;套;7000
TL00225;SV-HJ150-9 TRANSMISSION PVC /SV-HJ150-9套链428H-118L/45T4花孔/14T台阶-PVC;8套/件;套链;套;7000
TL00226;SV-HJ150-22 TRANSMISSION PVC/SV- HJ150-22套链428H-118/42T4花孔/14T台阶-PVC;8套/件;套链;套;7000
TL00227;SV-HJ110-3 TRANSMISSION PVC/ SV- HJ110-3套链428H-102L/36T4花孔/15T-PVC;8套/件;套链;套;7000
TL00228;SV-HJ-DR190S TRANSMISSION PVC/SV- HJ-DR190S套链428-132L/47T4花孔/15T-PVC;8套/件;套链;套;10000
TL00229;SV-HJ125-8 TRANSMISSON-PRMPE+ECROU SV-HJ125-8套链+大小齿螺丝-428-116L/39T4花孔/15T;12套/件;套链;套;4000
TL00230;SV-UH115S TRANSMISSON SV-UH115S套链-420-106L/36T无花孔/14T;12套/件;套链;套;4500
TL00234;SV-DR190S TRANSMISSION PVC  SV-DR190S套链428-132L/47T4花孔/15T;12套/件;套链;套;10000
TL00238;"YX-JY110 TRANSMISSION 	 YX-JY110套链+大齿螺丝-428-104L/35T4花孔/15T";12套/件;套链;套;
TL00291;SV HJ110-3 CHAINE SIMPLE 428(102 L)/SV-KMC-428HS-102L单链条;25条/件;链条;条;2500
TL00292;SV-HJ125-8-CHAINE SIMPLE 428(114L)/SV-KMC-428HS-114L单链条;25条/件;链条;条;2800
TL00293;SV HJ 150-9 CHAINE SIMPLE 428(118L)/ SV-KMC-428HS-118L单链条;25条/件;链条;条;2800
TL00294;SV DR 190 CHAINE SIMPLE 428(138L) /SV-KMC-428HS-132L单链条;25条/件;链条;条;3000
TS00002;YX-JY110-PISTON-STD++ /YX-JY110套塞STD++/49*1.0*2.0-8-10C;100个/件;套塞;个;
TS00013;YX-CD110-PISTON-STD+/YX-CD110套塞STD+LJ110/52.4*1.0*2.0;100个/件;套塞;个;1150
TS00013-1;YX-CD110-PISTON-STD+/YX-CD110套塞STD+LJ110/52.4*1.0*2.0（不配环）;100个/件;套塞;个;1150
TS00014;YX-CD110-PISTON-STD++/YX-CD110套塞STD++LJ110/52.4*1.0*2.0-8-10C;100个/件;套塞;个;1150
TS00014 -1;YX-CD110-PISTON-STD++(SENG SEGMENT)/YX-CD110套塞STD++（不配环）;100个/件;套塞;个;1150
TS00015;EV-CD110-PISTON-STD+/EV-CD110套塞STD+/52.4*1.0*2.0;100套/件;套塞;套;1150
TS00016;EV-CD110-PISTON-STD++/EV-CD110套塞STD++/52.4*1.0*2.0/8-10C;100套/件;套塞;套;1150
TS00017;YX-YBR125-PISTON-STD+/YX-YBR125套塞STD+/54*1.0*2.0;100个/件;套塞;个;1700
TS00018;YX-YBR125-PISTON-STD++/YX-YBR125套塞STD++/54*1.0*2.0/8-10C;100个/件;套塞;个;1700
TS00020;EV-YBR125-PISTON-STD++/EV-YBR125套塞STD++/54*1.0*2.0/8-10C;100个/件;套塞;个;1900
TS00021;YX-CG125-PISTON-STD+/YX-CG125套塞STD+/56.5*1.2*2.5;100个/件;套塞;个;1250
TS00021-1;YX-CG125-PISTON-STD+(SENG SEGMENT)/YX-CG125套塞STD+（不配环）;100个/件;套塞;个;1250
TS00022;YX-CG125-PISTON-STD++ /YX-CG125套塞STD++/56.5*1.2*2.5/8-10C;100个/件;套塞;个;1250
TS00023;EV-CG125-PISTON-STD+/EV-CG125套塞STD+/56.5*1.2*2.5;100套/件;套塞;套;1250
TS00024;EV-CG125-PISTON-STD++ /EV-CG125套塞STD++/56.5*1.2*2.5/8-10C;100套/件;套塞;套;1250
TS00025;YX-CG150-PISTON-STD+ /YX-CG150套塞STD+/62*1.2*2.5;100个/件;套塞;个;1350
TS00025-1;YX-CG150-PISTON-STD+(SENG SEGMENT)/YX-CG150套塞STD+（不配环）;100个/件;套塞;个;1350
TS00026;YX-CG150-PISTON-STD++/YX-CG150套塞STD++/62*1.2*2.5/8-10C;100个/件;套塞;个;1350
TS00029;YX-CG200-PISTON-STD+ /YX-CG200套塞STD+/63.5*1.0*2.5;100个/件;套塞;个;1600
TS00030;YX-CG200-PISTON-STD++ /YX-CG200套塞STD++/63.5*1.0*2.5/8-10C;100个/件;套塞;个;1600
TS00041;YX-YOROBO-PISTON-STD+/YX-YOROBO套塞STD+/;100个/件;套塞;个;1800
TS00041 -1;YX-YOROBO-PISTON-STD+(SENG SEGMENT)/YX-YOROBO套塞STD+（不配环）;100个/件;套塞;个;1800
TS00042;YX-YOROBO-PISTON-STD++/YX-YOROBO套塞STD++;100个/件;套塞;个;1800
TS00042 -1;YX-YOROBO-PISTON-STD++(SENG SEGMENT)/YX-YOROBO套塞STD++（不配环）;100个/件;套塞;个;1800
TS00049;YX-TVS160-PISTON-STD+/YX-TVS160套塞STD+/62*0.8*1.5;100个/件;套塞;个;1600
TS00050;YX-TVS160-PISTON-STD++/YX-TVS160套塞STD++/62*0.8*1.5/8-10C;100个/件;套塞;个;1600
TS00051;EV-TVS160-PISTON-STD+ /EV-TVS160套塞STD+/62*0.8*1.5;100个/件;套塞;个;1600
TS00052;EV-TVS160-PISTON-STD++ /EV-TVS160套塞STD++/62*0.8*1.5/8-10C;100个/件;套塞;个;1600
TS00053;YX-TVS180-PISTON-STD+ /YX-TVS180套塞STD+/62.5*0.8*1.5;100个/件;套塞;个;1800
TS00054;YX-TVS180-PISTON-STD++ /YX-TVS180套塞STD++/62.5*0.8*1.5/8-10C;100个/件;套塞;个;1800
TS00056;EV-TVS180-PISTON-STD++ /EV-TVS180套塞STD++/62.5*0.8*1.5/8-10C;100个/件;套塞;个;1800
TS00061;YX-NEO110-PISTON-STD+ /YX-NEO套塞STD+/53.5*1.0*2.0;100个/件;套塞;个;1500
TS00062;YX-NEO110-PISTON-STD++/YX-NEO套塞STD++/53.5*1.0*2.0/8-10C;100个/件;套塞;个;1500
TS00070;YX-AP175-PISTON-STD+ /YX-AP175套塞STD+/62*1.2*2.5;100个/件;套塞;个;1600
TS00071;YX-AP175-PISTON-STD++/YX-AP175套塞STD++/62*1.2*2.5/8-10C;100只/件;套塞;个;1600
TS00075;YX-AP200-PISTON-STD++ /YX-AP200套塞++/63.5*1.0*2.5/8-10C;100套/件;套塞;套;1600
TS00090;UFC-CG125-PISTON-STD++/UFC-CG125套塞STD++/56.5*1.2*2.5;100个/件;套塞;个;1600
TS00113;EV-ALOBA-PISTON+/红色EV-ALOBA套塞STD+;100套/件;套塞;套;1300
TS00122;UFC-ALOBA PISTON-STD+/UFC-ALOBA套塞STD+/56.5*0.8*2.0;100个/件;套塞;个;1550
TS00123;UFC-ALOBA PISTON-STD++/UFC-ALOBA套塞STD++/56.5*0.8*2.0/8-10C;100个/件;套塞;个;1550
TS00129;EV-ALOBA-PISTON-STD+ /EV-ALOBA套塞STD+/56.5*0.8*2.0;100套/件;套塞;套;1300
TS00130;EV-ALOBA-PISTON-STD++/EV-ALOBA套塞STD++/56.5*0.8*2.0/8-10C;100套/件;套塞;套;1300
TS00131;YX-ALOBA-PISTON-STD+/YX-ALOBA套塞-开窗式STD+/56.5*0.8*2.0;100套/件;套塞;套;1300
TS00131-1;YX-ALOBA-PISTON-STD+(SENG SEGMENT)/YX-ALOBA套塞STD+（不配环）;100套/件;套塞;套;1300
TS00132;YX-ALOBA-PISTON-STD++ /YX-ALOBA套塞-开窗式STD++/56.5*0.8*2.0/8-10C;100套/件;套塞;套;1300
TS00132 -1;YX-ALOBA-PISTON-STD++(SENG SEGMENT)/YX-ALOBA套塞STD++（不配环）;100套/件;套塞;套;1300
TS00137;YX-AP200-PISTON-STD+ /YX-AP200套塞+/63.5*1.0*2.5;100套/件;套塞;套;1600
TS00138;YX-HJ125-8PISTON-STD+ /YX-HJ125-8套塞STD+/56.5*1.0*1.5;100套/件;HJ125-8;套;1500
TS00139;YX-HJ125-8-PISTON-STD++ /YX-HJ125-8套塞STD++/56.5*1.0*1.5;100套/件;HJ125-8;套;1500
TS00182;YX-NEO125-PISTON+/YX-NEO125套塞STD+;100套/件;套塞;个;1700
TS00183;YX-NEO125-PISTON /YX-NEO125套塞STD++/8-10C;100套/件;套塞;个;1700
TS00186;SV-CG125-PISTON-STD+ /SV-CG125套塞STD+/56.5*1.2*2.5-精装;100套/件;套塞;套;2200
TS00187;SV-CG125-PISTON-STD++ /SV-CG125套塞STD++/56.5*1.2*2.5-精装;100套/件;套塞;套;2200
TS00188;SV-CG150-PISTON-STD+ /SV-CG150套塞STD+/62*1.2*2.5-精装;100套/件;套塞;套;2300
TS00189;SV-CG150-PISTON-STD++ /SV-CG150套塞STD++/62*1.2*2.5-精装;100套/件;套塞;套;2300
TS00196;SV-ALOBA-PISTON-STD+/SV-ALOBA套塞STD+/56.6*0.8*2.0-精装;100套/件;套塞;套;2200
TS00197;SV-ALOBA-PISTON-STD++/SV-ALOBA套塞STD++/56.6*0.8*2.0-精装;100套/件;套塞;套;2200
TS00198;SV-CD110-PISTON-STD+/SV-CD110套塞STD+/52.4*1.0*2.0-精装;100套/件;套塞;套;2250
TS00199;SV-CD110-PISTON-STD++/ SV-CD110套塞STD++/52.4*1.0*2.0-精装;100套/件;套塞;套;2250
TS00211;SV HJ150-9 PISTON-STD+ SV-HJ150-9套塞STD+/62*1.2*2.5-精装;100个/件;套塞;个;2500
TS00212;SV HJ150-9 PISTON-STD++/SV-HJ150-9套塞STD++/62*1.2*2.5-精装;100个/件;套塞;个;2500
TS00214;SV-TVS180 PISTON-STD+/ SV-TVS180套塞STD+/62.5*0.8*1.5;100个/件;套塞;个;2500
TS00215;SV-TVS180 PISTON-STD++ /SV-TVS180套塞STD++/62.5*0.8*1.5;100个/件;套塞;个;2500
TS00226;YX-CD110 PISTON-STD+/YX-CD110套塞STD+镀锡-52.4*1.0*2.0;100个/件;套塞;个;1150
TS00227;YX-CD110 PISTON-STD++/YX-CD110套塞STD++镀锡-52.4*1.0*2.0;100套/件;套塞;套;1150
TS00228;YX-CG125PISTON-STD+/CG125套塞STD+镀锡/56.5*1.2*2.5;100套/件;套塞;套;1250
TS00229;YX-CG125 PISTON-STD++YX-CG125套塞STD++镀锡/56.5*1.2*2.5;100套/件;套塞;套;1250
TS00230;YX-CG200 PISTON-STD+ YX-CG200套塞STD+镀锡/63.5*1.0*2.5;100个/件;套塞;个;1600
TS00230-1;YX-CG200 PISTON-STD+(SENG SEGMENT)/YX-CG200套塞STD+镀锡(不配环）;100个/件;套塞;个;1800
TS00231;YX-CG200 PISTON-STD++ YX-CG200套塞STD++镀锡/63.5*1.0*2.5;100个/件;套塞;个;1600
TS00234;YX-ALOBA PISTON-STD+  /YX-ALOBA套塞-开窗式STD+镀锡/56.5*0.8*2.0;100套/件;套塞;个;1300
TS00235;YX-ALOBA PISTON-STD++ YX-ALOBA套塞-开窗式STD++镀锡/56.5*0.8*2.0;100套/件;套塞;套;1300
TS00236;YX-Z-ONE170 PISTON-STD+ YX-Z-ONE170套塞STD+;100个/件;套塞;个;1900
TS00237;YX-Z-ONE170 PISTON-STD++ YX-Z-ONE170套塞STD++;100个/件;套塞;个;1900
TS00241;"HC-CD110 PISTON-STD+ /52.4*1.0*2.0	 HC-CD110套塞STD+镀锡/52.4*1.0*2.0";100个/件;套塞;个;1000
TS00242;HC-CD110 PISTON-STD++ HC-CD110套塞STD++镀锡/52.4*1.0*2.0-8-10C;100个/件;套塞;个;1000
TS00243;HC-ALOBA PISTON-STD+ HC-ALOBA套塞-开窗式STD+镀锡/56.5*0.8*2.0;100个/件;套塞;个;1150
TS00244;"HC-ALOBA PISTON-STD++ 	 HC-ALOBA套塞-开窗式STD++镀锡/56.5*0.8*2.0/10-12C";100个/装;套塞;个;1150
TS00245;HC-CG150 PISTON-STD+ HC-CG150套塞STD+镀锡/62*1.2*2.5;100个/件;套塞;个;1250
TS00246;HC-CG150 PISTON-STD++ HC-CG150套塞STD++镀锡/62*1.2*2.5/8-10C;100套/件;套塞;套;1250
TS00247;YX-CG150 PISTON-STD+ YX-CG150套塞STD+镀锡/62*1.2*2.5/4-7C;100个/件;套塞;个;1350
TS00248;YX-CG150 PISTON-STD++ /YX-CG150套塞STD++镀锡/62*1.2*2.5/8-10C;100套/件;套塞;套;1350
TS00249;HJ125-8E-PISTON-STD+/YX-HJ125-8套塞STD+镀锡/56.5*1.0*1.5;100套/件;套塞;套;
TS00250;YX-HJ125-8 PISTON-STD++ YX-HJ125-8套塞STD++镀锡/56.5*1.0*1.5;100个/件;套塞;个;1500
TS00251;YX-GX160-PISTON(+0.25)YX-GX160活塞（+0.25）;100套/件;活塞环;套;1200
TS00255;SV-UH115S PISTON KIT STD+/ SV-UH115S套塞STD+;100个/件;套塞;个;2500
TS00256;SV-UH115S PISTON KIT STD++/SV-UH115S套塞STD++;100个/件;套塞;个;2500
TS00257;SV-DR190PISTON-STD+/SV-DR190套塞STD+/60*0.8*1.5-精装;100个/件;套塞;个;3500
TS00258;SV-DR190PISTON-STD++/SV-DR190套塞STD++/60*0.8*1.5-精装;100个/件;套塞;个;3500
TUS0002;TUS PRODUITS ORGNAL/TUS自补液 绿色  一等;24瓶/件;轮胎和内胎;只;750
TUS0004;TUS-PRODUIT/TUS-自补液-黑（小口/牛皮箱）二等;24只/件;轮胎和内胎;只;541
WINNER001;SV-WINNER-X-CYLINDRE-CPLT/SV-WINNER X套缸;12个/件;套缸;个;15000
WINNER002;SV-WINNER X线圈/SV-WINNER X BOBINE;40个/件;线圈;个;10000
WINNER003;SV-WINNER X TRANSMISSON -428-44T-15T-120L SV-WINNER X套链-428-44T-15T-120L;12套/件;套链;套;5500
WINNER004;SV-WINNER-DEMARREUR-SANS-SON/WINNER X马达;10/件;马达;个;9000
WINNER005;SV-WINNER-PATIN AVANT/WINNER X碟刹皮-前刹;100个/件;碟刹皮;个;1000
WINNER006;SV-WINNER-PATIN ARR/WINNER X后刹皮-后刹;100个/件;碟刹皮;个;1000
WINNER007;SV-WINNER-DISQUE D'EMBRAGAGE/WINNER X离合器片;100个/件;离合器片;个;3500
WINNER009;SV-WINNER-PT-CHAINE/WINNER X时规链-3*4*120;200个/件;链条;个;2500
WINNER014;SV-WINNER-SEGMENT+/WINNER单环STD+双PVD/57.3*0.8*1.5;1000个/件;活塞环;个;2000
WINNER015;SV-WINNER-SEGMENT++ /WINNER单环STD++双PVD/57.3*0.8*1.5;1000个/件;活塞环;个;2000
XCG0001;EV-ALOBA CAPOT-PT-PION  EV-ALOBA小齿盖-灰;50个/件;EV;个;1300
XCG0002;EV-CG125 CAPOT-PT-PION  EV-CG125小齿盖-银白;50个/件;EV;个;1100
XCG0005;ALOBA-COUVER CHAINE / ALOBA链盒;200个/件;小齿盖、链盒;个;500
XCG0006;X-1-COUVRE CHAINE/ X-1链盒;100个/件;小齿盖、链盒;个;500
XCG0009;"EV-SY125-8 CAPOT PT PION 	EV-SY125-8小齿盖-金色";50个/件;小齿盖、链盒;个;1500
XCG0014;GN125-COUVRE CHAINE /GN125链盒;100个/件;小齿盖、链盒;个;1500
XCG0015;YX-ALOBA-CAPOT-PT-PION /YX-ALOBA小齿盖-灰;50个/件;小齿盖、链盒;个;1100
XCG0016;YX-CG125-CAPOT PIT PION /CG小齿盖-银白;50个/件;小齿盖、链盒;个;1100
XCG0021;YX-SANYA-8-CAPOT PIT PION  /YX-SY125-8小齿盖-金色;50个/件;小齿盖、链盒;个;1500
XCG0030;CG125-COUVRE-CHAINE/ CG125链盒;20个/件;小齿盖、链盒;套;2000
XCG0033;KTM110-COUVRE-CHAINE KTM110链盒;125只/件;小齿盖、链盒;付;500
XQ00005;YX-CG125-BOBINE/CG125线圈-8级;40个/件;线圈;个;2500
XQ00006;EV-CG125-BOBINE/EV-CG125线圈-8级;40只/件;线圈;只;2600
XQ00007;YX-CG150-BOBINE-18 CG150线圈-18级;40个/件;线圈;个;3500
XQ00011;YX-CD110-BOBINE /CD110线圈-6级;40个/件;线圈;个;2300
XQ00012;EV-CD110-BOBINE/CD110线圈-6级;40个/件;线圈;个;2500
XQ00013;YX-AP150-20-BOBINE/YX-AP150-20线圈-11极;40个/件;线圈;个;3750
XQ00025;UFC-CD110-BOBINE/UFC-CD110线圈-6级;40个/件;线圈;个;2500
XQ00032;SV-CD110-BOBINE/SV-CD110线圈-6级;40个/件;线圈;个;3000
XQ00036;YX-NEO125 BOBINE YX-NEO125线圈;40只/件;线圈;只;4000
XQ00042;SV-HJ150-9-BOBINE/SV-HJ150-9线圈;40个/件;线圈;个;4500
XQ00044;HC-CG125-BOBINE/HC-CG125线圈-8级;40个/件;线圈;个;1750
XQ00045;HC-CD110-BOBINE/HC-CD110线圈-6级;40个/件;线圈;个;1650
XQ00046;SV-TVS180-BOBINE/SV-TVS180线圈;40个/件;线圈;个;8000
XQ00049;SV-DR190-BOBINE/SV-DR190线圈;40个/件;线圈;个;9000
XQ00054;YX-X-1 BOBINE(APSONIC MODEL)YX-X-1线圈-8级（AP款）;40个/件;线圈;个;2800
XSQ0001;GN125-ECHAPEMENT /GN125消声器-镀铬（SL);6只/件;消声器、空滤器;只;8000
XSQ0002;SY125-8-ECHAPEMENT/SY125-8消声器-镀铬带防烫板;6只/件;消声器、空滤器;只;9000
XSQ0005;ALOBA-ECHAPEMENT/ ALOBA消声器-黑色;6只/件;消声器、空滤器;只;8250
XSQ0006;X-1-ECHAPEMENT/ X-1消声器;4只/件;消声器、空滤器;只;9000
XSQ0011;HJ110-2 ECHAPEMENT 消声器;4个/件;消声器、空滤器;个;7500
XSQ0022;GN125-FILTRE AIR/ GN125空滤器总成;20个/件;消声器、空滤器;个;
XSQ0030;CD110-ECHAPPEMENT(POWER-K)/CD110消声器-镀铬;6根/件;消声器、空滤器;个;7500
XSQ0034;AP200-FILTRE AIR COMPLET/AP200空滤器总成;20个/件;消声器、空滤器;个;765
XSQ0036;AP200-ECHAPPEMENT/AP200消声器;4只/件;消声器、空滤器;只;7500
XSQ0041;AP150-20-ECHAPPEMENT/AP150-20消声器;4条/件;消声器、空滤器;只;6500
XSQ0042;AP175-ECHAPPEMENT/AP175消声器;4条/件;消声器、空滤器;个;7500
XSQ0047;X-1-ECHAPPEMENT(NOVO)/X-1消声器-改装款;5只/件;消声器、空滤器;只;16000
XSQ0055;SYGN125-ECHAPEMENT  /SY125-8消声器-镀铬带防烫板;4只/件;消声器、空滤器;只;9000
YB00005;YX-YBR125-COMPTEUR/YRB125仪表带档显;20只/件;仪表;只;8000
YB00006;YX-AP200-COMPTEUR /AP200仪表;20只/件;仪表;只;4500
YB00008;YX-GN125-COMPTEUR/YX-GN125仪表-塑料壳;20只/件;仪表;只;2750
YB00015;YX-GN125-NEMERIQUE /YX-GN125档显;100只/件;仪表;只;400
YB00020;YX-ALOBA-COMPTEUR/ ALOBA仪表;20只/件;仪表;只;4000
YB00028;YX-SY125-8-COMPTEUR/YX-SY125-8仪表-塑料壳;20只/件;仪表;只;5000
YB00030;YX-SY125-8-NUMERIQU/YX-SY125-8档显;100只/件;仪表;只;2300
YB00032;EV-AP200-COMPTEUR/EV-AP200仪表;20个/件;仪表;个;5000
YB00053;YX-AP150-20-COMPTEUR/ AP150-20仪表;20只/件;仪表;只;5500
YB00055;YX-AP175-COMPTEUR/ AP175仪表;20只/件;仪表;只;5500
YB00056;YX-SY125-10-COMPTEUR/SY125-10仪表;30只/件;仪表;只;4000
YB00057;YX-CG125-COMPTEUR(T5) /CG125仪表-T5档显;30只/件;仪表;只;2300
YB00059;YX-TVS180-COMPTEUR/YX-TVS180仪表;20个/件;仪表;个;18000
YB00061;ALOBA-COMPTEUR/M-ALOBA仪表-支架2.0厚;20只/件;仪表;只;
YB00062;GN-COMPTEUR/M-GN125仪表-塑料壳支架2.0厚;20只/件;仪表;只;
YB00074;YX-RY150ZK COMPTEUR YX-RY150ZK仪表;20个/件;仪表;个;5500
YB00075;YX-RY200ZH-4 COMPTEUR YX-RY200ZH-4仪表;20个/件;仪表;个;6000
YBR001;YBR125-CAPOT BATTERIE NOIR /YBR125侧盖-黑;20套/件;YBR配件;套;3500
YBR005;YX-YBR125-DEMARREUR/ YBR125马达-不带线;12只/件;YBR配件;只;5500
YBR007;YBR125-TENTEUR CYLINDRE/ YBR125涨紧器;100个/件;YBR配件;个;800
YBR011;YBR125-PROTEGE A MAIN EN PLASTIQUE NOIR/YBR125手护板-黑;100付/件;YBR配件;付;1000
YBR013;YBR125-COMPTEUR/ YBR125仪表-电转;20只/件;YBR配件;只;5000
YBR017;YRB125-SEGEMENT 0.25 /YBR125单环0.25;500付/件;YBR配件;付;550
YBR024;YBR125-PROTEGE A MAIN EN PLASTIQUE BLEU/YBR125手护板-蓝;100付/件;YBR配件;付;1000
YBR025;YBR125-PROTEGE A MAIN EN PLASTIQUE ROUGE/YBR125手护板-红;100付/件;YBR配件;付;1000
YBR030;YBR125-CARBULATEUR /YBR125化油器;30只/件;YBR配件;只;9308
YBR033;YX-YBR125 SERE BLOCK /YX-YBR125中轴套;100只/件;YBR配件;个;400
YBR034;YX-YBR125-MAYO ARR CPT/ YBR125后轮毂总成;8只/件;YBR配件;只;6000
YBR036;YBR125-GRADE BOUT AV BLEU(ANCIEN)/YBR125前泥板(老款)-蓝色;20个/件;YBR配件;个;3000
YBR037;YBR125-GARDE BOUE AV ROUGE NOV YBR125前泥板(新款)-红色;20只/件;YBR配件;只;3000
YBR040;YBR125-CHAINE 130L YBR125单链条-428-130L;25条/件;YBR配件;条;1600
YBR044;YBR125-GARDBOUT AV (ANCIEN)ROUGE /YBR125前泥板(老款)红色;20只/件;YBR配件;只;3000
YBR045;YBR125-GARDE BOUE AV NOVO BLEU /YBR125前泥板(新款)蓝色;20只/件;YBR配件;只;3000
YBR046;YBR125-GARDE BOUE AR /YBR125后泥板;20只/件;YBR配件;只;4000
YBR047;YBR125-GRADE BOUT AV NOIR(ANCIEN)/YBR125前泥板(老款)黑色;20只/件;YBR配件;只;3000
YBR058;YX-YBR125-DISQUE/ YBR125离合器片;100付/件;YBR配件;付;800
YBR059;YX-YBR125-LINTO SIMPLE/ YBR125单小鼓;50只/件;YBR配件;只;2000
YBR086;YX-YBR125-TRANSMISSION/YX-YBR125套链+螺丝-428-122L/45T/14T;12套/件;YBR配件;套;3750
YBR095;EV-YBR125-BIELLE/EV-YBR125连杆;50付/件;连杆;只;1958
YBR096;SV-YBR125-TRANSMISSON+ECROU  / SV-YBR125套链+螺丝-428-122L/45T/14T;12套/件;套链;套;4500
YBR098;YX-YBR125-ARBRE A CAME  /YBR125凸轮;100只/件;凸轮;只;1800
YBR099;YX-YBR125-AXE DE VITESSE/YBR125变档轴;100只/件;变档轴、变档杆;只;1500
YBR100;YBR125-FILTRE AIR SIMPLE/YBR125空滤器滤芯;50个/件;消声器、空滤器;个;1000
YBR103;YX-YBR125-CABLE EMBRAYAGE /YBR125离合线;100条/件;拉线  加力线;条;600
YBR104;YX-YBR125 CABLE-COMPTEUR / YX-YBR125里程线;100条件;主线束;条;500
YBR105;YX-YBR125-CABLE ACCELATEUR /YBR125油门线;100条/件;拉线  加力线;条;600
YBR107;YX-YBR125-AMORTISSEUR/  YX-YBR125后减震;10付/件;减震;付;6500
YBR108;YX-YBR125-CLE-CPT /YBR125套锁;50套/件;锁具;套;3500
YBR110;YX-YBR125-LEVIER DE VITESS/YBR125变档杆;100支/件;变档轴、变档杆;支;750
YBR111;YX-YBR125 INSTALLATION /YX-YBR125主线束;50条/件;主线束;条;3500
YBR112;YX-YBR125-CDI /YX-YBR125点火器;100只/件;电器件;只;3000
YBR113;YX-YBR125 CHARGEUR/ YX-YBR125整流器;100只/件;电器件;只;1500
YBR116;YX-YBR125-CLIGNOTANT/ YBR125转向灯;100只/件;灯具;只;450
YBR117;YX-YBR125-MANETTE+SUPORT/YBR125离合手柄+镜座;100只/件;手把开关;只;650
YBR119;YX-YBR125-POIGNET-CPLT/YBR125左右手把开关;50付/件;手把开关;付;2000
YBR120;SV-YBR125 DEMARREUR SANS FIL /SV-YBR125马达-带线;12只/件;马达;只;8000
YBR122;"SV-YBR125ARBRE A CAME 	 SV-YBR125凸轮";100个/件;凸轮;个;2500
YBR123;SV-YBR125-RETROVISEUR/SV-YBR125后视镜;50个/件;后视镜;个;1250
YBR124;SV-YBR125 PHARE/ SV-YBR125大灯;20只/件;灯具;只;4500
YBR125;SV-YBR125 MANETTE+SUPORT SV-YBR125离合手柄+镜座;100个/件;其他;个;1500
YBR126;SV-YBR125 MANETTE FREIN+SUPORT SV-YBR125前刹手柄+镜座;100个/件;其他;个;1500
YBR128;SV-YBR125-AXE DE LEVIER VITEESSE/SV-YBR125变档轴;50个/件;变档轴、变档杆;个;1500
YBR129;SV-YBR125 CDI SV-YBR125点火器（老款）;100个/件;电器件;个;4500
YBR130;SV-YBR125-COMPTEUR/SV-YBR125仪表;20个/件;仪表;个;8500
YBR132;SV-YBR125-BOBINE/SV-YBR125线圈;40个/件;线圈;个;5500
YBR134;SV-YBR125 AMORTISSEUR-AR /SV-YBR125后减震器;10付/件;减震;付;9000
YBR135;SV-YBR125 CABLE-EMBRAYAGE SV-YBR125离合线;100条/件;拉线  加力线;条;1500
YBR136;SV-YBR125 CABLE ACCELATEUR SV-YBR125油门线;100条/件;拉线  加力线;条;1000
YBR137;SV-YBR125PT-CHAINE-90L/SV-YBR125时规链-天剑2*3*90L;200付/件;链条;付;1500
YBR138;SV-YBR125-SOUPAPE /SV-YBR125气门;200个/件;气门;个;1500
YBR139;SV-YBR125-DISQUE / SV-YBR125离合器片;100付/件;离合器片;付;1800
YBR140;SV-YBR125-FERADO/SV-YBR125刹车蹄块;80付/件;刹车蹄块;付;1500
YBR141;SV-YBR125 CONTACTEUR SV-YBR125继电器;100个/件;电器件;个;1500
YBR142;SV-YBR125 CLE-CPT SV-YBR125套锁;50套/件;锁具;套;5000
YBR143;SV-YBR125 PISTON-STD+/SV-YBR125套塞STD+/54*1.0*2.0-精包;100个/件;套塞;个;2500
YBR144;SV-YBR125-PISTON-STD++/SV-YBR125套塞STD++/54*1.0*2.0-精包;100个/件;套塞;个;2500
YBR145;YX-YBR125-CLIGNOTANT(ANCIEN)/YX-YBR125转向灯-老款;180只/件;灯具;只;386
YBR146;YX-YBR125-CLIGNOTANT(NOVO)/YX-YBR125转向灯-新款;240只/件;灯具;只;500
YBR147;YBR125-CAPOT BATTERIE-(BLEU)/YBR125侧盖-蓝;10付/件;覆盖件;付;4500
YBR148;YBR125-CAPOT BATTERIE-(ROUGE)/YBR125侧盖-红;10付/件;覆盖件;付;4500
YBR149;"YX-YBR125 DISQUE-5片	 YX-YBR125离合器片-5片";100个/件;离合器片;个;750
YF00001;YX-CG125-JOINT SOUPAPE /CG125气门油封;5000付/件;油封;付;60
YF00003;YX-CD110-JOINT SOUPAPE /YX-CD110气门油封-LJ110;5000付/件;油封;付;50
YF00022;YX-CD110-JOINT ANTI FIRTE /CD110全车油封;500套/件;油封;套;250
YF00023;EV-CG125-JOINT ARRET HUIL CG125全车油封;500套/件;油封;套;211
YF00024;YX-CG125-JOINT ANTI FIRTE /CG125全车油封;500套/件;油封;套;275
YF00030;YX-GN125-JOINT FOURCHE /GN125前减震油封32*44*10.5;1000付/件;油封;付;150
YF00032;YX-ALOBA-JOINT FOURCHE ALOBA前减震油封30*44*10.5;1000付/件;油封;付;150
YF00034;YX-X-1-JOINT FOURCHE /YX-X-1前减震油封26*37*10.5;1000付/件;油封;付;150
YF00038;YX-AXE JOINT  YX-三轮车半轴油封;500个/件;三轮车铁件传动轴后桥;个;200
YX00001;ALOBA-RESERVOIR+CAPOT-NOIRE/ALOBA油箱+侧盖-黑-天虎太子;1个/件;油箱;个;16000
YX00002;ALOBA-RESERVOIR+CAPOT-ROUGE/ALOBA油箱+侧盖-红-天虎太子;1个/件;油箱;个;16000
YX00007;SY125-8-RESERVOIR-CAPOT-NOIRE/SY125-8油箱+侧盖-黑;1个/件;油箱;个;12500
YX00008;SY125-8-RESERVOIR-CAPOT-ROUGE/SY125-8油箱+侧盖-红;1个/件;油箱;个;12500
YX00015;YBR125-RESERVOIR-ROUGE/ YBR125油箱-红;1个/件;YBR配件;个;14500
YX00016;YBR125-RESERVOIR-NOIRE /YBR125油箱-黑;1个/件;YBR配件;个;14500
YX00017;YBR125-RESERVOIR-BLEU /YBR125油箱-蓝;1个/件;YBR配件;个;14500
YX00021;SY125-10-RESERVOIR+CAPOT-ROUGE/SY125-10油箱+侧盖-枣红;1个/件;油箱;个;12500
YX00022;SY125-10-RESERVOIR+CAPOT-NOIR/SY125-10油箱+侧盖-黑;1个/件;油箱;个;12000
YX00023;SY125-10-RESERVOIR+CAPOT-BLEU/SY125-10油箱+侧盖-蓝;1个/件;油箱;个;12000
YX00026;CG125 RESERVOIR+CAPOT ROUGE  CG125油箱+侧盖-红;1个/件;油箱;个;12000
YX00028;RESERVOIR+CAPOT NOIR CG125油箱+侧盖-黑;1个/件;油箱;个;12000
YX00055;HJ125-8-RESERVOIR+CAPOT NOIR/HJ125-8油箱+边盖-黑色;1套/件;HJ125-8;套;11000
YX00056;HJ125-8-RESERVOIR+CAPOT RB/ HJ125-8油箱+边盖-枣红色;1套/件;HJ125-8;套;11000
YX00058;FLECHE-RESERVOIR ORANGE/FLECHE油箱-橙色;1只/件;油箱;只;21000
YX00065;AP200-RESERVOIR TRELLIS/AP200油箱-军工绿;1个/件;油箱;个;17500
YX00067;AP150-20-RESERVOIR BLEU/AP150-20油箱-蓝;1个/件;油箱;个;15000
YX00069;AP175-RESERVOIR/ AP175油箱-青蓝色;1个/件;油箱;个;16500
YX00073;X-1-RESERVOIR /X-1油箱-新款;4个/件;油箱;个;4000
YX00074;POWEK RESERVOIR-POWEK/油箱-泰本田;4个/件;油箱;个;3500
YX00075;TVS180 RESERVOIR BLANCE /TVS180油箱-白色;1只/件;油箱;个;23000
YX00077;TVS180-RESERVOIR NOIRE/TVS180油箱-黑色;1个/件;油箱;个;23000
YX00078;AP150-20A-RESERVOIR/AP150-20A油箱;1个/件;油箱;个;15000
YX00079;AP150ZK-RESERVOIR油箱;1个/件;油箱;个;16000
ZC0001;整车/6*4牵引车;1部;整车;部;
ZC0002;整车/4桥自卸半挂车;1部;整车;部;
ZC0003;整车/8*4自卸车;1部;整车;部;
ZC0004;整车/6*4自卸车;1部;整车;部;
ZC0005;整车/虎V8吨闭箱;1部;整车;部;
ZC0006;整车/12吨洒水车;1部;整车;部;
ZC0007;整车/微卡标箱;1部;整车;部;
ZC0008;整车/四轴平板;1部;整车;部;
ZD00001;GN125-PEAU SELLE / GN125座垫皮;100个/件;座垫;个;750
ZD00008;ALOBA-SELLE COMPLET/ ALOBA座垫总成;4个/件;座垫;个;6500
ZD00009;GN125-SCELLE COMPLET/GN125座垫总成;8个/件;座垫;只;6500
ZD00019;GN125-PEAU DE SCELLE(ROUGE)/GN125座垫皮-红色;100个/件;座垫;个;721
ZD00031;GN125-PEAU SCELLE/GN125座垫皮-金丝毛款;100个/件;座垫;只;1100
ZD00035;X-1-SCELLE COMPLET/X-1座垫总成;6只/件;座垫;只;6600
ZD00040;YAMAHA-PEAU SCELLE /YAMAHA座垫皮-通用;100只/件;座垫;只;750
ZD00045;PO SCELLE/座垫套-黄色足球款拼图款;100只/件;座垫;只;982
ZD00050;CG125-PEAU SCELLE /CG125座垫皮;100只/件;座垫;只;800
ZD00058;POWERKA-SCELLE /POWEK泰本田座垫总成;6个/件;座垫;个;6500
ZD00059;CG125-SCELLE COMPLET/CG125座垫总成-塑料底板;6个/件;座垫;个;
ZD00067;AP150-20-SCELLE COMPLET/AP150-20座垫总成-LX款;10只/件;座垫;只;5000
ZD00069;X-1-PEAU SCELLE/座垫皮-中国梦通用款;200只/件;座垫;个;800
ZD00070;CG125-PO SCELLE /CG125座垫皮-HUIDA;100只/件;座垫;只;750
ZD00071;X-1-SCELLE COMPLET(CCDO)/X-1座垫总成-红边;6个/件;座垫;个;6500
ZD00073;PO SCELLE/ 座垫皮-迷彩花;200个/件;座垫;个;950
ZD00074;GN125-SCELLE COMPLET/GN125座垫总成;8个/件;座垫;只;6500
ZD0100;cadeau publicitaire/广告赠品;;广宣礼品办公用品;件;
ZXS0005;YX-RY150ZK-INSTALLATION YX-RY150ZK主线束;25条/件;主线束;条;4500
